1.320501685142517	0.4047147035598755	-0.7849873900413513	1.0256001949310303	-0.6314129829406738	-0.7740644216537476	-1.214206337928772	-0.25870954990386963	-0.5439462065696716	-0.8078773617744446	-0.548837423324585	-0.6612035036087036	-1.0334551334381104	1.769885778427124	0.8709713220596313	-0.22261974215507507	0.6266344785690308	-1.4218299388885498	0.2613423466682434	-0.941207766532898	-1.050432801246643	1.5102689266204834	-0.544404923915863	-0.3059144914150238	0.4559725522994995	-0.30083388090133667
-0.8371240496635437	-0.6525905132293701	-1.2281947135925293	-0.18855950236320496	-0.4109039604663849	-0.8061902523040771	-0.17081622779369354	0.007316290866583586	-0.1839442253112793	1.2909808158874512	-0.6951484680175781	1.0009790658950806	0.7759899497032166	-0.29681041836738586	0.7218490242958069	-0.9863501787185669	1.0081772804260254	0.19849568605422974	-0.22269906103610992	1.1080378293991089	-1.659429907798767	-1.6420621871948242	1.149031162261963	-0.09893728792667389	-0.8632346391677856	0.3124794065952301
1.5480929613113403	0.30923137068748474	2.097236394882202	0.18966323137283325	-1.1079021692276	0.6846261620521545	0.8285326361656189	0.08937554806470871	-0.6976917386054993	1.3747988939285278	-0.29812997579574585	2.509348154067993	-0.8965529799461365	0.05338408425450325	-1.424754023551941	0.5485901236534119	0.6824944615364075	-0.5531508326530457	-1.4636242389678955	-0.6236463785171509	-1.426472544670105	-0.9983301758766174	0.17719155550003052	-0.13890382647514343	-1.478280782699585	2.217282772064209
-0.7782195210456848	-1.237483263015747	-0.39288297295570374	0.8710240125656128	-0.2051706165075302	-1.215538501739502	-0.32104721665382385	0.8731368780136108	0.22451987862586975	0.33229514956474304	1.2717540264129639	-0.3915186822414398	-0.781136155128479	-1.066829800605774	-0.25452721118927	0.3019619286060333	-0.27306440472602844	0.3047010898590088	-0.08702622354030609	2.4907126426696777	0.25314605236053467	-0.49304714798927307	2.0811166763305664	0.10400979965925217	-0.6549502611160278	0.2539306879043579
0.6219546794891357	-0.9478337168693542	-0.057028066366910934	0.9225769639015198	0.3914596140384674	0.8839676380157471	0.7207157611846924	-1.2399003505706787	0.7371160387992859	-1.0903829336166382	-0.055690258741378784	0.4632410407066345	1.0514625310897827	-1.0783987045288086	-0.08528893440961838	0.8588134050369263	-2.0782761573791504	-1.6830735206604004	2.2724266052246094	-0.5878300666809082	-0.7845199108123779	-0.30432409048080444	-0.001984358998015523	-0.23789802193641663	0.9822497367858887	-0.24107587337493896
0.0628075897693634	1.683823585510254	-0.25486892461776733	2.0196306705474854	-0.28908011317253113	-1.1082624197006226	2.047511577606201	-1.8568899631500244	-0.19223131239414215	0.3379432260990143	-0.9377161264419556	1.1894540786743164	0.9450037479400635	-1.1570278406143188	-0.5797792673110962	0.28718554973602295	0.46486687660217285	-0.32902562618255615	-0.5946839451789856	-1.1701821088790894	0.05844542384147644	0.21148759126663208	0.6520572304725647	0.22466666996479034	0.9977297782897949	1.0444645881652832
-1.9195853471755981	-1.3554986715316772	-0.20584896206855774	1.105364441871643	1.152603030204773	-3.2989931106567383	1.1132798194885254	0.11508577316999435	0.9268166422843933	-1.9961470365524292	0.3702804744243622	1.1375598907470703	0.8332832455635071	0.5889071822166443	-0.15911726653575897	-0.4996553063392639	-0.05284324660897255	-0.3208409249782562	-0.16954192519187927	-0.5146148800849915	-0.15819157660007477	1.063023567199707	1.0069739818572998	0.5638543367385864	2.7423441410064697	-0.38669779896736145
-0.031112123280763626	-0.824148416519165	1.467324137687683	1.9809132814407349	-1.8870344161987305	-1.183964490890503	0.13402730226516724	0.22648082673549652	-0.9325583577156067	-0.707891047000885	0.7932331562042236	0.7320923805236816	0.7107670307159424	-0.47710540890693665	0.3941427767276764	-0.94019615650177	-1.358675479888916	-0.49703410267829895	-0.06812316179275513	-0.8998284339904785	1.5981414318084717	-0.46518948674201965	-0.0006444682949222624	-1.1248899698257446	0.8256549835205078	-0.5612935423851013
-1.3009388446807861	-1.0641461610794067	0.4878760278224945	0.10550318658351898	-0.4635741412639618	-0.11561156064271927	-0.5140522718429565	1.0461729764938354	0.3221548795700073	-0.9261353015899658	-0.18128912150859833	-0.1615372747182846	0.9811305999755859	0.9531510472297668	0.48394227027893066	0.3069123923778534	-0.12202681601047516	0.2752622663974762	-0.05617476999759674	-0.09135259687900543	0.35860082507133484	0.12378326058387756	1.0239331722259521	-2.106579065322876	0.45714113116264343	1.0119351148605347
-0.49538421630859375	-1.5219708681106567	0.04110468551516533	-0.8606236577033997	-0.03858974575996399	-0.12336073815822601	-0.1912035495042801	0.6100280284881592	0.417267769575119	-1.5749181509017944	2.9977731704711914	0.49401092529296875	-1.652191400527954	0.30242785811424255	1.1078166961669922	-0.4929285943508148	-0.5139167308807373	0.7087677717208862	1.9231200218200684	-0.7766116857528687	0.518383800983429	-0.2505583167076111	0.7176288962364197	0.891204297542572	0.7536755800247192	-0.6783808469772339
0.24799029529094696	0.5851587653160095	-1.3336070775985718	-0.38816797733306885	-1.0678861141204834	0.0860331803560257	0.8316836357116699	0.5909125804901123	1.4459810256958008	0.25473812222480774	-1.1720231771469116	-0.9032725095748901	-0.5797638297080994	0.32136809825897217	0.550156831741333	-0.46251004934310913	0.18149292469024658	-1.3111324310302734	1.8714921474456787	0.00806171353906393	-0.2289237529039383	-0.8466885089874268	-0.21649642288684845	1.7568325996398926	-1.0453836917877197	1.8927996158599854
0.7070426940917969	-0.44337037205696106	-1.4000588655471802	-1.3931775093078613	-0.716482937335968	0.3745337128639221	0.8893670439720154	0.49630576372146606	1.830675482749939	0.08304547518491745	0.5554760098457336	-0.10658010095357895	-0.1524108350276947	0.9079592227935791	-1.909955620765686	-0.4698830842971802	-0.8589116334915161	2.2570443153381348	-0.4090026617050171	2.074263572692871	0.7763758301734924	1.2656333446502686	-0.2839599549770355	0.5211676955223083	0.12406780570745468	-0.29086360335350037
-1.0858521461486816	-0.31497183442115784	3.027841091156006	-0.06275258213281631	1.3577148914337158	0.9483148455619812	0.7890763878822327	0.7389992475509644	-0.15818464756011963	0.7498067021369934	-0.356855571269989	-0.2082478404045105	-0.9514110088348389	1.3671300411224365	2.0011062622070312	-0.897467315196991	-0.1483510285615921	1.6292965412139893	-0.24325892329216003	-1.4473944902420044	-1.4978482723236084	-1.2732406854629517	-1.2989031076431274	0.2007703185081482	-0.3756827414035797	-0.5163849592208862
-0.9695126414299011	-0.6779264211654663	-0.3529241383075714	-0.6051579117774963	-0.24181312322616577	-0.9982937574386597	0.5691048502922058	-0.18199452757835388	-0.7641811370849609	0.9857274293899536	0.5349677801132202	-2.62321138381958	-1.1191500425338745	0.5590534210205078	-1.434634804725647	-0.069502092897892	-0.24822565913200378	0.5446327328681946	0.6386595368385315	-0.1308998018503189	1.2911255359649658	0.9022448062896729	-0.8126102089881897	-0.07812371104955673	-0.13739916682243347	-0.34843578934669495
-1.0358426570892334	-1.0078027248382568	0.6220073103904724	-1.3898221254348755	-0.8713639378547668	1.90651273727417	-0.4239586591720581	-0.2570365071296692	0.35413670539855957	-1.1648805141448975	2.4548070430755615	-1.4135613441467285	0.9738466143608093	0.6364160180091858	0.30450087785720825	1.1012275218963623	-0.963371217250824	0.5161728262901306	-0.7788144946098328	-1.3965535163879395	1.0419418811798096	0.8523814082145691	1.1195603609085083	0.9100790023803711	1.8108830451965332	0.934425413608551
0.901069700717926	-0.2529132068157196	-0.7715001702308655	-1.1222294569015503	-0.9671651124954224	1.6994068622589111	-0.22462570667266846	-1.3573133945465088	1.5569908618927002	-0.42981618642807007	0.2821810841560364	-0.3702303171157837	-0.7884472012519836	0.7856072187423706	-0.43741145730018616	0.8973860740661621	-1.3203754425048828	-0.32314425706863403	1.0052605867385864	1.2384617328643799	0.3136633336544037	-1.0228744745254517	0.07045511901378632	0.8814666271209717	-0.7874948978424072	0.0965854749083519
-0.5930352807044983	1.210556149482727	0.9704607725143433	0.1574641764163971	-1.744286298751831	-0.1016094759106636	-1.8424679040908813	1.377994418144226	-1.5380253791809082	1.3429512977600098	-0.17825612425804138	0.7890039086341858	0.16190549731254578	-1.6372191905975342	-1.6583881378173828	0.11983711272478104	-1.230977177619934	0.4164668917655945	1.2809628248214722	-0.5665043592453003	0.40305113792419434	-0.27678182721138	0.2783125042915344	-1.637363076210022	1.2223405838012695	-1.6203582286834717
-1.0421947240829468	-0.3404836356639862	0.7200437784194946	0.411006897687912	0.6754273772239685	-0.8189027309417725	0.6946069002151489	-0.5522365570068359	-0.04776085540652275	-1.0612614154815674	0.8409212827682495	-0.22904695570468903	0.8984396457672119	-1.1208558082580566	0.18977642059326172	0.6361306309700012	-0.6754363179206848	0.6719771027565002	-1.8507474660873413	1.9093769788742065	1.3883107900619507	0.6495664715766907	0.705878496170044	-0.13820426166057587	-0.22735098004341125	0.3467975854873657
1.056251049041748	-0.316873699426651	1.2004212141036987	-0.8304235935211182	-0.971996545791626	-0.23989208042621613	-0.6291598081588745	-1.222515344619751	-0.22955739498138428	2.0819480419158936	0.6044086813926697	-0.5642120242118835	1.2613555192947388	-0.9497189521789551	0.9568594694137573	-1.6174373626708984	1.1546378135681152	1.4184507131576538	0.7148353457450867	0.6136412620544434	0.36014530062675476	2.335998773574829	-0.04029323160648346	0.7953656911849976	-0.2364409863948822	0.7580789923667908
-1.438584566116333	-1.3750958442687988	-1.5222190618515015	1.7592726945877075	-1.013006567955017	-0.40839630365371704	-0.6407153606414795	0.37553057074546814	-0.8817555904388428	0.7916269898414612	1.4294497966766357	0.3711615204811096	0.2617214620113373	0.032417066395282745	-0.6450503468513489	-1.759133219718933	-1.9137256145477295	-1.6196181774139404	1.3661423921585083	0.8301966786384583	-2.361311674118042	0.997362494468689	1.583828091621399	0.4356802701950073	-0.4820404350757599	1.5406804084777832
1.870345950126648	0.13339489698410034	0.642626941204071	1.8216495513916016	-0.2285974770784378	-0.8693922758102417	1.8732138872146606	0.08849160373210907	-0.6861011385917664	-0.061619680374860764	0.23352175951004028	0.9364876747131348	0.9368714094161987	0.4775305688381195	0.5796960592269897	-0.5560241937637329	0.27776163816452026	1.6351814270019531	-0.040287621319293976	0.013033528812229633	-0.6115885972976685	-2.011894702911377	-0.6038764119148254	0.9841489791870117	0.8670966625213623	-0.7595219612121582
1.7143410444259644	-0.6849287152290344	-1.6067448854446411	-0.6716969013214111	-0.5248446464538574	-1.4507910013198853	1.367163062095642	-1.072025179862976	-1.4935208559036255	1.421818733215332	1.785692811012268	1.0768063068389893	-1.9410946369171143	0.5361202955245972	0.2746197283267975	0.9194968342781067	0.1437164843082428	0.5453836917877197	0.15180784463882446	-1.1230885982513428	0.4180279076099396	0.20579856634140015	0.1026938408613205	0.4128836393356323	-0.582980215549469	-0.5091234445571899
0.3079385459423065	0.007997214794158936	1.0397725105285645	-0.4323844015598297	-2.3316144943237305	-0.046254247426986694	-0.3043517768383026	-1.748036503791809	0.9325717687606812	0.687865674495697	0.6719760894775391	0.9518246650695801	-0.2836017906665802	-0.4290164113044739	0.47700804471969604	-0.4333707094192505	-0.5757001638412476	-0.4523448348045349	0.6841645240783691	0.41131213307380676	1.4048153162002563	0.8442100882530212	0.8271421194076538	-1.057169795036316	2.4661951065063477	-1.3084681034088135
1.9089785814285278	-0.9986491203308105	-0.45297732949256897	0.520565927028656	-0.787293553352356	0.053900353610515594	0.0882280245423317	1.634174108505249	-1.4563668966293335	0.05882544443011284	-0.5376955270767212	0.06713537871837616	1.1704614162445068	-0.26839348673820496	-0.1281815469264984	0.0915960818529129	0.8367097973823547	0.061705950647592545	1.264119029045105	-2.323171615600586	0.4613041877746582	-0.6469434499740601	0.874328076839447	1.0357317924499512	1.7997220754623413	0.568411648273468
0.2776055634021759	0.5990027785301208	-0.9145135879516602	0.10284215956926346	0.4389162063598633	-0.9316688179969788	0.7383138537406921	-0.21269069612026215	0.33060795068740845	0.7613269090652466	0.7851985692977905	-0.08769755065441132	-0.33634844422340393	-0.2311953455209732	0.3345549404621124	-0.616644561290741	-0.7824594974517822	2.6038668155670166	-1.137972354888916	0.6228209137916565	0.2765699625015259	0.418928325176239	-0.4663691222667694	-1.0090633630752563	0.9007781147956848	0.24848097562789917
1.4878443479537964	-1.502380132675171	0.7834513783454895	-0.9572940468788147	-0.5735757350921631	0.5163868069648743	-1.3981772661209106	0.17865237593650818	-0.9614415168762207	0.05059647932648659	0.5847423076629639	0.29236507415771484	-0.02219865471124649	-2.1810059547424316	-0.3226952850818634	0.20447911322116852	-0.6354691982269287	-0.3816600441932678	0.8487368822097778	0.4371871054172516	1.1542556285858154	-0.5952184796333313	-0.24725142121315002	1.034708023071289	-0.30424314737319946	0.16648833453655243
-1.0810328722000122	0.644938051700592	0.5468727350234985	-0.41557732224464417	0.5681751370429993	1.1927601099014282	0.7782168388366699	1.227890968322754	0.6949908137321472	0.3273235559463501	-0.31825560331344604	0.19608740508556366	-0.7661038637161255	0.6556769609451294	1.1805616617202759	0.2695138156414032	0.002979292767122388	1.271992802619934	1.586189866065979	-0.30630069971084595	-1.2902182340621948	-0.7305328845977783	0.2085663229227066	1.7182697057724	-1.7603882551193237	-1.5019478797912598
1.3540053367614746	-1.046536922454834	-0.07620543986558914	0.39897575974464417	0.08397986739873886	1.6704974174499512	-0.7858566045761108	0.9963935613632202	0.038903187960386276	0.400545597076416	-1.651257872581482	-0.9952518939971924	0.1072055995464325	-0.5028483271598816	0.6754007339477539	0.29468652606010437	2.0288867950439453	0.012066644616425037	0.08772898465394974	-0.3077096939086914	-0.7366148233413696	0.35902026295661926	-0.0063255405984818935	1.0914286375045776	-0.3841511905193329	1.589422583580017
-1.9038938283920288	0.509265124797821	0.5735912322998047	1.0515165328979492	1.5974334478378296	2.4000766277313232	0.2903161346912384	1.581173062324524	0.9462779760360718	-1.555329442024231	0.8548688292503357	-0.6696177124977112	-1.711854100227356	1.1218609809875488	-0.44335758686065674	0.4991648197174072	1.7125674486160278	-0.32362136244773865	-0.2622215747833252	-1.0172420740127563	-1.5538281202316284	-0.10206208378076553	-1.2168388366699219	-0.04287654906511307	2.338538408279419	0.9418187141418457
1.000736951828003	-1.5975303649902344	0.7434094548225403	0.14457520842552185	0.46200495958328247	-0.07473824918270111	-0.4238929748535156	-0.3562716245651245	-1.0148680210113525	-0.3020261824131012	1.4925041198730469	1.1665153503417969	0.25408658385276794	-0.16318678855895996	0.341268926858902	0.7383140325546265	1.2249449491500854	-0.216352179646492	0.7959558367729187	0.26155880093574524	0.6314685940742493	-0.9429705142974854	0.9150513410568237	0.2963653802871704	-0.17546316981315613	-1.3936823606491089
-0.28510305285453796	0.23762056231498718	-0.7501538991928101	0.03931742534041405	2.2109005451202393	1.6364073753356934	1.3202455043792725	-0.82831209897995	-0.30904069542884827	-0.941646158695221	-0.26437562704086304	0.8219269514083862	-0.44605836272239685	1.1654785871505737	1.3045618534088135	1.1360989809036255	-1.3413535356521606	0.6725491881370544	1.3016424179077148	-0.061001215130090714	-0.4910447895526886	-1.3901478052139282	0.22479458153247833	2.5642292499542236	-0.6478081345558167	0.3526466488838196
0.5897940397262573	0.7737767696380615	-0.5876885056495667	0.5963999629020691	1.0898007154464722	0.8748123049736023	0.3106614947319031	-0.8249139785766602	-1.352636456489563	-1.1311969757080078	1.1762840747833252	0.5079618692398071	-0.08234953135251999	-1.1626073122024536	0.9231744408607483	0.040379658341407776	-0.3924252688884735	1.5942938327789307	0.6213108897209167	-0.1155608594417572	-1.907818078994751	0.8363610506057739	0.13429102301597595	1.2558530569076538	-0.5816135406494141	-0.24451033771038055
-3.2383692264556885	0.5009352564811707	-0.5527035593986511	0.2519124150276184	-0.5605170726776123	0.14424099028110504	-0.2874666154384613	-0.4541524648666382	-1.2693322896957397	1.044409990310669	-0.6987890005111694	-0.4476442337036133	1.7152256965637207	-1.0906429290771484	0.7668532133102417	0.6252768039703369	0.2181224375963211	-0.19637571275234222	-0.32523873448371887	-0.038540665060281754	0.5395084023475647	0.0018358766101300716	0.2709561884403229	1.3908671140670776	0.8560765981674194	-1.042790174484253
-0.9733393788337708	-1.3279868364334106	-0.2145802080631256	0.2220734804868698	0.07293958216905594	-0.6021578311920166	-1.2592952251434326	-0.5788700580596924	0.5639361143112183	-0.43459969758987427	0.31861239671707153	-0.8772635459899902	-0.8688762784004211	-0.29340383410453796	-0.04720204323530197	0.5700281262397766	-0.26947247982025146	0.2781883180141449	1.0747649669647217	1.0038213729858398	-0.25121742486953735	0.41916990280151367	0.6976027488708496	0.4000617265701294	1.1369264125823975	-1.192130446434021
0.8027015328407288	-0.2741502523422241	0.5438277721405029	0.25639617443084717	-0.4282788932323456	0.002933623269200325	-0.2908693552017212	-1.6376022100448608	1.466007113456726	-0.11323820054531097	-1.2607225179672241	1.4950032234191895	-1.1783010959625244	0.14292927086353302	-0.48949089646339417	0.3746795952320099	-0.20721904933452606	1.3435124158859253	0.923951268196106	0.9923415184020996	0.12072674930095673	0.7597227096557617	0.781367838382721	0.26943856477737427	-0.1277051866054535	0.5430122017860413
0.7470717430114746	-0.36420658230781555	-0.10263103991746902	1.1146959066390991	0.1703641563653946	-1.9473354816436768	0.6538234353065491	0.9934720993041992	1.1772507429122925	0.26074138283729553	0.5384800434112549	1.280643343925476	-0.7521881461143494	-0.39440885186195374	-1.0696498155593872	-0.2238195687532425	-0.9585163593292236	0.26388105750083923	-0.7925921678543091	-1.6296555995941162	-1.327967882156372	1.0785129070281982	-0.8337137699127197	1.336572527885437	-0.05025002360343933	-0.009136268869042397
-0.14935700595378876	0.4652700424194336	-1.4138600826263428	2.343116044998169	-1.276025414466858	-0.030620593577623367	0.5151873230934143	-0.21604213118553162	-1.808638334274292	-0.545024573802948	-0.21707430481910706	0.8636605143547058	-0.40063774585723877	1.031984806060791	-0.42183616757392883	-2.1785812377929688	0.4575362801551819	0.8020731210708618	-1.5828579664230347	-0.7115584015846252	0.8074918389320374	-0.36380892992019653	0.13241930305957794	0.572968065738678	0.9540873765945435	1.7478793859481812
1.3012181520462036	0.661171019077301	0.8803392052650452	-0.5975578427314758	-1.449963927268982	0.6912934184074402	-1.077255129814148	-1.062451720237732	0.16221317648887634	1.428534984588623	0.08800730854272842	0.4616732597351074	-1.5062148571014404	1.746155023574829	-0.570522665977478	-1.881944179534912	-1.1055657863616943	0.9128250479698181	0.46311044692993164	-0.05186966061592102	-1.1450903415679932	0.8462526202201843	-0.16354840993881226	1.2556835412979126	0.6208128929138184	1.370492935180664
0.7969337105751038	0.6007617115974426	1.5408365726470947	-0.6554653644561768	1.0289472341537476	-1.2161800861358643	-0.04095456749200821	-0.9133655428886414	1.0885138511657715	-0.12697498500347137	-0.3000049889087677	0.2003510445356369	0.0018312912434339523	0.5389780402183533	0.02947450615465641	-1.398861050605774	-1.2136266231536865	0.5307191014289856	-1.1660586595535278	0.9055109620094299	-0.20640143752098083	-0.20121262967586517	0.3326295018196106	-0.6859314441680908	0.6049231290817261	1.5668411254882812
1.1772180795669556	1.0272445678710938	1.2609672546386719	1.1666046380996704	-0.16712906956672668	-0.2595284581184387	0.6090488433837891	-1.13246750831604	-0.21653063595294952	0.6245516538619995	0.8429796099662781	-0.19803404808044434	0.1374070793390274	-0.1728043109178543	-0.9551786184310913	-0.5616164207458496	-0.18659941852092743	-0.4539569318294525	1.6109360456466675	1.5354775190353394	0.9578701257705688	-0.13443510234355927	0.85203617811203	0.9106139540672302	-0.39902836084365845	0.6147323846817017
-0.0906110480427742	-1.0749733448028564	-1.230481743812561	0.48234111070632935	0.0738581046462059	1.0865148305892944	0.5515226125717163	-0.037523601204156876	0.8992409706115723	-2.0345520973205566	1.1947418451309204	0.8952440619468689	0.4463474750518799	1.8650789260864258	0.46688583493232727	0.4293017089366913	0.1477344036102295	0.21464483439922333	0.3729681670665741	0.0518965907394886	-1.6790771484375	0.7817121148109436	-1.0295007228851318	-0.1269693672657013	0.8476849794387817	-1.253581166267395
0.5982118248939514	0.35559770464897156	-0.290853351354599	-0.3760405480861664	-0.56209796667099	-0.9569072723388672	1.339502215385437	-1.4256514310836792	0.3399941623210907	-0.32167303562164307	-1.1413242816925049	1.3667550086975098	-1.0843538045883179	-1.1024668216705322	-0.6871680021286011	-0.5604972839355469	-0.4039611518383026	-0.6314864158630371	-0.5206819176673889	-0.8717771172523499	0.13873258233070374	1.0369068384170532	0.39815908670425415	0.08872204273939133	1.685088872909546	1.0508226156234741
0.14314942061901093	-0.16627570986747742	0.5120158195495605	-1.6420656442642212	0.9637961983680725	-1.0363683700561523	-0.16081957519054413	0.6570049524307251	1.962191104888916	-0.9116701483726501	0.0734792947769165	1.1658716201782227	-2.4292495250701904	0.268940269947052	0.6146146655082703	-0.4047749638557434	0.09160598367452621	0.6032626032829285	0.42501869797706604	-0.39687350392341614	0.7162611484527588	0.36540693044662476	-1.2634714841842651	-0.3204275965690613	-0.41322430968284607	-1.0956517457962036
-0.14501777291297913	0.10758160054683685	0.23835144937038422	-0.1708395928144455	1.499379277229309	0.8356837630271912	-1.7699940204620361	1.390899419784546	0.12485338002443314	-0.48662635684013367	0.20172640681266785	0.8347638845443726	0.25814300775527954	0.41429203748703003	1.5016032457351685	1.7530555725097656	1.5882283449172974	-1.0270127058029175	1.587407112121582	-0.7509087920188904	-0.20910121500492096	-0.11294091492891312	-1.7295910120010376	-0.7643681764602661	1.7245936393737793	0.6721017956733704
0.0911383256316185	-0.943866491317749	-0.04241405054926872	-0.048991043120622635	0.9264199137687683	0.06326078623533249	-0.25961410999298096	0.6177678108215332	-1.097249984741211	1.1267982721328735	-0.23183631896972656	-1.332669734954834	0.0698639303445816	0.42675986886024475	-0.7184634208679199	0.44601231813430786	0.2920486629009247	-0.3625866174697876	-2.1693525314331055	0.8571004271507263	-1.1661344766616821	-0.9228396415710449	0.5887981057167053	-0.1349426954984665	-1.3362849950790405	-1.584968090057373
-2.0897393226623535	-0.6929139494895935	0.6177477836608887	0.28205588459968567	0.11914608627557755	0.6663503050804138	0.933131217956543	1.5673733949661255	-1.070847749710083	-1.6719850301742554	1.4444857835769653	-0.6815486550331116	0.5419440269470215	0.9137588143348694	-0.19190672039985657	0.7337151169776917	-0.4626569449901581	-0.1993732452392578	1.4996275901794434	0.03005305863916874	-0.3022894263267517	-0.19534368813037872	0.2620551884174347	1.6586421728134155	-0.674470841884613	1.8767143487930298
0.17158639430999756	-1.4693219661712646	0.9664814472198486	-1.1267157793045044	0.5322679877281189	0.19204048812389374	1.3136992454528809	1.1716125011444092	-0.0754602700471878	-0.5027157664299011	-0.41606876254081726	-0.5496160984039307	-0.14767560362815857	0.43601641058921814	-0.22674477100372314	0.35848742723464966	-0.3334384560585022	0.08098827302455902	-0.5602057576179504	-0.06862371414899826	2.6207168102264404	0.7457925081253052	0.5618060827255249	-1.178528904914856	-0.320297509431839	-1.519715666770935
0.5765559673309326	-0.18577705323696136	-0.14541283249855042	0.44230160117149353	0.9507604837417603	-0.5144922137260437	-1.625690221786499	0.5874738097190857	-1.3193960189819336	-0.34766334295272827	1.4792675971984863	0.05353456735610962	-0.4948270320892334	-0.5016093254089355	1.197162389755249	1.1846122741699219	2.9154529571533203	-0.8636041283607483	-0.09713876247406006	0.14416472613811493	0.8400171399116516	-0.04105255752801895	-0.9116230607032776	-0.14526720345020294	-0.300200492143631	-0.17590004205703735
1.5194458961486816	0.04588352516293526	-1.6233583688735962	-0.9647603631019592	-1.397262692451477	-1.723857045173645	1.350537657737732	-1.9329633712768555	0.25238290429115295	-0.9680588841438293	0.4725176990032196	0.823003351688385	-0.43905070424079895	-0.9557192325592041	1.672593355178833	0.29570382833480835	-1.6676465272903442	0.4375443160533905	0.2691318690776825	-0.462494432926178	1.4212967157363892	0.16178520023822784	0.049376390874385834	-1.5221900939941406	-0.5018926858901978	-0.37058213353157043
-0.1699787676334381	0.24642345309257507	0.47307518124580383	-0.8097129464149475	2.662083625793457	0.5573030710220337	1.1096371412277222	-0.8112910985946655	-0.8228260278701782	-0.010216078720986843	2.4361376762390137	-1.52590811252594	-0.06211385130882263	-0.5750716328620911	-0.17677754163742065	-0.4102354943752289	0.2753283977508545	1.0394104719161987	-1.1396907567977905	0.4427700638771057	0.40246251225471497	0.9668809175491333	-0.985048234462738	0.8373714685440063	-0.882529079914093	0.1916608363389969
0.1024874597787857	1.3676196336746216	0.2289588898420334	-0.5370864868164062	-1.0733598470687866	-0.5321455001831055	-0.3329695463180542	-0.16453580558300018	-0.9820877909660339	-0.9353525042533875	-0.5212043523788452	-1.5959751605987549	-0.36531612277030945	-0.9851582646369934	0.8393297791481018	0.4813462197780609	-0.4401342272758484	0.7709841132164001	-0.9314653873443604	0.337429016828537	-0.8246148824691772	-0.7165253162384033	2.561882495880127	-0.530922532081604	1.0491060018539429	-1.48517906665802
0.894443929195404	1.216737151145935	-0.9711290597915649	-0.41531288623809814	-0.6600905060768127	0.01800559088587761	-1.2058435678482056	0.5596933364868164	1.5682909488677979	0.7728244662284851	0.7016187310218811	0.41672518849372864	-0.17716988921165466	1.0655330419540405	-1.4498486518859863	-0.1755005270242691	-0.17143087089061737	-0.07499446719884872	0.9566986560821533	-1.0730810165405273	-0.008264708332717419	-2.4687533378601074	1.2289245128631592	-0.8365215063095093	-0.13146544992923737	0.37944260239601135
1.1763540506362915	0.7267209887504578	-0.2067611664533615	0.9227731823921204	-0.8575243353843689	-2.4345178604125977	0.8321653604507446	-0.3902384340763092	-0.15494726598262787	0.7760531902313232	-0.22391587495803833	-0.594074010848999	-0.06213606894016266	-0.4636074900627136	-1.5278382301330566	1.2216424942016602	-0.6790180802345276	0.04859504476189613	-0.6755439639091492	0.47162437438964844	-1.2025517225265503	-0.11864212155342102	0.9069119691848755	-0.6823374629020691	0.5077989101409912	-1.801267147064209
-0.2731609344482422	-1.9669395685195923	-0.2556377053260803	-0.41334980726242065	-1.1951346397399902	1.332550287246704	-0.08442938327789307	0.23924162983894348	-1.1485962867736816	1.373352289199829	-0.6153295040130615	-0.6495461463928223	-0.1343899518251419	-0.30950090289115906	-0.3911393880844116	-0.7729918956756592	1.9357432126998901	1.000767707824707	0.47970840334892273	-1.0924986600875854	-0.23807331919670105	0.11059623956680298	2.003682851791382	-0.9272592067718506	-1.346092700958252	-0.7033368945121765
1.713604211807251	-2.038273572921753	2.004432439804077	0.4304715692996979	-0.655900239944458	-0.4589889943599701	-0.6773747801780701	-0.08715712279081345	-0.6945204734802246	2.332205295562744	1.1750408411026	0.6748762130737305	0.39658382534980774	0.2689303457736969	1.241937518119812	0.9864940047264099	-0.8032903671264648	-0.5339300632476807	0.2785881459712982	-1.3066898584365845	-0.35614100098609924	-0.7387102246284485	0.7242674827575684	0.21697507798671722	-1.4581252336502075	0.5086373686790466
0.12428193539381027	1.6374664306640625	-0.7794363498687744	-0.045275866985321045	0.809512197971344	1.1536765098571777	-0.5306482911109924	1.1345155239105225	-1.750127911567688	-1.091227412223816	0.7334774732589722	0.8353777527809143	0.6607608795166016	-0.31976228952407837	-0.3103910982608795	0.3393997848033905	-1.3491473197937012	-0.4913369119167328	-0.4802391827106476	-1.5280627012252808	0.8408830761909485	0.4867084324359894	-0.9419166445732117	0.06222907081246376	0.9936676621437073	0.0189561415463686
-1.071395993232727	0.14062604308128357	-0.3754405081272125	-0.5110099911689758	-0.8412343263626099	-0.3775322735309601	-1.2954264879226685	1.117086410522461	-1.5387042760849	-0.7586633563041687	-0.23057691752910614	0.3486906588077545	-0.6507925391197205	-0.9259381890296936	-0.3772623836994171	-0.28481876850128174	-1.5921518802642822	0.9149364829063416	-0.616961658000946	1.7228107452392578	0.8548043966293335	-0.9483246803283691	2.0420339107513428	-0.01802121475338936	0.507045328617096	0.3276086151599884
-0.03641485050320625	0.9207930564880371	0.8839185237884521	-0.03395092859864235	-0.7450649738311768	1.1570194959640503	0.555548906326294	-1.160677433013916	0.09334797412157059	-1.5307681560516357	0.9341638088226318	1.615041971206665	0.35628145933151245	0.7143051028251648	-0.10048208385705948	-0.2545199990272522	0.15749934315681458	0.02494039200246334	0.5519062280654907	-2.158252239227295	0.5678520798683167	-2.690800428390503	0.48573538661003113	0.2677857279777527	-0.7939949035644531	-0.9801745414733887
-0.9744640588760376	1.430471658706665	-0.3890485167503357	-0.27408719062805176	-1.8296574354171753	-0.8839463591575623	-0.4900810718536377	0.1721494495868683	-0.6154906153678894	1.4654886722564697	0.19578182697296143	-0.8253685235977173	0.534792959690094	0.23864275217056274	1.2801169157028198	-1.0163909196853638	-2.172075033187866	-1.057352066040039	1.908073902130127	-0.005615537520498037	1.752072811126709	-1.2226725816726685	0.47160887718200684	-1.8325977325439453	-0.6740717887878418	-0.7703101634979248
0.875374436378479	-0.3331579267978668	0.5587824583053589	-0.8366163372993469	-1.5959147214889526	-0.6262432336807251	-0.8198891878128052	-0.6438502073287964	-1.1512577533721924	0.14364221692085266	-0.10040555894374847	-0.2740768790245056	0.8126285076141357	-0.06362906098365784	-0.024565812200307846	0.2352391481399536	0.8203157782554626	0.5441563129425049	-0.45622968673706055	0.22462278604507446	-0.3938896059989929	1.5700169801712036	-0.7107207179069519	-0.17707213759422302	0.8007858991622925	-0.4764147400856018
0.21546690165996552	0.9335111975669861	-1.051091194152832	0.3022276759147644	-0.8229396343231201	1.0233920812606812	0.6049094200134277	0.2803565561771393	0.8076646327972412	1.0244483947753906	-0.7354871034622192	-1.6874496936798096	-0.6472931504249573	-0.750524640083313	1.290488362312317	-1.4990626573562622	-0.34964174032211304	-0.3337576985359192	-0.8170492649078369	-1.0412156581878662	0.39690306782722473	-0.7031914591789246	-0.11744832992553711	1.2445765733718872	0.06984923034906387	-1.590570092201233
-0.06422454863786697	-0.3034111559391022	-0.5708560347557068	-1.2913492918014526	0.6627484560012817	0.5434922575950623	0.7560902833938599	0.4694225788116455	1.0436828136444092	-0.2883930206298828	-0.450893759727478	-0.11838839203119278	0.8552643656730652	1.1377400159835815	1.084241271018982	-0.42312201857566833	0.42772096395492554	1.0685425996780396	-2.066227912902832	0.33227163553237915	-0.5293974876403809	0.7444073557853699	-1.0624117851257324	0.6802570223808289	0.09902580827474594	-0.4164610803127289
-1.7855870723724365	-0.543863832950592	0.913034200668335	-1.604554295539856	1.2116150856018066	-0.5133678317070007	-0.17346835136413574	-0.9260976314544678	-0.27114245295524597	0.0981605052947998	-0.515305757522583	1.3347244262695312	0.36876681447029114	0.5271655321121216	0.4731919765472412	0.7544689774513245	-1.139472246170044	-1.5118367671966553	-1.5593899488449097	-0.49825429916381836	-1.6469286680221558	-0.5117776393890381	1.2526847124099731	-0.6103526949882507	0.7177905440330505	-0.06799156218767166
0.9804458618164062	-0.5038488507270813	1.9723368883132935	0.6126710176467896	-0.30918335914611816	-1.7371139526367188	0.4037955403327942	-0.9957533478736877	-0.0692136138677597	0.37121930718421936	-1.2806085348129272	-0.08995142579078674	0.042384784668684006	-0.08810935914516449	2.0528295040130615	-0.9865102171897888	-0.8215689063072205	1.0880358219146729	0.6014495491981506	-0.321977823972702	-1.821045994758606	-0.15327513217926025	-1.076675534248352	2.7596070766448975	0.181773379445076	0.5125235915184021
-0.9067070484161377	-1.6843204498291016	-0.5914880037307739	1.2155181169509888	1.119516134262085	0.2606780230998993	-0.41415533423423767	-1.473096489906311	0.1324886828660965	-0.5081403255462646	0.8420695066452026	-0.04518377035856247	0.2763286530971527	-1.5318138599395752	-0.47126340866088867	1.121789574623108	0.269329696893692	1.0848232507705688	-0.37518176436424255	-0.584540069103241	-0.25865083932876587	0.8884005546569824	-0.13787215948104858	0.5240137577056885	-1.647748351097107	-0.16909128427505493
0.6636409163475037	-0.7275208234786987	1.46040678024292	-0.1315615475177765	0.8722292184829712	-0.5009280443191528	-2.2646095752716064	-1.356270670890808	0.2793174982070923	0.9064634442329407	0.3364923894405365	0.11114794760942459	0.7107212543487549	0.892118513584137	0.5509771704673767	-0.23738808929920197	-1.0051939487457275	-0.913183331489563	-1.8080637454986572	0.7057591676712036	0.42029714584350586	-0.7007274627685547	1.7895760536193848	-0.26014772057533264	1.0876513719558716	0.7869560718536377
-0.27096307277679443	-1.462050199508667	-1.2116655111312866	-1.1106210947036743	1.5215059518814087	1.2145564556121826	-1.6223654747009277	-0.6707725524902344	-0.7852169871330261	-0.44029128551483154	-0.6387398838996887	-0.7677953243255615	0.4853920638561249	-1.5655916929244995	-0.8374424576759338	-0.306368350982666	-0.8958389163017273	-2.2388522624969482	-0.8023949861526489	0.6962283253669739	-2.087014675140381	0.2182329297065735	0.14675508439540863	0.42519792914390564	0.04500315338373184	0.2697615921497345
-1.582763910293579	-1.6020737886428833	0.21075643599033356	0.960125207901001	0.3508915305137634	0.7122510671615601	-0.24816620349884033	-0.5483533143997192	-1.3185524940490723	0.10423165559768677	0.32511672377586365	-0.6604495644569397	1.518066167831421	1.2353967428207397	-0.5645726919174194	-0.26477253437042236	-2.630535840988159	1.5992497205734253	0.7183318734169006	-0.24950987100601196	1.5508332252502441	-0.6019088625907898	0.2518363893032074	-1.2019832134246826	1.834982991218567	-1.9919110536575317
-0.06231777369976044	-0.06376130878925323	-1.3888310194015503	0.8947798013687134	-1.2505104541778564	-0.237429678440094	-0.1844068318605423	-1.297669768333435	-0.8781683444976807	-0.18604423105716705	1.1179563999176025	-1.020843744277954	0.184817373752594	-1.5394978523254395	-0.7091736793518066	-0.17794467508792877	0.5339398384094238	0.4631579518318176	-1.1201293468475342	-0.5203534364700317	-0.8702430725097656	0.2635326087474823	-0.5826714038848877	-0.6730929017066956	0.8670334815979004	0.045450493693351746
0.27510640025138855	-0.956119179725647	0.012040740810334682	0.7974699139595032	-0.44120949506759644	-0.5332804322242737	-0.25381624698638916	-1.0743612051010132	0.21131952106952667	-0.31650352478027344	2.1231529712677	0.8939346075057983	0.45515871047973633	0.018731586635112762	-2.3172035217285156	0.49663808941841125	0.7052081823348999	-0.14108414947986603	-0.7520476579666138	-0.08405650407075882	-0.16668839752674103	-0.6345004439353943	1.6441632509231567	-1.1401747465133667	0.12188638001680374	0.14413274824619293
0.4915520250797272	-0.11931236833333969	-1.4966386556625366	-1.6281139850616455	-0.12485279142856598	0.41260814666748047	0.1621711701154709	0.3521527349948883	0.14151348173618317	-0.16555874049663544	1.914905071258545	-0.529359757900238	-0.3424912989139557	0.6433534622192383	0.32710006833076477	-1.5861033201217651	1.3709444999694824	0.7692629098892212	-0.21579551696777344	1.6550524234771729	0.6321287751197815	-2.059937000274658	-1.7765527963638306	1.3304846286773682	-0.07682525366544724	-0.05075670778751373
0.13460366427898407	0.1719089299440384	-1.304589867591858	-1.7885278463363647	-0.43219777941703796	-0.3395942449569702	1.0197114944458008	-0.736706018447876	0.4375705420970917	-0.4601837694644928	0.8500192165374756	-0.5346899628639221	-1.4712644815444946	-0.6827628016471863	1.6690747737884521	-0.7350746989250183	-0.9514138698577881	-0.38317930698394775	1.3245556354522705	-1.1852471828460693	2.0024545192718506	-0.3546312153339386	0.21760590374469757	0.9315148591995239	-2.285712957382202	-0.0978776216506958
0.33876997232437134	1.16454017162323	1.011337399482727	0.7720934748649597	0.43234559893608093	-0.7740882635116577	-0.3686596155166626	0.31813937425613403	0.6322682499885559	0.9719957709312439	0.4033348262310028	1.0513627529144287	-2.275851249694824	0.38956958055496216	-0.2978006601333618	-0.475994735956192	-1.8280465602874756	0.7783350348472595	-1.3421775102615356	2.8462371826171875	0.8157165050506592	0.8805981278419495	-0.34747880697250366	0.3258432447910309	0.0137921879068017	0.8224318623542786
1.8916590213775635	1.3301845788955688	0.2667118012905121	-1.0574997663497925	-0.1393202394247055	-0.8788978457450867	0.004078034311532974	-0.6537607312202454	2.5293524265289307	-0.34254175424575806	-1.3470618724822998	0.7959095239639282	0.5803982615470886	0.027761423960328102	0.0671260878443718	0.0602620467543602	-0.20503157377243042	0.8874257206916809	0.07782747596502304	0.855233371257782	0.8237932920455933	-0.40013015270233154	2.1861891746520996	1.0763553380966187	-0.7733492851257324	-1.268959641456604
-2.3287668228149414	-0.4185710549354553	1.6783556938171387	-0.06891447305679321	0.2776733934879303	-0.25441357493400574	0.2062065601348877	-0.9179736971855164	-0.5317118763923645	-0.49007344245910645	-0.4914255440235138	-2.1969614028930664	1.0731281042099	0.4834718704223633	0.8092508912086487	-2.2157506942749023	-0.3515176773071289	-0.3025597631931305	-1.7892285585403442	-0.7804269790649414	0.01765645295381546	0.6621821522712708	-0.1660638153553009	-0.8909696936607361	-0.9237304329872131	-0.7596451640129089
0.16642284393310547	-2.4218733310699463	-0.24488092958927155	1.4306902885437012	0.5787137150764465	-2.9226391315460205	-0.03984634950757027	1.509600043296814	0.12290417402982712	-1.0699677467346191	-2.811476469039917	-0.9347713589668274	1.042951226234436	0.6950037479400635	0.534287691116333	-1.2446516752243042	-1.0941812992095947	-1.7990916967391968	1.1871964931488037	-1.5315293073654175	-0.12423466145992279	0.051177117973566055	0.49791666865348816	-0.2040247768163681	0.17282803356647491	0.4441918134689331
-0.08160010725259781	0.9380672574043274	1.3742198944091797	-0.6792309284210205	-0.24509145319461823	0.3907756507396698	-0.9479617476463318	-2.472074031829834	0.016801420599222183	0.4885222315788269	0.8662768006324768	0.7998321652412415	0.3836670517921448	-0.9293985962867737	0.7650148272514343	0.20518681406974792	-0.6953165531158447	-0.9107227325439453	-0.08098264783620834	-0.6299282312393188	-0.5864660143852234	0.805083155632019	0.6334899067878723	0.14183253049850464	0.40064719319343567	-0.3894672691822052
0.4764375388622284	1.0832470655441284	-0.43284285068511963	-0.20051193237304688	0.8849191665649414	-0.8199105858802795	-0.558509349822998	-1.4441059827804565	1.170588493347168	0.010631892830133438	-0.37496766448020935	1.0883735418319702	0.6605517268180847	1.040711522102356	-0.5979297757148743	-0.26157572865486145	-0.6117677688598633	-0.9479784965515137	-1.469545602798462	0.5100060105323792	-1.2431714534759521	-1.0741357803344727	0.8716480731964111	-1.3320538997650146	0.27323970198631287	-0.3249569535255432
0.5353288054466248	0.4091499149799347	0.648880124092102	-0.5676438212394714	0.989010751247406	0.6824856400489807	0.046406589448451996	1.3137996196746826	-1.4607588052749634	1.4070522785186768	1.738037347793579	1.8214828968048096	0.509525716304779	1.7314558029174805	-0.29778507351875305	-0.7315923571586609	-2.2724437713623047	0.9088159203529358	-0.5379433035850525	-0.07842720299959183	0.8812777400016785	0.12829197943210602	1.6065235137939453	-1.2820448875427246	1.2372182607650757	1.2334002256393433
0.47234153747558594	0.8661878705024719	-0.325449138879776	-0.43137025833129883	0.33201709389686584	1.8648146390914917	-0.3573775589466095	-1.3406858444213867	-1.1834224462509155	0.46586814522743225	0.8762226104736328	1.0071923732757568	0.32424357533454895	-0.19700364768505096	-0.1990577131509781	-2.3438329696655273	-0.17434050142765045	0.19935423135757446	0.1049320325255394	0.35682588815689087	-1.6921675205230713	-2.1785457134246826	0.1227293312549591	-0.2546803057193756	2.3106181621551514	0.15725189447402954
-1.0487319231033325	0.1827627420425415	0.6462951302528381	-0.043027155101299286	0.5991801619529724	0.2213319092988968	0.18070438504219055	0.6426189541816711	1.2741214036941528	-1.4452606439590454	0.7574813961982727	0.32584458589553833	-0.4459887742996216	-0.02981056459248066	-0.1988299936056137	1.2418566942214966	0.9079951643943787	-0.4878307282924652	0.4251699447631836	1.161523699760437	0.2782176733016968	0.1433827131986618	0.01023933943361044	1.2579808235168457	1.1258982419967651	0.7764919400215149
-0.4910690486431122	1.0367642641067505	-0.10600169003009796	-0.12717755138874054	-0.5704421401023865	-0.5260894894599915	-0.11746443808078766	0.8213385343551636	-2.317631721496582	-1.2994402647018433	-0.1455668956041336	-0.16595447063446045	0.12607824802398682	0.545864462852478	0.058894041925668716	0.839943528175354	-2.6800148487091064	1.1909652948379517	-0.8848847150802612	0.8461081385612488	0.8203743696212769	0.05911419168114662	-2.0291590690612793	-1.5285717248916626	0.47844061255455017	-0.15278644859790802
0.6123464703559875	0.8390446305274963	-0.8142463564872742	-0.5939199924468994	0.863196849822998	-1.2063853740692139	0.2764723300933838	-0.6158132553100586	-0.1330913007259369	-1.595090389251709	-1.3559551239013672	0.0533720925450325	0.29010728001594543	-0.2500621974468231	-0.23614385724067688	-0.2943021059036255	-1.5851279497146606	-1.0107110738754272	3.377760171890259	0.1619018018245697	1.9608104228973389	-0.1590866595506668	-0.4334832429885864	-1.59440016746521	-0.9255754351615906	0.09227487444877625
-0.7809721827507019	-0.36775434017181396	-0.6653570532798767	0.5704745054244995	-0.461049348115921	-0.1793762892484665	-0.7447237372398376	0.047093819826841354	0.4422159194946289	-0.39699551463127136	1.5975565910339355	-0.4453127682209015	0.46604567766189575	0.014484955929219723	0.19970139861106873	0.13322493433952332	-0.16228701174259186	1.8959916830062866	0.19856113195419312	-1.0748382806777954	-0.7877046465873718	-1.1457526683807373	2.8109781742095947	0.12198153883218765	0.3437989354133606	-2.413064956665039
-1.662165880203247	-0.5518122911453247	-0.4027462303638458	-0.5626093745231628	-0.867293119430542	-0.361822247505188	1.030590534210205	-0.669948160648346	-1.8150873184204102	-1.1390526294708252	0.615799605846405	-0.21268869936466217	-0.7268081903457642	-0.8736413717269897	1.7453490495681763	0.8604694604873657	-0.6023542881011963	-0.5665421485900879	0.0067406608723104	0.26595422625541687	-1.2578083276748657	-0.7473522424697876	1.810706615447998	-0.3596091568470001	1.1189106702804565	0.6979230642318726
0.7098188400268555	0.613261878490448	-0.11699413508176804	1.3261908292770386	0.10340142995119095	1.187747597694397	-0.7945936918258667	-0.2880788743495941	-0.10422036796808243	0.8986014127731323	-0.7558135390281677	-1.9399982690811157	-0.577608585357666	0.5298556089401245	-0.8138333559036255	-0.3828960061073303	-1.805662989616394	0.8787200450897217	-0.09976270794868469	-0.35783103108406067	-0.5246068239212036	-1.0470190048217773	-0.1703309714794159	-1.2783818244934082	-1.040888786315918	1.6681511402130127
0.05560355260968208	-0.13540902733802795	-0.15250475704669952	0.22652454674243927	2.0104963779449463	-0.054328422993421555	-1.3481751680374146	2.4519567489624023	0.5461052060127258	1.0415754318237305	0.051371980458498	0.1327679455280304	1.2493476867675781	-0.23698930442333221	-0.26131269335746765	0.6734586954116821	-1.6495378017425537	0.27072590589523315	-0.26316866278648376	0.7832645773887634	-0.3056805729866028	0.3858172595500946	-0.10606402158737183	-0.5838741064071655	0.48592114448547363	0.556925892829895
1.3582929372787476	1.059064507484436	-0.5723302364349365	0.8688092231750488	0.5340867638587952	1.5222479104995728	-0.6447217464447021	-0.08023150265216827	-0.5104593634605408	-0.7763521075248718	1.1913291215896606	-0.9121306538581848	-0.3580089807510376	0.18722301721572876	-2.0253467559814453	0.09218244254589081	-0.1947261095046997	-0.7071810960769653	-0.9049881100654602	0.8351802229881287	-1.274478793144226	0.07444638013839722	0.07954196631908417	-1.8104314804077148	1.3291696310043335	-0.6131200790405273
-0.5010403990745544	-0.0417320542037487	-0.83576899766922	0.588215708732605	1.0943409204483032	0.6812851428985596	-1.5151965618133545	-1.0441930294036865	-1.066534399986267	-1.0428357124328613	-1.1795076131820679	1.6394160985946655	0.4848346710205078	-0.5714951753616333	-0.9840330481529236	1.3300799131393433	-0.3447928726673126	-0.6968128681182861	0.1432860642671585	-1.2079554796218872	-1.283399224281311	-0.37196022272109985	0.33520621061325073	0.8486095070838928	-0.08745145797729492	-0.5971716046333313
-0.8918029069900513	-1.0107715129852295	1.3060029745101929	-1.054348349571228	1.8066151142120361	1.3028442859649658	0.8050007820129395	1.5301309823989868	1.2149072885513306	0.8500005602836609	0.6848703026771545	0.4888448417186737	-0.3389096260070801	0.33286505937576294	0.23806025087833405	-0.8612131476402283	0.4938620328903198	-1.0984176397323608	0.5546579360961914	-0.7474289536476135	-1.2224394083023071	-0.27464747428894043	-0.23590613901615143	-0.024601738899946213	1.7402204275131226	1.6987792253494263
0.5021140575408936	-0.09307274967432022	-0.8633530735969543	-0.6604357957839966	0.2941131889820099	-0.4136979579925537	1.7253416776657104	0.6956799626350403	-0.7025946974754333	-0.14077255129814148	1.0919311046600342	0.1855991929769516	-1.3237358331680298	0.22476902604103088	-0.17535151541233063	1.027670979499817	1.0804436206817627	-1.1133641004562378	-0.2410762459039688	-1.1638911962509155	-0.5151224136352539	0.03078019991517067	-1.6074810028076172	-0.43302100896835327	-0.46612557768821716	0.3022576570510864
-0.028601935133337975	-0.4730473458766937	-0.022660451009869576	1.4768232107162476	1.0483982563018799	-0.1779143065214157	-0.5544703602790833	-0.30560997128486633	-1.5986480712890625	0.5430710911750793	0.20487292110919952	0.5568060874938965	-0.9351593852043152	0.038583721965551376	-0.9975448250770569	0.9131845235824585	-0.906266450881958	1.6234097480773926	0.29504430294036865	-1.0077804327011108	-0.3086523413658142	-0.6202867031097412	-1.7628463506698608	0.4521789252758026	1.0978317260742188	-0.3915427625179291
-0.6085562705993652	1.3634840250015259	-0.34685415029525757	0.11329405009746552	0.5907931327819824	-0.6982086300849915	-0.3583303689956665	-0.22518952190876007	-0.6980799436569214	0.8395137786865234	-0.7001996636390686	1.93159019947052	-0.48446184396743774	-1.9248608350753784	-0.8377788066864014	-0.5849758386611938	-0.6377121806144714	-1.7944103479385376	1.3995983600616455	-0.20317494869232178	1.282249093055725	0.2070937305688858	-2.034489870071411	0.44532760977745056	1.0991147756576538	2.356795072555542
-1.2592315673828125	1.9966850280761719	0.7009244561195374	0.20802633464336395	1.9960604906082153	0.7852553725242615	-0.0235967468470335	0.8048936724662781	0.8639107942581177	-1.29409921169281	-0.09878837317228317	0.7048673629760742	0.360853374004364	0.9670674800872803	0.2304306924343109	-1.1388320922851562	-0.4946742057800293	0.6844998002052307	0.5080071091651917	-0.1689317375421524	-0.2216794490814209	-0.09918385744094849	-0.4276992976665497	0.3540845215320587	-0.38722947239875793	-0.3585173189640045
1.0468744039535522	-0.4259900450706482	-0.22368252277374268	-0.019099794328212738	-0.25082796812057495	-1.651504635810852	0.03909817710518837	-2.5287132263183594	0.41825592517852783	-1.0970498323440552	1.0170893669128418	1.1092082262039185	-0.16048255562782288	0.1702825278043747	0.7847834229469299	0.40761598944664	-0.2244022637605667	0.04326079413294792	2.0538692474365234	-0.29139891266822815	-1.2816352844238281	1.3853996992111206	-0.9965357184410095	-0.5450901985168457	0.5112976431846619	-2.219437599182129
0.1246461495757103	-0.19843265414237976	0.6858049631118774	0.9257453083992004	-1.4516102075576782	0.6560559868812561	-2.268115520477295	-0.9712588787078857	-0.6580710411071777	-0.5567707419395447	-0.7619406580924988	-1.2798527479171753	-0.7446542978286743	-1.3708175420761108	1.018800973892212	0.34034463763237	-0.4240216314792633	-1.021552324295044	-1.3168014287948608	-0.5150755047798157	-0.44450491666793823	0.8334705829620361	-1.6142926216125488	0.33841297030448914	-0.27400606870651245	-0.47070780396461487
-1.957407832145691	-0.15223348140716553	1.2544587850570679	-1.387640118598938	-1.2585042715072632	-1.4516412019729614	0.06222587451338768	0.8839424252510071	-1.7792656421661377	-0.16696251928806305	-0.15442243218421936	0.7169790863990784	-2.3194291591644287	0.19780752062797546	0.8722299933433533	1.012648344039917	-0.36300474405288696	1.6138051748275757	0.5562096834182739	0.33306246995925903	0.07112594693899155	-0.3325062692165375	0.23448778688907623	-1.4054750204086304	0.8932192921638489	-0.7198278903961182
0.7016072273254395	0.4662386476993561	-0.21741336584091187	-0.5886170864105225	0.03336727246642113	-0.9132481217384338	2.2651264667510986	2.2364368438720703	0.6166369318962097	-0.31216973066329956	-1.4111030101776123	2.607541561126709	-0.014775577001273632	-0.6518358588218689	-0.23259341716766357	-0.2778966724872589	1.1386102437973022	1.6487606763839722	-0.6512675881385803	-0.15557554364204407	0.9626019597053528	-2.1255927085876465	0.5493618249893188	0.5263742804527283	1.706923007965088	0.17691533267498016
0.4190812110900879	-0.23828575015068054	-0.9493492245674133	-0.4662559926509857	-0.6246230602264404	-1.2318150997161865	0.17911039292812347	-0.37293243408203125	-1.510799527168274	1.3175113201141357	-2.711116075515747	0.3683743476867676	0.9920666813850403	-0.5427526235580444	1.4557511806488037	0.3930737376213074	-0.6446683406829834	-0.8057007193565369	-0.39780619740486145	2.058415174484253	1.299251675605774	0.8364459872245789	-0.046492088586091995	-0.008975689299404621	1.4566313028335571	-0.8025962114334106
0.030529988929629326	0.1070111095905304	-1.6190271377563477	1.4565534591674805	-0.802629292011261	0.4280410408973694	-1.8266936540603638	-0.29594218730926514	0.545433521270752	0.7415443062782288	1.1586705446243286	0.7143147587776184	0.462702214717865	0.4048655927181244	-0.3921055197715759	1.282164216041565	-0.03212805092334747	0.7559033632278442	-1.7239081859588623	0.7719347476959229	-2.753066062927246	0.3823172152042389	-0.6787289381027222	1.2342108488082886	0.8890295028686523	-0.7201550602912903
-1.1687989234924316	0.6260302066802979	0.31649520993232727	1.011638879776001	-0.5290205478668213	-0.27517256140708923	0.4807811975479126	-1.7791337966918945	0.4241188168525696	0.11776015907526016	-0.6519567966461182	0.7639533281326294	-0.09975854307413101	0.2707989513874054	-0.013766098767518997	0.87440025806427	1.8346283435821533	1.2404897212982178	1.5703861713409424	1.4046144485473633	0.2920025587081909	1.4894049167633057	1.0088727474212646	0.9659106731414795	0.27305442094802856	-1.5165555477142334
-0.6101179718971252	1.4304660558700562	1.3252812623977661	1.6061571836471558	-0.44124636054039	-0.48249733448028564	0.8859118223190308	0.3363700807094574	0.47161170840263367	-0.8641409277915955	-0.15336765348911285	1.519919991493225	2.178557872772217	-0.3405715823173523	-0.8945267200469971	1.2912592887878418	0.8157079219818115	-1.6619662046432495	-0.8522906303405762	-0.19732420146465302	0.12547147274017334	0.16722381114959717	-0.25413843989372253	1.4903188943862915	-0.48242682218551636	-1.0018293857574463
0.4146968424320221	1.0878015756607056	0.9261999726295471	-0.3606454133987427	-0.7223288416862488	0.10063765197992325	-1.5019603967666626	0.4455048143863678	0.8546025156974792	-0.6529841423034668	-0.4292570650577545	-0.25863078236579895	-0.6183462738990784	-0.5029438734054565	0.9651925563812256	-0.3910355269908905	-0.720355749130249	-0.735284149646759	-0.12035329639911652	0.7951736450195312	-0.5780642032623291	0.12451612204313278	1.638244390487671	1.2644296884536743	-1.7655140161514282	0.7037340998649597
-0.4308207035064697	0.23022277653217316	0.8416389226913452	0.19333186745643616	0.6758632063865662	1.9841171503067017	0.0011144430609419942	-0.2697502374649048	-0.3994016647338867	0.1951293647289276	-0.13652506470680237	-0.2668471932411194	0.0839742049574852	-0.5340819358825684	0.9965854287147522	-0.6148768663406372	-0.15510623157024384	-0.48444125056266785	1.306557297706604	-0.18576864898204803	0.6003000140190125	0.3539508581161499	-0.1008032038807869	-1.7467237710952759	-0.16059011220932007	-1.4333405494689941
-1.699034571647644	-0.5368162393569946	0.5415134429931641	-0.5685791373252869	0.6334347128868103	-0.3555772006511688	0.09802602231502533	-0.5473967790603638	0.41076886653900146	0.4676317572593689	-0.8891255259513855	-0.1662289947271347	0.25692978501319885	-1.1086007356643677	-0.7578185796737671	-0.885283887386322	0.6705192923545837	1.640397548675537	-0.14632539451122284	0.22467030584812164	-0.14006571471691132	0.3091967701911926	-0.7488621473312378	-0.47501811385154724	-1.8486145734786987	-1.2056421041488647
0.13803935050964355	1.9668841361999512	-0.2684648036956787	-0.14835171401500702	-1.6445235013961792	0.548814058303833	1.3241455554962158	0.018831545487046242	-0.19467833638191223	1.6284925937652588	-0.5968037843704224	-1.4418686628341675	1.3708652257919312	-0.23089715838432312	-0.7744901776313782	-2.1522326469421387	2.441822052001953	-0.19211933016777039	0.3436723053455353	-0.3825869858264923	0.1299983263015747	-0.1042565256357193	-1.0421932935714722	1.77204430103302	-0.40612661838531494	-0.7549116611480713
0.9892398118972778	0.1970224231481552	0.9150063395500183	-1.5289090871810913	-0.35350465774536133	-0.23186197876930237	-0.4647037982940674	0.1514517068862915	0.7640290260314941	-1.1168462038040161	0.8644430637359619	-1.1750407218933105	0.7034834027290344	-1.192601203918457	1.2286689281463623	0.381346732378006	-0.4916302561759949	1.357430338859558	1.3241336345672607	2.0323100090026855	-0.7954630255699158	1.14694344997406	0.5329925417900085	-0.6644710302352905	0.41680964827537537	-0.24247859418392181
-0.8899508714675903	0.28473740816116333	1.0174379348754883	-0.7523428201675415	1.2162619829177856	0.14415964484214783	0.34377866983413696	-1.0256749391555786	-0.5235834121704102	0.0026449679862707853	-1.7975629568099976	0.02386380173265934	1.131212592124939	0.7159048914909363	-1.2746241092681885	1.0566911697387695	-0.5368025898933411	-0.7136950492858887	0.542415201663971	-0.030293801799416542	0.8917193412780762	-0.04660116881132126	0.572892963886261	-0.0780024379491806	-0.8702936768531799	1.5262640714645386
-0.8927677869796753	-0.20373773574829102	0.19499753415584564	0.3847096264362335	-1.3191126585006714	-0.9988999366760254	0.21165551245212555	0.7092612981796265	0.6939011812210083	0.24645742774009705	-1.538047194480896	-0.14244462549686432	-0.20220862329006195	1.0130013227462769	-1.77251398563385	0.6091241836547852	-1.3015576601028442	-2.85223126411438	-0.09167516231536865	-0.10115459561347961	-0.3288230299949646	0.9296610951423645	1.9394640922546387	0.9201282858848572	2.8031325340270996	-0.22574205696582794
0.9034269452095032	0.3246457576751709	-0.8373866677284241	-0.4554463028907776	1.0033111572265625	-1.0961229801177979	-2.014618158340454	0.5160718560218811	0.4211995601654053	0.2661309242248535	0.8894275426864624	0.9515206813812256	-0.21195454895496368	1.009700894355774	-1.107061743736267	0.3604808747768402	0.8356963396072388	-0.014450705610215664	-1.140081524848938	0.15362237393856049	0.7269956469535828	-0.9124315977096558	-0.4405460059642792	1.015714168548584	0.4798532724380493	-0.02960984967648983
-0.8553063869476318	0.6235969662666321	0.18296919763088226	-0.3575657308101654	0.9625918865203857	-1.5383992195129395	0.028691167011857033	-1.3518489599227905	0.6767745614051819	-1.512286901473999	1.2426817417144775	0.44511929154396057	0.004083855543285608	0.5846614241600037	-1.4612303972244263	1.3426967859268188	-1.789512276649475	-0.3580738306045532	-1.2375346422195435	-0.18010883033275604	-1.4138624668121338	-0.626425564289093	1.9224635362625122	-0.3577127456665039	-1.453954815864563	0.44419562816619873
0.5301092863082886	-0.549990713596344	-0.6947599649429321	0.7373800277709961	1.1769412755966187	1.0559529066085815	0.3695717453956604	0.6614428162574768	0.1482299566268921	-0.5683073997497559	-1.9570307731628418	0.10822505503892899	0.10082124918699265	-0.15938444435596466	0.47729435563087463	1.3389966487884521	-0.4329455494880676	0.8523298501968384	-0.24222004413604736	-0.7056584358215332	-1.1534005403518677	1.2867494821548462	-2.011078119277954	-1.38408362865448	-0.16150103509426117	-1.3123618364334106
-0.07503088563680649	1.2874259948730469	0.12878167629241943	-0.6673712134361267	-0.6934486031532288	-0.9611919522285461	0.5063661932945251	-0.7771772146224976	-0.11069481819868088	-0.11149221658706665	2.282601833343506	0.3620537221431732	1.2114500999450684	-1.7117962837219238	-1.6220121383666992	-0.30170121788978577	1.4722304344177246	1.0209685564041138	1.3824236392974854	0.2659554183483124	1.3553566932678223	0.8444254398345947	1.4231703281402588	-0.7434835433959961	1.5157055854797363	-0.7542992830276489
-0.18814824521541595	-2.196150064468384	0.47896280884742737	-1.0206741094589233	0.38166067004203796	-0.3369706869125366	0.6528929471969604	0.81536865234375	-0.6128708124160767	-0.053695447742938995	0.8654748201370239	-0.1408414989709854	0.31655532121658325	0.2087721824645996	-0.26725706458091736	0.8267087340354919	-1.2872499227523804	1.0235785245895386	0.6709482073783875	-0.5356325507164001	-0.08149472624063492	2.4800493717193604	-0.03194045275449753	1.469586968421936	-1.6456832885742188	-0.8677653074264526
0.8606485724449158	1.0740625858306885	-0.11074718087911606	-0.47379130125045776	-0.7942344546318054	-1.419037938117981	-1.0745974779129028	-0.4119051396846771	-0.49120602011680603	-2.140164852142334	-1.017918586730957	0.5805666446685791	0.9533944725990295	-1.601877212524414	0.807367742061615	-1.3243556022644043	1.115554928779602	1.1595491170883179	-0.1364382952451706	1.0086851119995117	1.4677481651306152	-0.08589134365320206	0.43173208832740784	1.181797981262207	0.739938497543335	-1.4943487644195557
0.02637016400694847	-1.0914993286132812	-0.6140834093093872	0.032134369015693665	-0.09987300634384155	0.24176296591758728	1.4923641681671143	-0.8841767907142639	0.6751452684402466	0.791328489780426	-0.5683984756469727	2.078833818435669	1.0190246105194092	0.4687155485153198	-0.3608308732509613	-0.4360892176628113	0.8696236610412598	-1.4039947986602783	-0.6625520586967468	0.26878514885902405	1.4510481357574463	-0.8141785264015198	-0.44927453994750977	0.8042179942131042	-0.8662206530570984	-1.3643412590026855
-0.15888668596744537	0.8134929537773132	-0.4991999566555023	-1.5325722694396973	0.009752788580954075	0.25882765650749207	0.4301038682460785	-1.6229982376098633	-1.4852021932601929	1.1757770776748657	0.8533509373664856	-0.6041145920753479	0.6204602122306824	0.8812229633331299	-0.5387519001960754	0.03753194212913513	1.3552473783493042	-1.23466157913208	0.9283531308174133	-0.16484984755516052	-0.8393815755844116	-1.255826711654663	-1.1270151138305664	0.5715302228927612	-0.9416783452033997	-1.6606674194335938
1.2907401323318481	1.706093192100525	-1.5877573490142822	0.5734969973564148	-1.0981638431549072	-1.5989406108856201	0.47804591059684753	-0.15581630170345306	0.03264687582850456	0.5058957934379578	0.7744535207748413	0.21897146105766296	1.122301697731018	0.7167971134185791	-1.5181392431259155	-1.030447006225586	-1.0119695663452148	-0.21429267525672913	-1.1682058572769165	-0.5777992010116577	0.6376274228096008	0.2864287793636322	0.24720299243927002	-0.4369722902774811	-0.9298736453056335	-0.14004729688167572
-0.4296562075614929	-1.096636414527893	0.0025670926552265882	-0.12611174583435059	0.6600149869918823	0.5931407809257507	1.6268846988677979	0.17488110065460205	0.5380734205245972	0.4953159689903259	0.6433749198913574	0.6727314591407776	-0.5891849994659424	0.33967462182044983	0.05924362689256668	0.5388364195823669	0.74258953332901	-1.5373499393463135	-1.156991720199585	-0.4426461160182953	0.29119935631752014	-0.21533794701099396	1.819547414779663	-0.1413145810365677	0.4020387828350067	1.704920768737793
-1.4117498397827148	-1.3081721067428589	0.7212521433830261	1.3799476623535156	-1.0219653844833374	-0.8548413515090942	0.8971851468086243	0.40587639808654785	0.381265252828598	-0.49825793504714966	-0.645790696144104	-1.2303138971328735	0.046457283198833466	1.271195888519287	-1.1340038776397705	1.7937812805175781	-3.3220903873443604	-0.13667066395282745	-0.5259515047073364	0.11808975785970688	2.671583414077759	-0.8985059857368469	0.8966149687767029	2.201335906982422	0.29269787669181824	0.47611913084983826
0.5068685412406921	0.8206595182418823	-0.8407687544822693	0.2240990698337555	-0.357013463973999	0.6127778887748718	-2.3209452629089355	2.0072503089904785	-0.272305428981781	0.6319624781608582	0.6777788996696472	0.8619417548179626	-0.06326424330472946	-0.6178710460662842	0.15474745631217957	-0.1915200799703598	0.6176630854606628	-0.2776060402393341	-0.08546227961778641	0.5420399904251099	-0.16173666715621948	0.8032314777374268	-0.8561434745788574	1.308632254600525	-0.6558922529220581	1.9714878797531128
1.6255062818527222	0.593892514705658	0.5024425387382507	-0.26895079016685486	0.6317606568336487	0.18534569442272186	0.4192263185977936	1.0615532398223877	0.4776797592639923	0.20271939039230347	1.3304301500320435	1.6881098747253418	0.21220912039279938	2.3913698196411133	-1.484455943107605	-0.4768431484699249	-0.12750153243541718	-0.9430602788925171	1.061982274055481	-1.0194566249847412	0.23498165607452393	1.6520469188690186	1.4683759212493896	0.06594474613666534	-0.2980850338935852	0.2804223597049713
0.3886875510215759	-0.9961510896682739	1.36309015750885	0.10062311589717865	-1.5587393045425415	-1.372863531112671	0.38234788179397583	0.8915538787841797	-0.3922959268093109	0.02164210006594658	-0.09684213250875473	-3.5419511795043945	-0.021053900942206383	0.8630844354629517	-1.2935954332351685	-0.4785720109939575	-0.22740262746810913	1.2630969285964966	0.5651673078536987	-0.44206154346466064	-0.924652099609375	1.484283447265625	1.15485417842865	0.7214307188987732	1.299133062362671	1.6523592472076416
-0.1423921436071396	0.6334924101829529	0.8657464981079102	-0.9410821199417114	0.5832404494285583	0.2946535050868988	-0.30094385147094727	0.3897576332092285	-1.6086820363998413	0.5102306008338928	-0.5670843124389648	-0.1520020067691803	0.3404201567173004	-1.0358773469924927	-0.13562241196632385	0.7558709979057312	-1.2902621030807495	0.9464495778083801	0.05807768553495407	-0.643040120601654	-1.204311490058899	-0.6063601970672607	-0.6177341341972351	-0.5190796852111816	0.2569488286972046	0.09542207419872284
0.519630491733551	1.0800992250442505	-1.2276926040649414	0.744284987449646	-0.165774405002594	1.4798365831375122	-1.7273796796798706	-1.0951118469238281	1.0982404947280884	-1.6220020055770874	0.2617846727371216	0.8552913069725037	0.9315477013587952	0.2597770392894745	0.12764278054237366	-0.9086092710494995	0.35346952080726624	0.959729790687561	-0.43370863795280457	-1.5729365348815918	-0.6605161428451538	-0.5895875096321106	0.8331578969955444	-0.5377163887023926	-1.0447801351547241	-0.6164153218269348
-1.753493309020996	1.979889988899231	-0.3713991940021515	1.2455319166183472	1.1225444078445435	-1.2846025228500366	-0.6177898645401001	-1.6578822135925293	-0.4880801737308502	-1.0090678930282593	0.8101421594619751	1.3548202514648438	-0.6654711961746216	1.4569685459136963	0.14216069877147675	0.7160893678665161	1.4786583185195923	-0.4967406392097473	0.47566020488739014	-1.204919457435608	-1.0518704652786255	-0.07252644002437592	0.14577780663967133	0.8057692646980286	-1.3560004234313965	0.06018045172095299
-0.3226453959941864	0.5581383109092712	-1.2276707887649536	0.8781906366348267	-1.0851635932922363	0.4596027731895447	-1.0608936548233032	-0.05216534435749054	0.2816956341266632	-0.07318146526813507	-1.8327991962432861	-0.9439124464988708	0.22694040834903717	-0.7308770418167114	-0.9699546098709106	1.0942586660385132	0.22754979133605957	0.4512168765068054	-0.24031563103199005	-1.368254542350769	-1.2435258626937866	0.693733274936676	0.5312634706497192	0.3356289267539978	-0.047845106571912766	-0.7736227512359619
-0.005228868685662746	-0.21098212897777557	2.125368118286133	-0.5240183472633362	-0.7427249550819397	0.17508848011493683	-0.5130531191825867	0.6939837336540222	0.7152888774871826	0.04587477445602417	-0.14312461018562317	1.7048859596252441	-0.9229527711868286	-1.0532819032669067	0.3697879910469055	-2.4724364280700684	0.7699461579322815	-0.43177494406700134	1.284854769706726	-1.7073338031768799	0.6661438941955566	0.061062347143888474	-1.751640796661377	-1.0635086297988892	-0.23075026273727417	0.7507579326629639
0.018427612259984016	0.21537888050079346	-1.0443706512451172	-1.084663987159729	-0.1294102966785431	-0.668089747428894	-0.0044059716165065765	0.35305917263031006	0.27967992424964905	-1.3531346321105957	0.08081775903701782	-0.13363556563854218	-0.09116808325052261	-1.377409815788269	-1.5091239213943481	0.23567189276218414	-0.23616695404052734	0.5615571737289429	-0.8163220286369324	-0.4450490474700928	0.9506415724754333	-0.43176621198654175	-0.28275853395462036	0.6673596501350403	0.58487468957901	1.0765191316604614
0.9547386765480042	0.3037775754928589	-0.6598966717720032	-1.5655819177627563	0.20233382284641266	0.6346308588981628	0.593935489654541	-1.2761225700378418	-2.446932792663574	-0.6703113913536072	-2.078979253768921	0.23350241780281067	-0.17879170179367065	0.0017248360672965646	0.05544575676321983	0.6145811676979065	-0.8188288807868958	2.4417567253112793	2.054494619369507	0.5144345760345459	0.7173452377319336	-0.1969263255596161	1.117470145225525	0.9690199494361877	0.7080092430114746	0.9595815539360046
0.550018846988678	-0.5037591457366943	0.8412123918533325	1.5277730226516724	0.4472656846046448	-0.37073278427124023	-0.8427647352218628	-1.6477144956588745	-0.03378576412796974	0.6246752738952637	-0.9989138245582581	1.145056962966919	-0.3243395984172821	-0.3296348452568054	-0.38544976711273193	0.20955564081668854	1.062853455543518	0.5818771123886108	-0.14068876206874847	-1.1010878086090088	-0.32472819089889526	-0.16912348568439484	-1.2108933925628662	-0.40995314717292786	1.8940688371658325	0.44296249747276306
-0.08919709175825119	0.25195345282554626	-0.8077056407928467	-1.284684181213379	0.046557679772377014	0.23737134039402008	-0.6395354866981506	0.39201268553733826	1.891292691230774	0.14297163486480713	0.17161925137043	0.7964920997619629	-0.060831181704998016	-0.2394305169582367	0.19477999210357666	0.2697821855545044	1.180437684059143	0.3489324450492859	-0.5437222719192505	-0.0792977511882782	0.8297277092933655	1.7454720735549927	0.03875865787267685	1.2680752277374268	0.09461069107055664	-1.4668556451797485
1.5706148147583008	-0.3167933225631714	-0.224399134516716	0.18195652961730957	-0.3566468060016632	-0.1442386656999588	-0.12102719396352768	-1.344645380973816	-0.5285266041755676	-0.358840674161911	0.8914870619773865	0.6296212673187256	-1.315195083618164	-0.10119369626045227	-0.39697742462158203	-1.0682560205459595	-0.3632124662399292	2.4249539375305176	0.8392603993415833	-1.2311878204345703	-0.9156396985054016	-1.5122387409210205	0.7930818200111389	-0.35307180881500244	0.9670127630233765	1.4570715427398682
-0.30472275614738464	-0.8112902045249939	-0.696567714214325	-1.5038681030273438	1.0023820400238037	-1.0910472869873047	1.630715250968933	-0.2651015520095825	0.04483983665704727	-0.043384429067373276	-0.8753735423088074	-0.4734894335269928	0.06553861498832703	-0.3353714346885681	-0.4489143490791321	0.5307310223579407	1.165010690689087	1.8642648458480835	-0.6988908052444458	0.26860740780830383	1.5875864028930664	0.5543388724327087	0.1998966783285141	-0.7109797596931458	-0.43768614530563354	-0.0392361581325531
1.2211869955062866	-0.05631745234131813	2.150317668914795	-0.11688420176506042	1.377624750137329	1.8471944332122803	-0.47589343786239624	0.3113802373409271	1.2680609226226807	-2.229133129119873	-0.08112005889415741	-0.5389553904533386	1.3060764074325562	-0.1647188812494278	-0.7165057063102722	-0.3627912700176239	1.0501439571380615	0.12963946163654327	-0.6294935941696167	-0.32456114888191223	-0.20746007561683655	-1.0278029441833496	0.43673819303512573	-1.692986249923706	-0.775857150554657	0.4657573699951172
-1.7557079792022705	1.111074447631836	-0.4336622953414917	1.203538417816162	-1.2133396863937378	0.16325263679027557	0.45669448375701904	-0.8666033744812012	-0.8686866760253906	-0.6421055197715759	-1.5574092864990234	0.3077201545238495	-0.28647348284721375	0.4099268615245819	-0.7140997052192688	1.2474366426467896	-1.222774863243103	0.045575499534606934	-0.33947402238845825	1.8701125383377075	-1.178410530090332	-0.7565159797668457	0.2791438400745392	-1.0155051946640015	-0.7431607842445374	1.0330967903137207
0.24203211069107056	-1.1294347047805786	-0.7201247811317444	-0.44452834129333496	0.01459853257983923	-1.2653563022613525	1.1700280904769897	-0.2773401439189911	-0.12753206491470337	0.7080811858177185	0.9189963340759277	-0.42763566970825195	-0.9384698271751404	-0.5391647219657898	-1.6486834287643433	0.8251675963401794	-0.6710274815559387	1.647018313407898	-0.36657872796058655	-0.8753918409347534	1.3953083753585815	0.5032716393470764	0.1962592601776123	-0.3436141312122345	0.5811392664909363	0.23194923996925354
0.7990267872810364	0.01844518445432186	-1.1997426748275757	-0.05220692977309227	-0.8269088268280029	-0.38384583592414856	-1.3184925317764282	-1.0002905130386353	-0.19826547801494598	-0.7727813720703125	-0.14480426907539368	-0.9987520575523376	1.201267957687378	-0.4237110912799835	1.1176977157592773	0.06648660451173782	-0.5357805490493774	-1.558693289756775	0.12790024280548096	0.19164693355560303	-1.2480188608169556	0.14016593992710114	2.0318124294281006	0.8618614673614502	0.18157650530338287	0.3282373547554016
-0.7573456764221191	1.6408323049545288	-0.47658389806747437	1.683703064918518	-0.9854539036750793	0.739395260810852	0.8625600934028625	-1.504660725593567	0.6588308215141296	-1.3015813827514648	0.35606613755226135	0.8548945784568787	1.514151930809021	1.5705608129501343	-0.8520092964172363	0.5410137176513672	-0.4819740653038025	-0.4458775222301483	1.652692198753357	1.6143189668655396	1.5647984743118286	-0.9562883973121643	0.7490079998970032	2.475963830947876	0.5294724106788635	-0.06845443695783615
-0.7285850644111633	-1.0209901332855225	0.9831432104110718	1.6866484880447388	-0.5072282552719116	0.8165836334228516	0.6782515048980713	1.2927014827728271	-0.7985000014305115	-0.5893524289131165	-0.9719933867454529	1.3581042289733887	0.10869864374399185	-0.46712565422058105	0.8897443413734436	-0.5747382640838623	0.2897060811519623	-0.4617628753185272	-0.09700941294431686	-0.03396422788500786	-0.3153926432132721	0.1051502600312233	0.3864048421382904	1.400704264640808	-0.4420072138309479	-0.5416144728660583
-2.093651533126831	-0.017003698274493217	-1.5566238164901733	-0.5909861326217651	-1.8819684982299805	1.062658429145813	-0.34880390763282776	-0.6192181706428528	0.5709283351898193	-0.9467220306396484	0.2997780442237854	-0.6496978998184204	0.7646004557609558	0.3918152451515198	0.738110363483429	0.711561381816864	-1.148557424545288	-0.23769618570804596	-1.2476977109909058	-0.3320155739784241	1.940805196762085	1.7167233228683472	-0.942402184009552	0.14272478222846985	2.155520439147949	1.9045096635818481
1.0048829317092896	-0.4880372881889343	-0.025999214500188828	-0.8032512664794922	-0.9025914669036865	-2.061805486679077	0.3833346366882324	-1.1643399000167847	-1.2471009492874146	0.8264821767807007	0.7720065712928772	0.7635380625724792	-0.49418729543685913	0.6553693413734436	-2.2801554203033447	-1.5850688219070435	2.819603443145752	-0.515852153301239	-0.2592097222805023	1.5239078998565674	0.8140204548835754	-0.763678789138794	-3.0855445861816406	1.656348705291748	0.300771564245224	-0.6750009655952454
-0.33825889229774475	1.3962674140930176	0.9729138612747192	1.7620269060134888	-0.8354668617248535	-0.001778582576662302	0.28301796317100525	0.012412605807185173	-1.1619935035705566	0.2921127378940582	-0.7061893343925476	-1.1839417219161987	-0.9823566675186157	0.33862850069999695	1.2871861457824707	0.17695339024066925	0.15127985179424286	1.2329003810882568	-1.825563907623291	-1.2535642385482788	2.5551371574401855	1.139580249786377	-0.6111302375793457	-0.39314690232276917	-0.3736870586872101	-0.2259237915277481
