-1.460208773612976	-0.93227618932724	2.1897876262664795	-0.04001676291227341	0.23413188755512238	-1.4031175374984741	-1.646865725517273	0.7545210123062134	-1.2022392749786377	-0.10287349671125412	-0.9095854759216309	0.5277719497680664	0.12153436988592148	0.30398374795913696	-1.5168124437332153	-0.44794633984565735	0.14457133412361145	3.7139711380004883	-1.2047053575515747	-0.3836602568626404	-0.7034295201301575	-0.6520898938179016	-0.7171857953071594	0.39078646898269653	1.5982438325881958	-1.2887316942214966
-1.3079112768173218	-0.272590309381485	0.6008552312850952	-0.8822508454322815	-0.8418519496917725	-1.2937545776367188	-0.26666006445884705	-1.338788390159607	2.3572332859039307	0.2598446011543274	1.738724708557129	0.006333892699331045	2.110227346420288	1.2664109468460083	-1.0321241617202759	0.8568150401115417	-1.4763789176940918	0.632125735282898	-0.35966259241104126	1.0348193645477295	1.2269293069839478	-0.3821265995502472	0.5823541879653931	-0.5148022770881653	-0.5666100382804871	-0.44254252314567566
0.2841762602329254	0.5659385323524475	-0.4528372287750244	-0.13292042911052704	-0.037923865020275116	1.7790495157241821	-0.5901289582252502	0.8899866342544556	0.37487319111824036	0.8910350799560547	-0.8420854210853577	0.8811915516853333	1.1480658054351807	0.29359880089759827	1.7687313556671143	0.2650686502456665	0.3095399737358093	0.4269697666168213	1.5033529996871948	-0.7901900410652161	0.7445700764656067	-0.5902875661849976	-2.179074764251709	-2.2895889282226562	-1.1455796957015991	-0.042235225439071655
-1.6399521827697754	1.560969352722168	0.0843110978603363	-0.6973440051078796	-0.24068529903888702	-1.590453028678894	-0.0856621265411377	-1.6366400718688965	-0.94523686170578	0.7065250873565674	-0.20156437158584595	-0.7609475255012512	-1.510635495185852	-0.23824292421340942	0.5837202668190002	-0.46411076188087463	-1.5724903345108032	0.23396605253219604	0.146307572722435	0.06196676567196846	0.30585673451423645	0.7926037311553955	0.2891850471496582	-0.9236869812011719	1.030550241470337	-0.748138964176178
0.43217507004737854	-0.31820499897003174	0.6641312837600708	-0.9137730598449707	0.15948966145515442	0.01450510136783123	-0.7567760348320007	-0.42440250515937805	-0.16237591207027435	0.5422471165657043	0.13300812244415283	-0.2662697732448578	1.1579136848449707	0.5909715294837952	-1.020196795463562	-1.2710679769515991	-0.4510900378227234	1.2157889604568481	-0.09476116299629211	0.22383496165275574	0.7499309182167053	-0.24237249791622162	-0.5139880776405334	-0.877827525138855	-1.1799070835113525	0.8734549283981323
-1.5532715320587158	-0.5123499631881714	0.10636617243289948	0.49245700240135193	-1.4283419847488403	-0.3321882486343384	1.1261026859283447	0.04319194704294205	0.9472975730895996	0.03076220117509365	1.3523170948028564	0.9051583409309387	-0.7381295561790466	-0.7962493300437927	-1.9861016273498535	-0.017448104918003082	-0.9593231678009033	-0.31223008036613464	-0.1670874059200287	0.8705453872680664	-2.0866429805755615	-0.24768908321857452	-0.6312994360923767	-0.04979109764099121	-0.7666527628898621	0.10321535170078278
-0.01107986643910408	0.5170145630836487	2.111952543258667	0.4125080704689026	-0.7135140895843506	-1.2615190744400024	0.45044130086898804	0.45925667881965637	0.5048467516899109	0.9348520636558533	0.43183621764183044	0.17406503856182098	0.00033126521157100797	-1.6432942152023315	-0.4553946256637573	-0.2718796133995056	1.7554558515548706	0.3348657190799713	1.1842851638793945	1.3925693035125732	0.38682276010513306	-0.3396719992160797	-1.1217283010482788	1.5408304929733276	0.3485145568847656	0.26147088408470154
-0.7751471996307373	0.375984787940979	-0.6731088161468506	-0.7018969655036926	0.2343786507844925	-1.419451117515564	-0.7474531531333923	1.1551166772842407	1.112565517425537	-0.1049247458577156	-0.8390078544616699	-0.9960500001907349	0.3632108271121979	-0.4400481879711151	0.8704335689544678	-2.089590072631836	-2.3632216453552246	0.48210379481315613	-0.21739181876182556	-0.5853898525238037	-1.249829649925232	0.6476646065711975	-0.23361901938915253	0.9782194495201111	1.5737186670303345	-0.11090229451656342
2.24014949798584	-2.2097253799438477	1.7587412595748901	0.5747365355491638	-2.365891695022583	0.14863073825836182	-0.09831104427576065	-0.8050458431243896	0.4289259910583496	-0.5988854765892029	-0.45097845792770386	1.1160725355148315	-2.796184778213501	1.925923466682434	-1.343788504600525	0.8625651597976685	-0.20109260082244873	1.7350239753723145	1.5283255577087402	0.01587110385298729	-0.7135191559791565	-0.07449410855770111	-0.16721618175506592	0.5371972322463989	-0.8778252005577087	0.8604538440704346
-0.937402606010437	-0.09153809398412704	0.0025625363923609257	-0.9165019392967224	-2.195472240447998	-1.305984377861023	-0.8427547812461853	2.495575428009033	1.4885250329971313	-0.22223447263240814	0.1652250736951828	-0.6991337537765503	-0.8962651491165161	-0.03754368796944618	0.3984735310077667	0.010960757732391357	0.28199535608291626	-1.1182864904403687	0.5609601736068726	-0.11567606031894684	-1.116746425628662	-0.46733757853507996	-0.7866934537887573	0.6353803277015686	0.6273746490478516	-1.1692924499511719
0.03971519321203232	-0.0008066644659265876	1.085200548171997	0.441689133644104	-0.5744884014129639	1.1445127725601196	-1.7451252937316895	-0.41408929228782654	-1.1583127975463867	0.48760131001472473	-0.3673149049282074	1.7866051197052002	0.271394819021225	-1.2123171091079712	1.6047234535217285	1.2162795066833496	0.4160897135734558	-1.4595727920532227	-0.9833754301071167	-1.1815977096557617	0.27645695209503174	0.6080185174942017	-0.6706133484840393	0.7208437323570251	0.5347214937210083	-1.3647677898406982
0.07614660263061523	-1.3587335348129272	-0.7595570087432861	-0.49810805916786194	0.725996196269989	0.7879760265350342	-0.13727810978889465	-2.0465142726898193	-0.30667099356651306	0.39898794889450073	-0.7594369649887085	0.051280729472637177	0.4077361524105072	-0.7556559443473816	0.4168010354042053	0.709261417388916	0.4347403645515442	-0.27977555990219116	-0.7090003490447998	-1.0406208038330078	-0.3232291638851166	-0.20846252143383026	-2.6627848148345947	-0.31992045044898987	1.0036545991897583	-0.9618368744850159
2.9225358963012695	0.9977267384529114	1.2521744966506958	1.2430648803710938	-1.3528767824172974	1.0993810892105103	-0.23256748914718628	-0.20728227496147156	-1.103360652923584	0.5814564228057861	0.02998029999434948	1.35981023311615	-0.051742203533649445	0.2402966469526291	-0.4352862536907196	-0.8716174364089966	1.1559642553329468	0.8249140381813049	-0.6859502792358398	1.1058220863342285	-0.34494978189468384	-0.6035435199737549	-0.3253268897533417	1.623173713684082	0.9139091372489929	1.2766785621643066
0.40828755497932434	-1.5769091844558716	1.431318998336792	-0.18966785073280334	1.4431346654891968	-1.3155431747436523	-0.5940669775009155	0.4493933916091919	-0.34856539964675903	-1.5510344505310059	1.0837184190750122	-0.7550723552703857	0.1522683948278427	0.8435189723968506	-0.9517114162445068	-1.692004919052124	-0.6172733306884766	-0.5679898858070374	1.4036173820495605	-2.6637234687805176	-0.6263797283172607	-0.7729659676551819	-0.9788452982902527	-1.385155439376831	0.5271238088607788	-0.09216389805078506
2.4669485092163086	0.2728879749774933	0.5944137573242188	1.7147663831710815	-1.31735098361969	0.6980065703392029	-0.9374765157699585	-0.5902113318443298	-0.8726858496665955	-0.6164180040359497	1.1673353910446167	0.04667740687727928	1.1876401901245117	-0.6431407928466797	-0.047309510409832	-0.32796919345855713	0.01678801141679287	0.5161014795303345	1.6130095720291138	1.1246626377105713	0.6301696300506592	0.5533873438835144	-0.8246214389801025	1.3372904062271118	-0.6730350255966187	1.754194736480713
1.1889041662216187	-0.7968631386756897	1.3939763307571411	0.9196134209632874	0.08415760099887848	1.0628044605255127	0.8736691474914551	-0.15577180683612823	0.9388383626937866	-1.141994595527649	0.4029110372066498	-0.1928291618824005	0.030720001086592674	0.08728387951850891	-0.7777745127677917	0.8915330767631531	-0.21371184289455414	0.24233396351337433	-0.8032110929489136	-0.5299023985862732	-0.4513295292854309	1.8472412824630737	1.3066624402999878	0.739822506904602	0.1659853607416153	-0.28538596630096436
0.6180272102355957	1.3838460445404053	-0.3889698386192322	0.866417407989502	1.1749447584152222	0.33419960737228394	0.3564542531967163	-1.657485842704773	-1.5606184005737305	0.8912574648857117	0.5699814558029175	-0.20499025285243988	0.569867730140686	0.1713748276233673	-0.44354912638664246	-1.1112475395202637	-0.7859228253364563	-1.1419203281402588	-0.6996851563453674	1.2567565441131592	0.9238418340682983	-0.6088871955871582	-0.2722279131412506	0.41873201727867126	-0.825930655002594	1.3948434591293335
1.8636384010314941	0.980048418045044	-1.635604977607727	0.34746411442756653	0.5624826550483704	1.2275804281234741	-0.9978218078613281	0.6311466097831726	-0.49992626905441284	-0.3836245834827423	0.5909164547920227	-1.5776268243789673	-1.6307871341705322	0.1667334884405136	-0.045986708253622055	0.7818402647972107	1.4908286333084106	-0.1406971514225006	-0.7573124170303345	-1.2279667854309082	0.43597713112831116	1.2857246398925781	0.03687109798192978	-1.2933859825134277	-0.4702620506286621	-0.2843185365200043
0.06837403029203415	1.0445901155471802	0.36006659269332886	-1.5699191093444824	-0.7917139530181885	0.06328509002923965	-1.5754525661468506	0.2448941469192505	0.7543140649795532	-0.03316734358668327	0.14620140194892883	0.42995592951774597	1.202585220336914	0.812087893486023	-0.5803570747375488	0.7534844875335693	0.6013215780258179	0.08029354363679886	-1.7582592964172363	-0.027400914579629898	0.10778721421957016	-0.4375193119049072	0.8997916579246521	3.3960273265838623	-0.27135026454925537	-0.42195338010787964
1.701165795326233	0.5399724245071411	-0.05934330075979233	-2.2143192291259766	0.19073103368282318	-0.2572561800479889	-0.8867835402488708	-1.0496046543121338	-0.09057218581438065	0.42389023303985596	1.9995503425598145	0.21200087666511536	1.0961064100265503	-0.2571072280406952	1.7305058240890503	-1.0762916803359985	1.0844529867172241	0.9562754034996033	-0.48932790756225586	1.2482084035873413	1.0246332883834839	1.6532974243164062	0.9423685073852539	0.7534091472625732	0.21605812013149261	0.5773612856864929
-2.0717151165008545	-0.3546273708343506	-0.07144827395677567	0.5453482866287231	1.838517665863037	1.0892983675003052	-0.5324662923812866	-0.21737363934516907	0.28932636976242065	-1.0089612007141113	1.048296332359314	-0.6841087341308594	-0.4009447693824768	0.22335577011108398	-2.06025767326355	0.08629285544157028	1.0675677061080933	-0.8465625643730164	0.31592094898223877	-0.12710213661193848	0.8577926754951477	-0.3738102912902832	-0.03612317517399788	0.08859118819236755	2.9270594120025635	-0.9376222491264343
1.514094352722168	0.5011031627655029	0.9899588823318481	-0.6974315643310547	-0.46711593866348267	0.9110375642776489	-0.3620993196964264	-1.0983792543411255	0.4052060544490814	0.7461307048797607	0.4857831299304962	-0.7352800369262695	-0.1816115528345108	-0.928215742111206	-1.3256158828735352	-1.7400516271591187	1.5625286102294922	-0.8560923933982849	0.15438078343868256	0.5104554295539856	0.3481982350349426	2.436371088027954	0.8847923874855042	0.1865767240524292	0.9241147041320801	-0.01690356433391571
-0.05245501175522804	0.13136258721351624	-0.4347900450229645	0.033014751970767975	1.5267319679260254	0.46924248337745667	-0.5685799717903137	-0.10145013779401779	-1.1474928855895996	1.9649202823638916	-0.5501652956008911	-1.7618516683578491	-0.07665334641933441	0.08382268995046616	-1.4405982494354248	0.6923761963844299	-0.6609671115875244	0.7683238983154297	0.8871370553970337	1.6740835905075073	1.191117525100708	-0.07140744477510452	-0.04351538047194481	0.35902658104896545	2.236098527908325	-0.8493285179138184
1.0634325742721558	0.5778071284294128	-0.855525553226471	1.4060107469558716	0.375333309173584	0.7123509049415588	-1.1357264518737793	-0.01596972718834877	-0.4452625513076782	-0.920319139957428	-0.04489053040742874	1.7646944522857666	-0.8649099469184875	-0.6341868042945862	-0.4176734685897827	-1.1261318922042847	-0.2410632073879242	0.7793518900871277	0.3579693138599396	0.725920557975769	0.23966844379901886	0.751775860786438	-0.5996040105819702	0.5157490968704224	-0.6508474946022034	0.21276873350143433
-0.3089126646518707	-0.4560777544975281	-0.8472925424575806	-0.7428069114685059	-0.0658983513712883	-0.8868075609207153	2.6121480464935303	-3.0140421390533447	-1.1667619943618774	-0.20118606090545654	0.18916237354278564	1.2381612062454224	-0.46204623579978943	0.3159504234790802	-1.3752453327178955	1.002536654472351	-0.46379563212394714	2.6892781257629395	1.3111438751220703	-0.060591258108615875	-0.08965679258108139	-0.6256968379020691	-0.06936642527580261	-0.8034934997558594	-1.129399299621582	-0.4863879680633545
0.4898858070373535	0.19077010452747345	0.29047688841819763	-1.6630902290344238	1.779037356376648	0.30541354417800903	-0.14728617668151855	-0.21451915800571442	-2.325209140777588	-1.9648034572601318	2.4928078651428223	0.5779430270195007	2.097799301147461	-0.6139021515846252	-0.3578908443450928	0.3191470205783844	-0.7931984066963196	-1.6645570993423462	-0.48749926686286926	0.2342471480369568	-1.367650032043457	1.5129938125610352	-1.1680635213851929	-1.84925377368927	1.008217453956604	0.9909811615943909
-0.309328556060791	0.638613760471344	0.3227081894874573	-2.8022620677948	0.37568557262420654	-0.44736963510513306	0.5443642139434814	-1.1007660627365112	-0.7518329620361328	-0.6964494585990906	1.022089958190918	-0.618511974811554	-0.4430607855319977	0.15139536559581757	-0.2620094418525696	-1.110460877418518	0.7182490825653076	0.7165156006813049	0.3934245705604553	1.3605146408081055	0.35296833515167236	-0.5125457644462585	-0.7463748455047607	-0.26745861768722534	-0.1190740168094635	0.6165550351142883
-0.1115751788020134	-0.2709399163722992	0.552969217300415	-0.07027879357337952	0.5900349617004395	2.692607879638672	-0.5751489996910095	-1.081281065940857	-0.6222739219665527	-0.9692941904067993	-0.0785420686006546	-1.6125025749206543	1.1032416820526123	0.6210382580757141	-0.4485167860984802	-0.414632648229599	-0.11156315356492996	-0.019154062494635582	-0.500904381275177	0.20656326413154602	-1.059984803199768	1.7226747274398804	-2.4153316020965576	-1.8863126039505005	2.426682233810425	0.235059455037117
-2.7208640575408936	1.9086058139801025	0.12220717966556549	2.6129467487335205	0.3103286623954773	-0.08184394240379333	0.3550375699996948	-0.6312384009361267	0.06505285203456879	0.15316179394721985	1.1907473802566528	2.1149580478668213	0.7052496075630188	-0.05944264680147171	0.7501747608184814	-0.3354897201061249	-0.07433624565601349	1.193932294845581	-0.15834291279315948	1.223413348197937	0.19902056455612183	-1.0238267183303833	-0.34215638041496277	1.11323082447052	2.2169253826141357	-0.5687715411186218
-0.10940767824649811	0.585252046585083	1.2160279750823975	-1.6698662042617798	-1.2417739629745483	-0.5589113831520081	2.5890514850616455	-1.042118787765503	0.44284185767173767	-0.6792442202568054	-1.37472403049469	0.775604784488678	-0.28996792435646057	0.9125798940658569	0.8613654375076294	-1.7975709438323975	-0.28165721893310547	-2.6286051273345947	1.717005729675293	-0.06898712366819382	1.783361554145813	-0.6944505572319031	0.6900001764297485	-1.1345889568328857	-1.0415127277374268	0.19637876749038696
-0.6311569809913635	-1.714066505432129	-0.2732967138290405	0.5599976181983948	-0.8264625668525696	0.030783627182245255	0.7829931974411011	1.1933754682540894	-0.03375864028930664	0.008045664057135582	0.035806525498628616	-2.2674448490142822	0.030384287238121033	0.23234602808952332	-1.3736083507537842	-0.8631209135055542	-0.698966920375824	-1.6093767881393433	0.47064417600631714	-1.054245948791504	0.0045957318507134914	0.9226051568984985	0.10753705352544785	1.887616515159607	0.21546708047389984	-1.802237629890442
-1.629381537437439	1.8365615606307983	1.1393483877182007	-1.2670097351074219	-0.3113308548927307	-1.9290913343429565	-2.7049710750579834	0.20422551035881042	-0.09485537558794022	1.5059417486190796	1.079236626625061	-0.4802761375904083	-1.2616304159164429	0.33651673793792725	0.39552024006843567	-0.5588521361351013	-1.0395427942276	0.29785239696502686	0.144746795296669	0.2106071263551712	-0.4871377646923065	1.4136117696762085	0.06296292692422867	1.4301639795303345	-1.690324306488037	0.7077490091323853
0.04185778275132179	-0.08439924567937851	0.9047693610191345	1.0441807508468628	0.2318977415561676	-0.3576609790325165	-0.2239845097064972	-0.38023024797439575	0.1314799040555954	1.083868384361267	0.1471492499113083	1.087620735168457	-0.37365034222602844	-0.5727190375328064	0.09887949377298355	-0.1395745575428009	0.5617152452468872	0.5270020365715027	0.031015587970614433	1.7456351518630981	0.4574248194694519	-0.25111937522888184	0.20647402107715607	-0.8055645227432251	0.13784736394882202	1.0976357460021973
0.1644606739282608	0.006159918382763863	1.0713865756988525	-1.0098474025726318	-0.7081812024116516	0.8394418954849243	0.674613893032074	0.4955892264842987	-0.8144683241844177	0.9349643588066101	-0.9961681365966797	-1.4312124252319336	0.2282157838344574	-0.28648996353149414	0.6210232973098755	2.389674186706543	2.1160097122192383	-0.9955053925514221	0.31706658005714417	0.43988922238349915	-1.717883825302124	1.1066895723342896	-1.0084573030471802	-0.6441627740859985	0.25844573974609375	0.3675575256347656
-0.6721883416175842	-1.0714597702026367	-1.7597485780715942	0.2950127124786377	-0.9548418521881104	0.08755319565534592	0.27870234847068787	0.9887908101081848	-1.1959669589996338	-0.07704564929008484	0.2553689181804657	-0.75927734375	-0.0942634642124176	0.907410740852356	-0.7600265741348267	-0.05013614892959595	-0.2928372919559479	-0.796295166015625	-0.6428049206733704	-2.416473388671875	-1.0174592733383179	-0.4677274525165558	0.16458381712436676	-1.8306313753128052	-0.7523857951164246	0.6111322045326233
-0.2828066349029541	-0.7796890735626221	-0.0326114296913147	-0.4313574433326721	0.6963226199150085	0.9519496560096741	1.2543139457702637	0.18917089700698853	-0.7883857488632202	-0.2565087676048279	-1.2039464712142944	0.47761186957359314	0.549224317073822	0.15072865784168243	-0.6322237253189087	1.7090511322021484	-0.20024675130844116	0.8941676020622253	-0.25410914421081543	-1.283686637878418	-1.4626493453979492	0.9191977381706238	-1.066378116607666	0.26289644837379456	0.37261268496513367	0.2999456226825714
0.774982750415802	0.02663297951221466	-0.6810023784637451	1.9078304767608643	-0.4809873700141907	-0.33088862895965576	-0.7807514667510986	-0.22295956313610077	-0.9024372696876526	0.142147496342659	-0.401634156703949	1.7678006887435913	1.4989560842514038	0.61733478307724	1.6400392055511475	-0.287724107503891	-1.0072214603424072	0.3279437720775604	-1.1729068756103516	-0.34753158688545227	-0.2444266676902771	1.7610080242156982	-1.4033787250518799	-0.7154790759086609	-0.4551413357257843	1.2711116075515747
-0.033031314611434937	0.6859940886497498	-0.049847424030303955	0.08907979726791382	-0.8244354128837585	1.541538953781128	-0.38395261764526367	-1.171463966369629	1.1671175956726074	0.10260488837957382	-0.12545382976531982	-3.4369571208953857	0.03992457687854767	1.6104152202606201	0.8543437719345093	0.5676270723342896	0.8786935806274414	-1.9503568410873413	-1.041214942932129	-1.0460020303726196	-1.1619197130203247	0.8955837488174438	0.29810774326324463	-0.8274753093719482	-0.21245355904102325	2.1700356006622314
0.911349892616272	-2.450512409210205	1.044748067855835	-0.9198145866394043	1.069865107536316	-2.1517484188079834	-0.3110111951828003	-0.3991694748401642	0.24880269169807434	-0.28319859504699707	0.6662302017211914	-1.0395135879516602	0.4882597327232361	1.212693691253662	-1.1239060163497925	0.3447389006614685	-0.7727811336517334	-1.2541303634643555	0.23714570701122284	0.18536004424095154	-0.8812485337257385	1.7313810586929321	0.49118220806121826	0.1769089251756668	-0.23950813710689545	-0.024439556524157524
0.8753963112831116	-0.3206997811794281	1.457165002822876	-0.14746524393558502	1.8096369504928589	-0.35635578632354736	-0.4200700521469116	0.3344397246837616	1.361680507659912	-1.4345735311508179	1.5832055807113647	-1.3006972074508667	-0.28850457072257996	0.6015095710754395	2.701561689376831	2.345294952392578	0.36645781993865967	1.3385405540466309	-0.24691857397556305	-1.225203514099121	0.4477520287036896	1.0036723613739014	-0.0915062204003334	-0.8805099129676819	-0.4110267460346222	0.5035673379898071
-0.8227812647819519	-0.10699526220560074	-0.485321044921875	0.040398918092250824	1.3044887781143188	0.7921997308731079	0.9598017334938049	-0.5013626217842102	1.6618021726608276	-1.118694543838501	0.40916699171066284	0.9441933035850525	0.7253648638725281	-0.31570664048194885	-0.2333243191242218	-0.1985306590795517	-0.5668502449989319	0.7067703008651733	3.650259168352932e-05	0.22480490803718567	0.29051730036735535	0.5473805069923401	0.8907318115234375	-0.4625246226787567	-1.2237015962600708	-1.0047916173934937
-3.351372003555298	-0.04851304367184639	0.6714003086090088	-0.9808589220046997	1.4646130800247192	0.1792161464691162	0.5859701633453369	0.5236219763755798	-0.36742743849754333	2.0758767127990723	0.5143324136734009	0.634772539138794	1.1041113138198853	-1.34551203250885	1.030342698097229	0.08179173618555069	0.6581297516822815	0.800899863243103	-0.03051603026688099	-1.137772560119629	-0.754365861415863	-1.3827242851257324	1.7858822345733643	-0.8778794407844543	0.4157925546169281	0.5623033046722412
-2.110074520111084	-0.2790796756744385	0.6914687156677246	0.16903884708881378	-0.770949125289917	0.4541163146495819	-0.5702471733093262	-0.9092556238174438	-1.1306114196777344	-1.3575900793075562	0.5386898517608643	-0.3456432819366455	0.15168365836143494	1.4231599569320679	-0.8376685380935669	-2.600841999053955	-0.6768680810928345	0.17455625534057617	-0.5843420624732971	-0.315640926361084	-0.2312709391117096	0.922031819820404	1.94503915309906	1.3970246315002441	-1.165074348449707	0.07248269021511078
-0.25998565554618835	-0.6928157210350037	0.2396293729543686	1.5479161739349365	-0.5134605765342712	-0.06792076677083969	-0.8557807207107544	0.9673047661781311	0.02298062853515148	-0.6353108286857605	1.4597201347351074	0.49349305033683777	-0.14782963693141937	0.4681470990180969	0.9730849862098694	-0.4375075101852417	-0.3128836154937744	1.1292879581451416	-0.4174237847328186	-0.4411367177963257	1.9654691219329834	-0.21473240852355957	0.3796924948692322	-1.413211703300476	0.36191678047180176	-0.4250965714454651
-1.9537744522094727	0.7337769865989685	-0.6120975017547607	0.7658936381340027	0.15372225642204285	-0.16260026395320892	-1.435093879699707	-1.1305172443389893	1.4860666990280151	-0.5375956296920776	-0.19709603488445282	-0.205629363656044	0.5875896215438843	-1.1709647178649902	0.4737529158592224	-0.40856844186782837	-1.2719627618789673	1.8001537322998047	0.7643125653266907	0.43498387932777405	-1.1525572538375854	-0.2633737325668335	-0.33465686440467834	0.3077918291091919	-0.6215758919715881	0.08415120095014572
0.6067538261413574	-1.0514699220657349	1.103367567062378	0.9210893511772156	0.258441686630249	-0.4230227470397949	0.3930390775203705	-0.24868467450141907	-0.2580251693725586	-1.771892786026001	0.40473976731300354	1.5674395561218262	0.572625994682312	0.032915327697992325	0.06277833878993988	-0.7402059435844421	-1.595584511756897	-1.9925100803375244	1.1105244159698486	0.8357513546943665	2.1322710514068604	-1.2872627973556519	-0.5928210616111755	0.17063508927822113	0.6996964812278748	-1.068590760231018
-0.24917656183242798	0.37016355991363525	-0.005956011824309826	-0.4566638469696045	0.27736032009124756	-0.43994247913360596	2.6410725116729736	-1.2161377668380737	-1.5602385997772217	1.2586177587509155	-0.9763807654380798	0.8145407438278198	0.1514470875263214	1.1511356830596924	-1.8021767139434814	0.7097554802894592	0.69296795129776	-0.24950282275676727	-0.6033714413642883	0.8604853749275208	0.7916962504386902	1.1050680875778198	-0.39210543036460876	-1.9279707670211792	-0.6185668706893921	-0.22983410954475403
0.3565543293952942	-0.8892314434051514	0.435342937707901	-2.3629393577575684	0.6112422943115234	2.358546018600464	-1.4274760484695435	0.08566687256097794	-0.47100090980529785	1.774297833442688	-0.8451312184333801	0.4349796175956726	-1.539965033531189	-0.9490877389907837	-0.7526047825813293	-1.4358400106430054	1.410265564918518	-0.9820260405540466	-0.30287301540374756	0.18522164225578308	-0.7843907475471497	0.9860078692436218	0.9589830040931702	1.3830547332763672	0.03743542358279228	0.6712142825126648
-0.0003622766525950283	0.0858723521232605	-0.29670047760009766	-0.3074888586997986	-2.3405511379241943	2.367319345474243	0.06495476514101028	-0.2219332456588745	0.23718464374542236	-0.5735369324684143	-1.1988608837127686	-1.8398456573486328	-0.07883721590042114	0.9347386956214905	0.38874581456184387	-0.4521520435810089	-0.11941507458686829	-1.2328555583953857	0.012222899124026299	-1.4737008810043335	-0.24329856038093567	0.5050666332244873	1.3955113887786865	-0.10366090387105942	-0.3117455244064331	-1.1644655466079712
0.256237268447876	-2.053849697113037	-1.8275578022003174	-1.2148947715759277	0.3480394780635834	0.447521835565567	-0.5492618083953857	-1.6950844526290894	1.1760989427566528	0.04993283748626709	-1.2089873552322388	0.12404236942529678	0.239898681640625	0.6277421116828918	-1.0640459060668945	-0.194648876786232	0.18344897031784058	0.19156457483768463	0.7178526520729065	0.40589258074760437	1.4767733812332153	-0.646108865737915	0.7387721538543701	0.5106779336929321	-1.4000037908554077	0.2817316949367523
-2.841466188430786	0.4804108142852783	0.1981385052204132	1.9690762758255005	0.13031235337257385	-0.5584959983825684	-0.6883798837661743	0.3966306149959564	-0.1847866326570511	0.7032473683357239	-0.8290719389915466	0.09186899662017822	1.0516536235809326	-1.0040333271026611	-0.17491361498832703	0.31337448954582214	0.29574674367904663	-1.3050568103790283	1.7432305812835693	0.5296812653541565	0.02110317535698414	-0.7930334210395813	-1.3049497604370117	-0.4806838035583496	-0.16375194489955902	1.9442662000656128
0.5890384316444397	0.36133092641830444	-0.42705661058425903	-0.10006637126207352	0.08735412359237671	0.8015474081039429	0.30747169256210327	-0.19321416318416595	-0.5710210204124451	0.9626676440238953	0.39652305841445923	0.9739238023757935	-0.14950115978717804	1.3094265460968018	-0.05649738013744354	-0.11199168860912323	0.7550007700920105	0.6225588321685791	-0.764111340045929	-0.3640402853488922	0.18212205171585083	-1.7156633138656616	0.5017915368080139	0.09589864313602448	0.40507179498672485	-0.37377676367759705
0.5196871161460876	1.0832595825195312	-0.6668253540992737	-2.061187982559204	0.5104002356529236	-0.7645243406295776	0.5887270569801331	0.11123158037662506	0.28782492876052856	0.26110315322875977	0.29422029852867126	1.1164084672927856	0.5498930215835571	2.761356830596924	0.10756365209817886	0.32054245471954346	0.4096538722515106	0.1562868058681488	-0.8223694562911987	1.7691768407821655	1.3079007863998413	-0.37714970111846924	0.24682961404323578	-0.3856063187122345	1.4730401039123535	-1.546028733253479
-0.49654263257980347	0.015071782283484936	-0.6617729067802429	-0.21553030610084534	-1.3820472955703735	-1.3398044109344482	0.09388334304094315	-1.8844943046569824	-0.24373003840446472	-1.5228456258773804	-0.15480785071849823	1.075958251953125	1.6328765153884888	1.2122029066085815	-0.26972705125808716	1.3506461381912231	-0.05458834022283554	-2.058340311050415	-0.04603567346930504	-0.45168039202690125	0.15743353962898254	1.493917465209961	-0.713587760925293	0.37168776988983154	-2.0203499794006348	0.4974275529384613
0.22887161374092102	0.02186262048780918	0.026250887662172318	1.093856930732727	-0.35170772671699524	-0.15648551285266876	-0.5348319411277771	-1.698900580406189	0.2876688539981842	-0.6300147771835327	1.0236191749572754	-1.405592918395996	-0.0027416301891207695	1.0150009393692017	0.06864316761493683	-1.0586515665054321	3.315335988998413	-0.8962827920913696	0.4968704581260681	-1.0226353406906128	0.7228878140449524	-1.1677600145339966	0.5062165856361389	0.3335818946361542	-1.6064826250076294	-0.7014738917350769
0.16135063767433167	-0.0027758232317864895	-0.743547797203064	0.23737254738807678	0.0032401790376752615	0.4849705100059509	-0.878022313117981	2.0479793548583984	0.8131403923034668	-0.39736172556877136	1.7462165355682373	-0.7890210747718811	0.28057220578193665	0.8938151001930237	1.3955090045928955	0.8349493145942688	0.2222745269536972	-0.6134470701217651	-0.27986159920692444	0.1719568371772766	1.9330036640167236	-1.247590184211731	1.4672605991363525	0.0021614369470626116	-0.6340027451515198	-0.4041691720485687
0.6500569581985474	-1.3517851829528809	0.3057457208633423	0.25606536865234375	2.0556700229644775	0.46820980310440063	-0.46529048681259155	-1.0778379440307617	-0.25853705406188965	-0.609699010848999	1.2583645582199097	-0.8063803911209106	0.16152779757976532	0.26789212226867676	-0.8431292772293091	0.4517214000225067	0.0029491628520190716	-2.133147716522217	-1.2995015382766724	-0.7182962894439697	-1.2399321794509888	0.7843997478485107	2.5057671070098877	-1.3316468000411987	-0.6846477389335632	-1.433822512626648
1.247828722000122	1.2460778951644897	-0.6492735743522644	-0.7600679993629456	0.9125729203224182	-0.23343241214752197	-0.7607513070106506	0.6084283590316772	0.7716963887214661	0.12271640449762344	1.0620167255401611	0.5348426103591919	-1.4472835063934326	-0.4815843999385834	-0.13975463807582855	2.1321089267730713	0.9717777967453003	-0.8038994073867798	-0.47362852096557617	-0.504166305065155	0.8240437507629395	-0.3858659267425537	0.7756389379501343	-0.4889424443244934	-0.7371995449066162	-0.33733949065208435
-0.8310790061950684	-0.07199253141880035	-1.5392106771469116	-1.2215150594711304	-0.48780810832977295	0.951192319393158	-2.353900671005249	0.7376229763031006	-0.9689048528671265	-0.6950061917304993	0.471806138753891	0.38883328437805176	-1.2126946449279785	-0.2710818946361542	0.47474026679992676	1.7369993925094604	-0.8496949076652527	0.19117717444896698	0.5375633835792542	-0.004861106630414724	1.3294669389724731	1.141019344329834	0.8765295147895813	-1.8644590377807617	0.06968864798545837	0.4141703248023987
-0.45150646567344666	-0.6677842140197754	-0.553825318813324	-0.7601522207260132	-0.2539554834365845	-0.47347021102905273	0.8683340549468994	-0.10916981846094131	-0.33565211296081543	1.0573407411575317	0.000361106067430228	-0.12012451887130737	-0.15371164679527283	1.3824737071990967	-0.9076204895973206	-0.3217897117137909	-0.36146068572998047	-1.2135388851165771	0.39250797033309937	0.291384756565094	0.913007915019989	3.3564040660858154	-0.14926570653915405	0.06438668817281723	-0.7059402465820312	-0.41798168420791626
-0.1326310932636261	0.7279965877532959	-1.4513031244277954	-0.800972580909729	-1.6049153804779053	1.4021953344345093	0.7850660681724548	0.7562441825866699	2.436692714691162	-0.22948746383190155	-0.0660497173666954	-1.5011117458343506	-0.11268310248851776	0.3987801671028137	0.0988510325551033	0.49418705701828003	1.9504444599151611	-0.08151867985725403	-0.06204408407211304	0.3391898274421692	-0.12443195283412933	-0.34818851947784424	0.1715840846300125	0.27696096897125244	0.39252111315727234	1.0853391885757446
-0.36814114451408386	-0.28717923164367676	-0.9699862003326416	-0.13032111525535583	-1.0809589624404907	1.8088867664337158	0.15366879105567932	-0.7301589846611023	-1.0287795066833496	1.3930569887161255	0.4706278145313263	0.765526294708252	-0.30204734206199646	0.3285508155822754	0.5345008969306946	0.12781016528606415	1.515315055847168	-1.0151543617248535	-1.776335597038269	0.34785398840904236	0.0247614998370409	1.0341004133224487	0.677692711353302	-0.4981432855129242	0.20626579225063324	-0.7599135637283325
-0.4259101450443268	-1.820789098739624	0.21344760060310364	0.1715385913848877	-0.5064685940742493	-1.3267492055892944	1.318880558013916	1.6442489624023438	-1.1341497898101807	-1.0096912384033203	-0.8742555379867554	0.5160499215126038	-0.33067694306373596	-1.7395098209381104	-1.2085460424423218	-0.6084272265434265	0.8604738712310791	0.24413324892520905	1.0246211290359497	1.1777939796447754	0.5373233556747437	-1.8853026628494263	0.7850537896156311	0.7398524284362793	1.6255525350570679	1.0107781887054443
1.0057429075241089	-0.03995079919695854	-1.6188138723373413	0.2891109585762024	-0.966792643070221	-1.404874324798584	-0.6516401171684265	0.630866527557373	0.3360975384712219	-0.3777328133583069	1.9984524250030518	-0.4463956356048584	1.4635313749313354	1.0661948919296265	-1.7137256860733032	-0.10697811096906662	0.6382040977478027	0.23663397133350372	1.3682293891906738	-0.06057228520512581	1.7744901180267334	0.350429505109787	-0.8093482851982117	-0.2761106491088867	1.3356823921203613	-0.2938575744628906
0.012035858817398548	-0.0807131677865982	0.8647094368934631	1.4879701137542725	-0.12079011648893356	-0.48898959159851074	0.5491553544998169	-0.03711661696434021	-0.27980712056159973	1.416191577911377	1.8875895738601685	0.6913333535194397	2.0542542934417725	0.8977663516998291	-0.48583289980888367	0.141973078250885	-0.439583420753479	-0.26342856884002686	-0.43064430356025696	0.17135870456695557	-0.15622656047344208	0.18139956891536713	1.2971510887145996	1.0310598611831665	-0.6998603343963623	0.6079756021499634
-0.14717914164066315	1.171165943145752	-0.9106748104095459	0.7590724229812622	-0.8691571354866028	-0.12561248242855072	-0.9327706098556519	-0.31211453676223755	-1.1695696115493774	0.5927367210388184	0.8458775281906128	0.8593575954437256	0.21458382904529572	-1.1925970315933228	-2.343271017074585	-0.29375091195106506	0.13693901896476746	-1.5007883310317993	-2.588557720184326	0.4619453251361847	1.7206017971038818	0.4491479992866516	-0.27028870582580566	1.317297101020813	0.7152000665664673	1.4002050161361694
-0.19092288613319397	-0.4782797694206238	0.6144431233406067	0.637667179107666	0.40454617142677307	-0.6881307363510132	-0.4151509404182434	0.7351529002189636	-0.10897009074687958	-0.1632627695798874	-0.5713587999343872	1.6907918453216553	-0.5116899013519287	-1.3569914102554321	1.1557347774505615	-1.9826213121414185	-1.1543487310409546	-0.9703670144081116	-1.0864837169647217	0.41052526235580444	-0.2931993901729584	0.28522756695747375	-0.31468406319618225	1.2469645738601685	-0.8099300265312195	1.7612770795822144
-0.12382031977176666	0.47640058398246765	0.6248800158500671	-0.0067012496292591095	0.21883107721805573	0.5955210328102112	-0.9748778939247131	-0.8495176434516907	0.24980279803276062	0.7146185636520386	0.7660422325134277	-0.08331605792045593	0.15117929875850677	-1.269566535949707	0.46891072392463684	0.1654750555753708	1.1035236120224	-0.867932140827179	-0.9108050465583801	-0.5326897501945496	1.2359018325805664	0.7060914039611816	-1.1651610136032104	-0.4312966763973236	0.641836404800415	-0.5643601417541504
-0.9635452628135681	-1.3523411750793457	-0.28237155079841614	1.321502447128296	-1.2351269721984863	0.2314363270998001	-1.4682300090789795	-0.42535462975502014	-0.6174224019050598	-1.5619699954986572	-0.10249316692352295	0.6111387014389038	-0.5646264553070068	0.6074267029762268	1.5842933654785156	0.6890341639518738	0.6030856966972351	-1.2321109771728516	0.757258951663971	-0.9556729793548584	-0.31956958770751953	0.3958033323287964	0.7050892114639282	-0.6172510981559753	1.5308557748794556	1.188955307006836
0.004486188292503357	0.2747366428375244	-0.09961072355508804	0.5876925587654114	-1.709324598312378	0.47446027398109436	1.6154491901397705	1.277532696723938	1.8679507970809937	-3.308872699737549	0.5164623856544495	-0.2881017029285431	0.38658618927001953	-0.23575694859027863	-1.2914820909500122	-1.897275447845459	0.4000556468963623	1.1929422616958618	-0.4054585099220276	0.21040047705173492	-1.5910521745681763	0.09481792896986008	-0.6942740082740784	0.7757683992385864	-0.14857041835784912	0.14324302971363068
0.2996368408203125	0.5775435566902161	-0.566730797290802	0.3508419692516327	-0.342258483171463	0.4135618805885315	0.11095399409532547	-0.7774388790130615	0.4308833181858063	2.0278923511505127	-1.254210114479065	0.2057921290397644	0.9993406534194946	-0.2579069435596466	0.2515377104282379	-0.001941532245837152	0.2315855473279953	0.7767887115478516	1.5254552364349365	-0.2015305608510971	-0.25579845905303955	0.9940102696418762	1.7255898714065552	-0.40006476640701294	-0.3880908191204071	1.4090076684951782
-0.013828238472342491	0.9114027619361877	-1.42900812625885	0.35687369108200073	-1.1670538187026978	-1.5613259077072144	0.5916576385498047	0.6148525476455688	-1.1832023859024048	1.1398144960403442	-0.4935894310474396	1.4654650688171387	0.5309216380119324	-0.6912962198257446	0.6970223784446716	1.1020114421844482	1.2986849546432495	0.06497908383607864	-1.0984082221984863	0.15220315754413605	0.14853867888450623	-0.8885672092437744	-1.6063330173492432	0.8469061851501465	-0.25880277156829834	0.9276198148727417
-0.04953783378005028	-0.5512943863868713	-1.1824140548706055	-1.4879530668258667	1.0661885738372803	-0.7916396856307983	0.40975937247276306	0.4494535028934479	0.9707441329956055	2.20357608795166	-1.198894739151001	-0.9949694275856018	0.4396257698535919	1.1376687288284302	-0.6449790596961975	-1.541308879852295	-0.9067014455795288	0.3710913062095642	-0.6451531648635864	0.031851232051849365	0.1801755130290985	0.08317868411540985	1.184409737586975	1.180551290512085	0.9878190159797668	0.6376305222511292
-0.19917742908000946	0.41782620549201965	0.4654558598995209	0.8602105975151062	0.5050098299980164	-0.6241563558578491	0.8843035697937012	-1.6340960264205933	0.4067973792552948	-0.255009263753891	0.6935054659843445	0.7890331149101257	-1.0886459350585938	0.3041988015174866	-1.3325761556625366	0.8569379448890686	0.01824953965842724	-0.22667580842971802	0.08324779570102692	0.452899307012558	0.18225854635238647	-0.09531931579113007	0.28264814615249634	0.5977420806884766	1.7824676036834717	0.8690686821937561
1.8083888292312622	1.2848315238952637	-0.04117075353860855	0.18650352954864502	1.733552098274231	-0.2702217102050781	0.9815987348556519	-1.772179126739502	0.25845596194267273	-0.3223932087421417	1.0176633596420288	-0.7907120585441589	0.3287130892276764	-1.391198992729187	0.9244540333747864	0.05352320894598961	0.19170235097408295	0.7126337289810181	1.2572715282440186	1.6403840780258179	-0.43421539664268494	-0.967894434928894	-0.0729740634560585	0.9092742204666138	-0.009485199116170406	-0.09755877405405045
-1.8580645322799683	-0.7403424382209778	-1.0986791849136353	-0.19723525643348694	-0.2070610076189041	-0.5812819600105286	-0.9819576740264893	-0.7602128386497498	-0.3643750250339508	0.6368800401687622	-0.25376737117767334	-1.5905417203903198	0.4668222963809967	-1.4043993949890137	-1.275316834449768	-0.7568016648292542	-0.7310460209846497	-1.0848987102508545	-0.7980665564537048	-1.1257975101470947	-0.5318947434425354	1.951672077178955	-0.842290461063385	1.5010144710540771	-0.7861765623092651	0.13611358404159546
2.388409376144409	-0.23342402279376984	1.1121535301208496	-1.5040327310562134	-0.10366875678300858	-0.4113030433654785	-1.487362265586853	1.543721079826355	0.8746649622917175	-0.4165516793727875	0.08935394883155823	-0.16313336789608002	-0.450288861989975	-2.1741790771484375	1.191636085510254	-0.7374371290206909	0.06448373198509216	-0.6783475875854492	0.41915518045425415	1.425636887550354	0.3892175257205963	-0.32212120294570923	0.36049148440361023	-0.971356213092804	-0.41608136892318726	-0.6631996035575867
0.6850727200508118	1.0188525915145874	0.9832165837287903	-0.24546822905540466	-0.9346939325332642	0.050818562507629395	-1.454366683959961	-1.0184344053268433	0.18534214794635773	0.5932279825210571	1.1422553062438965	-0.6276316046714783	-0.9119540452957153	0.2310095727443695	-0.415086567401886	1.2131390571594238	-0.15665379166603088	-0.8100265860557556	-0.9866176843643188	-0.18941287696361542	-0.048755865544080734	-1.3454444408416748	2.1720714569091797	-0.7803058624267578	-0.575947642326355	0.5542416572570801
-1.4875257015228271	1.4076719284057617	0.031259797513484955	0.3331853747367859	-0.11756869405508041	-1.4720349311828613	-2.5184900760650635	-1.1773189306259155	0.4147823452949524	0.8520515561103821	-0.8362663388252258	0.4532182514667511	0.16966138780117035	1.7268401384353638	0.9071107506752014	-0.5893899202346802	1.7858537435531616	0.1551947295665741	-0.3751808702945709	0.4174489378929138	1.9110671281814575	0.6386612057685852	-0.32187774777412415	0.772759735584259	0.15902234613895416	-1.3852887153625488
1.1677830219268799	2.9134302139282227	-0.6814327239990234	0.5639408230781555	-1.2878894805908203	0.2997429668903351	1.201393961906433	-1.0283520221710205	-0.3901968002319336	1.1793230772018433	0.03505231812596321	-0.9375631809234619	0.7856420874595642	1.769263744354248	1.6096255779266357	0.6437892913818359	0.1807711124420166	0.5053352117538452	-1.9165021181106567	0.6547861099243164	1.9458823204040527	-2.0234174728393555	-0.18901032209396362	0.3447253108024597	-0.23414887487888336	-0.17401272058486938
0.3008325695991516	1.7940434217453003	0.49500951170921326	1.0970598459243774	0.840757429599762	-0.2020784616470337	0.6982225179672241	-1.795856237411499	-0.09996043145656586	-0.6782684922218323	-0.8747746348381042	1.002557635307312	0.9641135334968567	0.5902669429779053	-0.7398654222488403	1.1918879747390747	-1.0543458461761475	0.16062003374099731	1.3340646028518677	-2.335089683532715	-0.30121320486068726	0.8931303024291992	-1.1323591470718384	-0.5574917197227478	-0.9220020174980164	-0.8898497223854065
1.4205200672149658	1.5504114627838135	-0.9551661014556885	1.670979380607605	0.5830653309822083	1.2302076816558838	-0.625970184803009	-1.0644612312316895	-1.0816982984542847	1.483023762702942	0.23562082648277283	0.309039443731308	1.6911112070083618	-0.5021780729293823	0.45040926337242126	-0.9530282616615295	-1.7434853315353394	0.05336827039718628	0.3930521309375763	-0.23692020773887634	1.2025424242019653	0.5436469316482544	-0.9308386445045471	-0.28093987703323364	0.3894214630126953	0.8337731957435608
-1.180669903755188	-0.5202613472938538	-1.0676674842834473	-1.2323468923568726	0.7035753726959229	-0.29654714465141296	-0.1746099442243576	-1.0094854831695557	-0.05160510912537575	2.122311592102051	-0.9241169095039368	1.835432767868042	1.997857928276062	-0.1687733232975006	-0.050480250269174576	-1.5060551166534424	-1.4765300750732422	0.3552394509315491	-1.2419838905334473	-0.06063128635287285	0.13683979213237762	0.3946850299835205	-0.5567504167556763	1.4112699031829834	0.3362458050251007	0.7903624176979065
0.27193471789360046	-0.9331880807876587	-0.16693857312202454	0.10277928411960602	-1.9106284379959106	0.2033998668193817	0.5826245546340942	0.11416091024875641	0.06396429985761642	-0.49675917625427246	-0.4650163948535919	0.6345880627632141	1.2487000226974487	0.010607967153191566	-0.20317119359970093	-0.8666175603866577	-0.1604364961385727	-0.20790934562683105	0.4701971411705017	1.4703015089035034	-1.038377046585083	-0.8320824503898621	-0.622269332408905	1.545701265335083	-1.2509390115737915	2.100088119506836
1.8082752227783203	-0.32141122221946716	0.5595287680625916	-1.1100870370864868	0.09045636653900146	1.0563236474990845	0.9598972201347351	2.7326042652130127	0.44050896167755127	0.8555518388748169	-0.2704277038574219	0.05422936752438545	-0.0015943699982017279	-3.088163375854492	-0.6321337819099426	-0.5563179850578308	-0.6994968056678772	-0.32353049516677856	-0.10173601657152176	1.3532432317733765	0.18033260107040405	1.695824384689331	-0.40682321786880493	-0.4629914462566376	-0.5043594241142273	1.0321425199508667
0.9751307964324951	-1.7754849195480347	-0.665526807308197	0.3174918293952942	-0.45698481798171997	1.498445749282837	0.6573656797409058	-0.7927791476249695	-0.08976023644208908	1.066321849822998	-0.09551399201154709	1.6205235719680786	-0.16085487604141235	-0.8514722585678101	0.7602322697639465	-0.8901699185371399	-0.5710243582725525	-0.28910884261131287	-0.02967776730656624	-1.2344646453857422	0.6598934531211853	0.1448400318622589	-0.6863753199577332	0.6005017161369324	0.9286642670631409	-0.9750842452049255
0.3396197259426117	-0.2780435383319855	-0.3718181550502777	1.7734543085098267	-0.7192856669425964	-1.433008074760437	1.8196943998336792	0.30126407742500305	-1.665083408355713	-1.5687768459320068	1.8492685556411743	1.244896650314331	-1.8871067762374878	-0.7895693778991699	0.6694406867027283	-1.4862337112426758	-1.0880047082901	-0.8877428770065308	0.4138455390930176	-1.0276765823364258	0.914402425289154	0.575413167476654	-0.7595299482345581	-2.710977792739868	0.5454317331314087	-0.4372056722640991
1.2319000959396362	0.5918992757797241	0.8229609131813049	0.35120052099227905	0.09208448976278305	-0.34284707903862	0.10858539491891861	-1.484252691268921	-0.590381383895874	-0.2884308099746704	-0.01584593579173088	-2.0871422290802	1.067877173423767	-0.6087502241134644	0.5764108896255493	-1.0158416032791138	0.6036237478256226	-0.9767184257507324	1.062514066696167	1.077837586402893	0.48000234365463257	-0.37344810366630554	-1.157226324081421	-1.742405652999878	-0.5511253476142883	-1.1926895380020142
0.8887267112731934	0.14240236580371857	-0.1081605926156044	-2.320573329925537	-0.13111917674541473	-0.5868425369262695	-1.6920617818832397	0.48635339736938477	0.9182554483413696	-1.1079788208007812	-1.0840768814086914	2.158704996109009	-0.9397634863853455	-0.16516971588134766	1.125015139579773	1.1163647174835205	0.6903358101844788	-1.4863444566726685	0.9381648898124695	0.000871653261128813	1.6553407907485962	0.5023522973060608	-1.8021504878997803	0.5791884660720825	0.4046737551689148	-1.779665231704712
1.5948525667190552	-0.05923967808485031	0.6344774961471558	-0.31866979598999023	-2.25126314163208	-0.04033157601952553	-1.4692497253417969	0.06877943128347397	2.4110963344573975	1.2307977676391602	1.5772833824157715	0.3824935853481293	-1.1362013816833496	2.056032180786133	-1.858726143836975	0.3609035909175873	0.6301257014274597	-0.10718657076358795	-0.9150426983833313	-1.3238261938095093	-0.1954876035451889	0.8026390075683594	0.26482468843460083	1.2965847253799438	0.18553557991981506	-0.5855631828308105
0.5581480264663696	1.3566031455993652	-0.2209497094154358	0.48719555139541626	-0.1437234878540039	2.414949893951416	0.8106124401092529	-1.012044906616211	0.9430874586105347	0.6455599665641785	0.8746452331542969	-0.40802881121635437	-0.5697445273399353	-0.3498346507549286	0.3650035560131073	1.270838737487793	-0.42197903990745544	-0.8309118747711182	-0.41708552837371826	-0.5649650692939758	0.6087227463722229	0.8222113847732544	-0.6211405396461487	-0.9233048558235168	1.4607824087142944	1.4773248434066772
1.1853653192520142	0.30209115147590637	-2.0155978202819824	-1.3226615190505981	0.31925636529922485	-0.12099294364452362	-0.14633691310882568	-0.7731370329856873	1.1322349309921265	-0.875191867351532	-1.3683860301971436	-0.3444046974182129	0.9670667052268982	-1.9484686851501465	0.6664953827857971	0.12597964704036713	0.8599293828010559	2.2829792499542236	-0.6808868646621704	-0.29357555508613586	1.4466694593429565	2.0899879932403564	-0.6365758776664734	-1.2127355337142944	2.019937038421631	-1.387656569480896
1.073156714439392	0.007339824456721544	1.2131327390670776	1.2966388463974	-0.6889767646789551	-0.8077731728553772	-0.2726552188396454	1.1408162117004395	-0.9269106388092041	-0.8931718468666077	1.1933578252792358	0.5273862481117249	-0.25905075669288635	1.1330002546310425	-1.062011480331421	1.5174895524978638	-1.223826289176941	1.3074668645858765	-1.226950764656067	-0.6866068243980408	1.415501356124878	-0.5653277039527893	-1.97189199924469	-0.4348088800907135	-0.21343040466308594	-1.0416755676269531
-2.040236473083496	1.9464548826217651	-0.5671378374099731	-1.626626968383789	-0.39355549216270447	0.07885237783193588	-0.7524617910385132	-1.2805215120315552	-1.210527777671814	0.29449284076690674	0.8051014542579651	-0.27398043870925903	0.8619664311408997	-0.7733616232872009	0.18470177054405212	-0.5609835386276245	-0.3994871973991394	-1.7469615936279297	1.4399073123931885	0.22900758683681488	0.1619226634502411	-1.3783243894577026	-1.7930516004562378	-0.1104447990655899	-1.6541460752487183	0.8006647825241089
0.07427313178777695	-1.5158627033233643	0.4406137466430664	-1.7714494466781616	-0.37031203508377075	-1.8054325580596924	-1.0830849409103394	0.18134181201457977	-2.055983781814575	-0.28554338216781616	0.039036061614751816	0.9036732912063599	-0.12982402741909027	-0.8374180793762207	0.4783417880535126	-0.7151780128479004	0.23625653982162476	-1.4862408638000488	0.9321141242980957	-0.047446709126234055	-0.6230452060699463	-0.013432399369776249	1.213134527206421	-2.612719774246216	-1.3878055810928345	-0.31320852041244507
0.9684572219848633	1.0061451196670532	0.08557606488466263	0.8747492432594299	-1.3562157154083252	1.1819692850112915	-1.6396055221557617	-1.034945011138916	-0.6429679989814758	0.31749463081359863	0.8846457004547119	-1.066962480545044	1.9420949220657349	0.5929461121559143	-0.716617226600647	0.36106884479522705	-0.22427691519260406	-0.09313131123781204	-1.2323760986328125	1.2912098169326782	-0.032301709055900574	-0.5829381346702576	-0.7270437479019165	-0.665337324142456	0.4494823217391968	0.2802068889141083
0.04311006888747215	0.9706355929374695	0.3509836792945862	0.2513343095779419	0.22319135069847107	-0.33572623133659363	-0.12413616478443146	-0.605500340461731	-1.1629425287246704	0.5356002449989319	1.669121265411377	-1.2844680547714233	-0.3436860740184784	0.30391472578048706	-1.0593721866607666	-2.339310884475708	0.7115969657897949	1.1061562299728394	-0.3966273069381714	-0.7380300760269165	-0.21036432683467865	-0.3242752254009247	0.18797191977500916	-0.034961435943841934	-1.3335453271865845	0.6643124222755432
1.145993709564209	-0.8176156878471375	-2.972222089767456	-0.7076471447944641	0.14501851797103882	0.891925573348999	0.49197617173194885	0.4507541060447693	0.9820336699485779	0.73429274559021	-0.7854331135749817	-1.6300145387649536	-0.8890302777290344	-0.29718753695487976	0.17381303012371063	0.0645885095000267	-0.8250097036361694	1.4033150672912598	0.5395755767822266	-0.7223638892173767	0.9201855659484863	1.336069941520691	-1.221420168876648	-0.5210779309272766	0.5149505734443665	0.5367730259895325
-0.7135041356086731	0.9139110445976257	-1.2936326265335083	-0.7000537514686584	-0.09516093134880066	-0.09430381655693054	0.02038654498755932	0.20174691081047058	1.5479203462600708	1.753015398979187	1.1452686786651611	-0.051267072558403015	-0.6999271512031555	-0.19221822917461395	0.6137646436691284	-0.35392555594444275	0.4178110659122467	-0.624317467212677	-1.3623229265213013	-1.2419315576553345	0.5277945399284363	-0.25104525685310364	-1.1459733247756958	-1.3247075080871582	-0.8694133162498474	0.894164502620697
0.9762751460075378	1.5789530277252197	0.4768362045288086	-1.043015718460083	1.6669466495513916	-0.5396907329559326	0.05588322505354881	-0.7237043976783752	0.43674376606941223	-0.13384993374347687	-0.2866235077381134	-0.2744693160057068	1.085435390472412	0.5413025617599487	0.3553944528102875	1.1727571487426758	-0.5745212435722351	0.9571616649627686	-1.1901179552078247	0.17467163503170013	-0.630222499370575	0.7896233201026917	1.0076935291290283	0.18559569120407104	1.7892065048217773	1.3846982717514038
-0.8902630805969238	0.5718346834182739	0.4651990532875061	-0.2259008139371872	0.140432670712471	-0.8239443302154541	-0.616722047328949	-0.7667055130004883	0.41269609332084656	1.5340898036956787	0.8662322759628296	-0.25029051303863525	0.08889263868331909	0.1904597133398056	-1.1858949661254883	-1.1829649209976196	0.10197049379348755	1.0445102453231812	1.5041825771331787	0.7693138718605042	-0.26185905933380127	-0.7722041606903076	-0.29390206933021545	0.4520277976989746	0.11483200639486313	-0.21117521822452545
-2.159806489944458	0.2564379572868347	-0.22930094599723816	0.09411095827817917	0.39086079597473145	0.5267400741577148	-0.0894501581788063	-2.1668996810913086	1.1514443159103394	-2.072133779525757	-0.6154664158821106	-1.418169379234314	-0.4090690612792969	-0.6671737432479858	-0.7439327836036682	-0.10923703759908676	0.3941565454006195	-0.9407625198364258	1.111437201499939	0.00695309741422534	-0.32183220982551575	0.4805275797843933	0.19506490230560303	-1.8877650499343872	-0.6462227702140808	-2.4004406929016113
-1.0601589679718018	1.1778082847595215	-0.3856649696826935	1.6556053161621094	-0.6429434418678284	0.05843067541718483	-1.377553105354309	-0.6158410906791687	1.2082234621047974	-1.4915815591812134	-0.3963615298271179	0.4727860987186432	0.4846711754798889	0.4931448698043823	-0.04250838980078697	0.4459141194820404	1.0246288776397705	-0.9005613923072815	0.17224200069904327	0.37769952416419983	0.8111280202865601	0.7410974502563477	0.6268149018287659	-1.0485098361968994	-0.17618480324745178	1.0149589776992798
-0.5225745439529419	-0.4590480625629425	0.12000267207622528	2.598066806793213	0.505430281162262	0.5082224607467651	-1.1150075197219849	-0.6329550743103027	-0.9254925847053528	0.49060457944869995	0.3151606023311615	-1.5632429122924805	0.21219800412654877	0.24996843934059143	-0.33169835805892944	-0.3033295273780823	0.02053910680115223	0.9293550848960876	-1.665969729423523	0.40173473954200745	-0.10309258848428726	-1.8856490850448608	-0.5109142065048218	-0.8457257151603699	0.20381370186805725	0.07684364914894104
1.5509876012802124	-1.2282617092132568	-0.5937620997428894	-0.8271985054016113	-0.33569633960723877	2.5196855068206787	-0.11590882390737534	-0.3420698046684265	2.319895029067993	0.33802318572998047	-1.585046648979187	-0.613663375377655	-0.8095919489860535	0.29133686423301697	1.2677488327026367	0.4978579580783844	-0.34981560707092285	-0.9428709745407104	0.018485860899090767	-1.0842398405075073	-0.6798878312110901	-1.3900413513183594	0.5208349227905273	0.2499156892299652	-0.29304543137550354	0.7682689428329468
0.1785958856344223	1.500731348991394	0.23150308430194855	0.08054911345243454	0.6096727252006531	-0.006370243616402149	-0.15393772721290588	-1.3854519128799438	-0.13082364201545715	1.2628527879714966	0.8601709008216858	-0.596720814704895	-1.0337058305740356	0.09607691317796707	0.8713425993919373	1.2659040689468384	0.02720274031162262	0.2723558843135834	-0.4369859993457794	1.3321690559387207	-2.2665233612060547	0.8308138847351074	-0.4507084786891937	0.7723948955535889	-0.1701931357383728	0.11192808300256729
-0.1379697322845459	-0.5966649055480957	-1.1340992450714111	-0.776654839515686	0.8082681894302368	-1.4154475927352905	-1.6230014562606812	0.7842077016830444	1.039608120918274	-0.5756998062133789	-1.3828192949295044	1.2262744903564453	-0.06621405482292175	0.6711003184318542	-0.8492291569709778	0.06751169264316559	0.9860572218894958	1.3364648818969727	-0.3755331039428711	0.2764473855495453	1.0078080892562866	-1.0288699865341187	0.9348554015159607	0.16168226301670074	-1.02424955368042	0.417864590883255
-0.8418238759040833	0.9822705388069153	0.6430200338363647	-1.187872290611267	-0.43329212069511414	0.42990198731422424	0.2329273521900177	0.4421616792678833	1.274113655090332	0.681975781917572	-1.4820270538330078	1.1447211503982544	-0.10796914249658585	-1.202311396598816	1.0635342597961426	0.3805561065673828	0.046866659075021744	0.45294588804244995	0.06795994937419891	0.37819358706474304	-2.035994529724121	1.472819447517395	-1.4364131689071655	-0.59315025806427	-0.5959195494651794	1.7588220834732056
-0.28207290172576904	-0.926513135433197	1.7066826820373535	0.8240107297897339	1.2870672941207886	0.5308850407600403	0.2612542510032654	0.3530883193016052	1.7891087532043457	0.3180832862854004	-0.02564229816198349	0.4627140164375305	-0.5757076740264893	0.6682551503181458	0.05101665481925011	-1.8685579299926758	-0.8108886480331421	1.420650839805603	-1.730900526046753	0.1758168488740921	-0.6710047125816345	0.1757717728614807	-1.004224419593811	0.2854042649269104	1.5596036911010742	1.2813042402267456
-2.2235004901885986	-0.21175865828990936	0.010588245466351509	-0.03726927191019058	-0.49224939942359924	1.023658275604248	1.2499805688858032	-0.01953020878136158	0.844305694103241	1.3495649099349976	-1.808110237121582	0.9610798358917236	0.3696565628051758	-0.9561668634414673	2.3980674743652344	0.02229045331478119	-1.97734797000885	-1.6825149059295654	0.3268573582172394	1.3967429399490356	0.381681352853775	0.5691804885864258	0.9281321167945862	0.47415217757225037	-0.8965719938278198	1.5313655138015747
-0.8449198007583618	-1.7029932737350464	1.7887964248657227	-1.3630605936050415	-0.04059537500143051	1.1454275846481323	0.33044174313545227	1.207413911819458	-0.5846822261810303	-0.6508527398109436	0.9964615106582642	0.356659471988678	-0.5687184929847717	-0.5364705920219421	-0.6277620792388916	0.6667976379394531	1.4435611963272095	-0.8506433963775635	-1.0253766775131226	-0.9661661386489868	0.7468366026878357	-0.46590036153793335	0.4336160123348236	-0.3331318497657776	-0.4590289890766144	-0.2908551096916199
0.21860654652118683	-0.423125296831131	0.42359986901283264	-0.9904371500015259	-0.00023899381631053984	-0.30252403020858765	0.6289263367652893	-2.7098326683044434	0.924185574054718	-1.3848071098327637	-0.7535193562507629	1.4194023609161377	-0.6069470643997192	-0.5104050040245056	0.20347429811954498	1.5478465557098389	-0.8394330739974976	-1.072115421295166	0.6640626788139343	-1.5925649404525757	-0.7311524152755737	-0.35011768341064453	-1.0002058744430542	0.38685211539268494	-0.015932515263557434	0.39493900537490845
0.9089759588241577	0.7474285364151001	1.190889596939087	0.11459998041391373	-1.0573346614837646	0.5412710905075073	1.6206358671188354	0.6818711757659912	0.4369986355304718	-0.40539926290512085	-1.0279419422149658	0.15093295276165009	0.9639857411384583	-2.5129733085632324	0.26877036690711975	-1.1326913833618164	2.041346549987793	1.021273136138916	1.0279207229614258	-0.5885915160179138	-1.7996492385864258	-0.2751260995864868	-1.318829894065857	-0.9734489917755127	0.6609957814216614	-1.486737608909607
-0.8373121619224548	-2.0493879318237305	0.67766273021698	-0.8898646831512451	-0.18716110289096832	0.875465989112854	-1.9147042036056519	-0.7162466049194336	-0.4915219247341156	0.32215964794158936	0.28941425681114197	-0.1654742807149887	-0.24155226349830627	-0.7336057424545288	-0.6434948444366455	0.7867447733879089	-1.4260339736938477	-0.503264307975769	0.27086421847343445	0.5984310507774353	-0.8437990546226501	0.01585722342133522	0.4475244879722595	2.6956233978271484	1.0005199909210205	1.431910514831543
-0.4079400599002838	0.6858658790588379	0.59266197681427	-0.6654512882232666	-1.2737232446670532	-0.10287889838218689	1.475816249847412	-0.7222078442573547	0.6859310269355774	-0.12005551159381866	-0.3352063000202179	0.5748506784439087	-2.2929553985595703	0.7187482714653015	-0.05346107482910156	0.5446305274963379	0.39111989736557007	0.6562458276748657	-0.8097594976425171	0.2980104088783264	-0.5868473649024963	-0.3237711787223816	0.34868285059928894	-0.42662179470062256	1.3865876197814941	0.29806625843048096
-0.004731624387204647	0.059082772582769394	-0.7352134585380554	0.602886438369751	0.7942469716072083	-1.371925950050354	-0.5299266576766968	0.1900874376296997	1.6928914785385132	0.9827886819839478	-0.2738957405090332	-1.902699589729309	-0.6539157032966614	-1.207864761352539	-0.7522987723350525	-1.0053117275238037	-1.012758493423462	0.44270503520965576	-0.9244194626808167	-1.4724870920181274	-1.0942689180374146	-0.6069721579551697	-0.49952685832977295	1.527655839920044	0.13172191381454468	1.2070462703704834
-1.4166631698608398	0.6188758611679077	0.4636421501636505	-0.26181238889694214	-1.24126398563385	-2.321387767791748	0.43728652596473694	0.406981498003006	-0.6769120097160339	-0.6056386232376099	-0.8841215968132019	-0.09804748743772507	-0.3353329002857208	-0.08174049854278564	-1.713731288909912	1.3765705823898315	-0.14547108113765717	-1.9678364992141724	-1.676257848739624	-0.8730254769325256	1.040149450302124	-2.9255332946777344	-0.2239934802055359	0.5157101154327393	-2.0698845386505127	0.38224712014198303
-0.5126999020576477	-0.4807265102863312	0.5478803515434265	-0.33382540941238403	-0.1027638390660286	1.827095866203308	0.014585502445697784	-0.20499201118946075	-0.3490229845046997	0.5025478005409241	1.004240870475769	-0.12127483636140823	2.480640172958374	0.3158569633960724	0.9802364706993103	-1.6486868858337402	0.8835036754608154	0.03355424851179123	-0.5461488366127014	-0.8896875381469727	-1.1504790782928467	-0.633235514163971	-0.5993784666061401	-1.212844967842102	-0.9014459252357483	-0.6595088243484497
1.5946348905563354	-0.7903702259063721	0.6514575481414795	-0.3321319818496704	-0.2663787603378296	-0.2102476954460144	0.01595991477370262	0.9862951040267944	0.5289232730865479	-0.5736531019210815	-2.6335010528564453	0.6754658222198486	-0.1182660311460495	1.8567177057266235	0.13005481660366058	-0.4301106333732605	-1.5610538721084595	2.147573709487915	-0.13080215454101562	0.504547655582428	-1.7682881355285645	-0.8427977561950684	-0.874592661857605	-0.8982441425323486	2.1921050548553467	0.7068123817443848
-1.2916587591171265	-0.27258506417274475	-1.790078043937683	-0.07482890039682388	-0.19507543742656708	1.3209606409072876	1.2396351099014282	0.7135990262031555	-0.1834012269973755	-0.5154004693031311	-0.24200034141540527	-0.7561358213424683	1.9057884216308594	-1.727091670036316	0.8959659934043884	1.6901980638504028	0.47609663009643555	-1.928855061531067	-0.32321470975875854	-0.6088378429412842	-1.1299580335617065	-0.7387403249740601	0.375843346118927	-0.6737469434738159	1.4328815937042236	-0.7812443375587463
0.2342255860567093	0.7127847075462341	-0.5183805823326111	-0.9687818288803101	-1.090710997581482	1.1002507209777832	1.7888195514678955	0.32846418023109436	-1.0900131464004517	0.46761780977249146	0.2980106770992279	0.020081181079149246	1.2971006631851196	1.0701358318328857	1.257401704788208	-0.6839990615844727	-0.3274346888065338	0.728620171546936	0.009610909037292004	1.5607562065124512	1.7572720050811768	0.14927659928798676	-0.7869228720664978	-1.4747445583343506	0.6048910617828369	-1.937469244003296
-2.5023558139801025	-0.5531496405601501	-0.8801104426383972	0.6315522789955139	0.41352689266204834	-0.652446985244751	-1.05418860912323	0.06012667343020439	0.8707330226898193	0.4547971487045288	-0.6073442101478577	-1.5796226263046265	-1.9442750215530396	-0.1052207425236702	0.9794921875	0.8281553387641907	0.9184464812278748	1.3869129419326782	-1.6090612411499023	0.6000446081161499	0.23553550243377686	-2.2716064453125	-0.5795523524284363	1.6977365016937256	-0.9567269086837769	-0.2172224223613739
-0.5497772097587585	-1.594962239265442	-0.6216797828674316	1.9551042318344116	0.9077585339546204	-0.9682592153549194	-1.6736029386520386	0.4917103946208954	0.25961121916770935	0.9213632345199585	0.1750101000070572	-0.011002926155924797	-1.6036949157714844	1.7166204452514648	-1.9044451713562012	0.169402614235878	0.3082173764705658	0.303201287984848	1.4710878133773804	-0.5507708191871643	0.8402560949325562	0.17489425837993622	-0.35187673568725586	0.20787037909030914	0.6708340048789978	1.1911609172821045
-0.33273646235466003	-0.3192640244960785	-0.3537026643753052	2.025946855545044	0.9945077896118164	0.2668989896774292	1.537697196006775	-1.2922405004501343	0.4114634394645691	-0.471060186624527	-0.921474814414978	-0.2054368406534195	0.871292233467102	1.2440695762634277	0.10337936133146286	0.315562903881073	-0.5632089376449585	1.4244365692138672	0.9978535771369934	-0.791164219379425	-0.053775642067193985	-0.4967149794101715	-0.9993640184402466	2.1778228282928467	-0.6565275192260742	1.7988322973251343
2.0505754947662354	-2.006359338760376	0.2504291534423828	-0.8133574724197388	0.5185792446136475	0.5059226155281067	1.9387378692626953	-0.25985485315322876	-0.1932990401983261	-0.22736656665802002	-1.6549803018569946	-0.7011277079582214	0.2966639995574951	2.077444076538086	0.7836905717849731	-0.7116597294807434	-0.09063700586557388	-0.5105974078178406	0.031010296195745468	0.22237123548984528	-0.6196626424789429	-0.08642607182264328	-1.0169790983200073	-1.2104054689407349	-0.8924031853675842	0.7485098838806152
-0.8165695071220398	0.9941712021827698	-2.835308790206909	0.824821412563324	-0.34954825043678284	-1.3542604446411133	-0.7245187163352966	-2.012150764465332	0.024833085015416145	-1.1660655736923218	2.0661582946777344	-0.0058374954387545586	-1.3238030672073364	-0.4899463951587677	0.15495161712169647	2.029634714126587	-1.7778668403625488	0.8759561777114868	-1.5062522888183594	0.6189429759979248	-0.2950819432735443	0.22669172286987305	-0.31389671564102173	-0.3442237973213196	0.011190848425030708	1.11344575881958
0.6155840754508972	-1.4511548280715942	1.5574159622192383	1.8587007522583008	0.9145252704620361	0.8634665012359619	-0.7798571586608887	0.685185968875885	2.5387582778930664	0.6765111684799194	-0.834708571434021	-0.9157167077064514	-0.385215163230896	0.15052002668380737	0.5702509880065918	-1.398131012916565	-0.7411141395568848	-0.4552675187587738	-1.3000684976577759	-1.4392077922821045	-2.189438819885254	-0.7208075523376465	-0.7059717178344727	-0.6977906227111816	1.003994107246399	0.539042592048645
0.21044982969760895	-1.0259325504302979	0.6439357995986938	-0.2928510904312134	1.7706478834152222	-1.2756747007369995	-0.851216733455658	0.7989999651908875	1.3137080669403076	-0.6139786243438721	-0.13089320063591003	-0.6735226511955261	-0.07691167294979095	0.7066593766212463	1.0544228553771973	0.7072800993919373	1.9325239658355713	-0.40810027718544006	0.4779548645019531	0.06836368143558502	2.069460868835449	-1.4706544876098633	1.6069539785385132	0.8232900500297546	-0.22212867438793182	1.0783482789993286
1.4270787239074707	0.0798405259847641	-1.1946296691894531	-0.6371745467185974	-1.0318248271942139	0.9387116432189941	2.1559767723083496	-1.2006367444992065	-1.0770771503448486	-0.0658743679523468	0.26528435945510864	0.5662354826927185	0.4421241581439972	0.9499282836914062	-0.04463287442922592	-0.6518147587776184	-1.4864016771316528	-0.33186420798301697	-1.3030202388763428	-0.5464855432510376	-1.849251389503479	-0.3355242609977722	-1.1115310192108154	0.3463657796382904	1.2188279628753662	2.5008907318115234
-0.744335412979126	-1.23732328414917	-0.537249743938446	0.04442650079727173	1.942792534828186	-0.24558858573436737	-0.7642233371734619	0.02114182338118553	1.1162505149841309	0.026049498468637466	1.7725738286972046	1.3188449144363403	0.26572781801223755	0.647555410861969	-1.1561580896377563	0.488600492477417	0.2913771867752075	1.646898865699768	0.14446228742599487	-0.12288352847099304	0.2779100239276886	0.0017804487142711878	0.7577561736106873	0.2579079270362854	1.1969808340072632	-0.84401535987854
0.7617446184158325	1.1541669368743896	-1.1139675378799438	0.15479101240634918	-0.15608172118663788	-0.6557633876800537	-0.7355485558509827	-0.6707783341407776	-1.9098114967346191	-0.9775278568267822	0.228018119931221	0.10717170685529709	0.19005107879638672	-0.8322533369064331	1.0778342485427856	0.6099982261657715	-0.40205904841423035	-1.095279335975647	-1.2670842409133911	2.0354130268096924	0.2862584888935089	-0.11552388966083527	0.37641996145248413	-1.0118924379348755	1.5738211870193481	0.7542324066162109
0.6953054666519165	0.3267412781715393	-1.8350708484649658	2.050259828567505	2.1899967193603516	2.3185484409332275	1.0652748346328735	-0.5058566331863403	0.5092119574546814	-1.810165524482727	0.619499683380127	1.063600778579712	0.8550061583518982	0.5659903287887573	-0.4787083566188812	0.34587734937667847	1.288011074066162	1.036219596862793	-0.6792865991592407	-1.152574062347412	1.0817060470581055	2.3810737133026123	-0.41193297505378723	0.2327595055103302	-1.213700532913208	0.714104413986206
-0.3748047947883606	0.6883882284164429	1.2006027698516846	0.11419370025396347	0.04178575426340103	-0.07187514007091522	0.2795923948287964	-0.910463809967041	-0.47994688153266907	-0.24251562356948853	-0.6783515810966492	-0.1835705190896988	-0.002354216296225786	0.1700044721364975	0.2185603380203247	0.7434667348861694	-0.31900957226753235	1.0508450269699097	1.21152925491333	0.16844776272773743	1.7170135974884033	-0.8502660989761353	1.2826669216156006	0.47403064370155334	0.057102516293525696	-0.18284660577774048
-1.5390598773956299	-0.4354518949985504	-1.0873422622680664	-1.5504564046859741	-0.9931078553199768	-0.597671627998352	0.60785311460495	0.9625024199485779	-1.3101998567581177	-0.8728710412979126	-0.1314726173877716	-1.0763044357299805	-0.12320584803819656	-0.5293976664543152	1.984433650970459	0.1104624941945076	0.13971471786499023	0.9695500135421753	-1.0558327436447144	1.8443803787231445	1.6169193983078003	0.27853021025657654	0.144541934132576	2.015817403793335	1.1598360538482666	0.434093177318573
-0.7571669220924377	0.1706099957227707	0.6142603754997253	0.3133723735809326	-1.1354172229766846	0.9974246621131897	-0.09540913999080658	-0.1538354903459549	0.30305948853492737	0.7864425182342529	-0.07044294476509094	1.2012726068496704	-0.028956538066267967	0.8253581523895264	1.8435237407684326	0.0594673678278923	-0.5700501203536987	-1.5615226030349731	-0.11976977437734604	-0.37097030878067017	-1.3934663534164429	0.8444575667381287	0.19356194138526917	0.47862452268600464	0.9134771823883057	-1.0725693702697754
-0.8417288064956665	1.1920157670974731	0.47987499833106995	0.18168726563453674	0.13772109150886536	-0.6078464984893799	-0.4001774787902832	-0.3757880628108978	0.9032946228981018	-1.0718369483947754	-1.4107379913330078	0.10083836317062378	0.7673326730728149	0.5344502329826355	1.1419038772583008	0.4113905429840088	-0.014192291535437107	0.1137714833021164	0.8653287887573242	-0.46099603176116943	2.164625406265259	-0.4770851135253906	0.26916685700416565	-0.04202303662896156	0.571252167224884	1.6043425798416138
0.20247343182563782	1.2092565298080444	-0.38338586688041687	-1.6846789121627808	1.020654559135437	-0.8141551613807678	-0.15652097761631012	-1.0199291706085205	2.448939800262451	1.4609614610671997	1.7232005596160889	1.410478949546814	-1.0611836910247803	-0.4513516426086426	0.7573935389518738	-0.9983140826225281	-1.713109016418457	0.4246010184288025	-0.6266712546348572	0.693976104259491	0.7228956818580627	0.33099988102912903	2.0551328659057617	-1.0174787044525146	-1.3585116863250732	-1.0976471900939941
-1.2402212619781494	1.9273607730865479	-1.1440538167953491	0.06453775614500046	0.3326338529586792	-1.5852081775665283	-0.31547266244888306	-0.14504382014274597	0.9212658405303955	1.6081619262695312	-0.019411591812968254	-2.0656039714813232	-1.30606210231781	-0.5960238575935364	-1.4315441846847534	-0.14142458140850067	-0.398639976978302	1.535568356513977	-1.348568320274353	-0.08205235004425049	-0.9497511982917786	-2.284391403198242	0.953601062297821	-1.654228687286377	-0.26809683442115784	0.5074056386947632
-0.6643339991569519	-0.07532057166099548	0.18946465849876404	-0.8184598684310913	-0.007452423218637705	0.2641633450984955	0.8696497678756714	1.406506061553955	-2.2132742404937744	-1.8140054941177368	-0.03802948817610741	-0.2105063647031784	-1.49473237991333	-0.40722981095314026	-0.08190290629863739	0.19107463955879211	-0.497128427028656	-0.6563529968261719	-0.9753832817077637	0.9826675057411194	1.5851167440414429	0.3403598368167877	2.165191650390625	-0.9143450260162354	1.3574540615081787	1.244827151298523
1.20438551902771	0.8339990377426147	-0.8308548927307129	1.8471869230270386	-1.8463118076324463	0.6717938184738159	0.7329984307289124	-0.9383349418640137	-1.1443110704421997	1.6788060665130615	0.5241159200668335	0.3817552924156189	-0.014330791309475899	0.4540535807609558	-0.5350375771522522	0.03255797550082207	-0.20627126097679138	-0.2755918800830841	2.9232943058013916	1.04886794090271	-0.24045665562152863	0.5676506757736206	-0.08341071009635925	-1.1861873865127563	-0.7631116509437561	-1.2279020547866821
-0.009319998323917389	-1.0278714895248413	-1.226224660873413	1.4923808574676514	-1.2992455959320068	-0.5035869479179382	1.6021331548690796	1.9689091444015503	-0.7034441828727722	-1.0418659448623657	-0.5971720814704895	-0.07770155370235443	-0.40365704894065857	-1.1616685390472412	-1.14537513256073	-0.23499013483524323	-1.1235679388046265	-1.0436424016952515	-0.29785284399986267	1.267883062362671	0.20221345126628876	-0.28749343752861023	-2.387511730194092	0.5696437358856201	1.9670172929763794	0.48285990953445435
2.0147197246551514	-0.8265389204025269	-1.174504041671753	-1.3291329145431519	0.2737099230289459	1.909286379814148	-0.20350952446460724	0.6926364302635193	0.33130747079849243	1.3506014347076416	-2.2518203258514404	0.46751245856285095	0.3736630082130432	0.07819408178329468	-1.3047819137573242	0.284225195646286	-2.091747522354126	-0.8454734086990356	-1.2955420017242432	0.3586083948612213	-0.6548839807510376	0.5272719860076904	-0.1694609373807907	-0.8312121629714966	-1.0278154611587524	-1.2336795330047607
1.0114878416061401	1.0140749216079712	-0.8914073705673218	0.7266225218772888	-2.744516134262085	-1.3497066497802734	0.6643967032432556	-0.5939242243766785	-0.39714714884757996	-0.004038455430418253	-0.1439702957868576	1.656694769859314	-0.9551602602005005	1.557557463645935	1.1629949808120728	-0.48653873801231384	-0.41936638951301575	0.5156644582748413	0.09550146013498306	1.336867332458496	0.6313176155090332	1.245886206626892	-0.8684641122817993	-1.4969804286956787	0.7499656081199646	-0.4099080264568329
