-1.077235460281372	1.3721250295639038	1.1488338708877563	-0.705315113067627	1.0054861307144165	1.2765425443649292	-1.4448074102401733	-1.9464385509490967	0.4580311179161072	0.7965822219848633	-1.9004464149475098	0.9675842523574829	1.3976945877075195	0.3984084725379944	-1.1729087829589844	-0.09396234154701233	-1.471935749053955	0.1576700359582901	1.8927119970321655	1.8256396055221558	0.6316583752632141	-0.7170307636260986	0.4112876355648041	-0.5229368209838867	-0.16025574505329132	0.9435507655143738
-0.14998085796833038	-0.3341829776763916	-0.007349440362304449	-0.8482474684715271	-0.41025373339653015	1.9518193006515503	1.3085966110229492	0.3170282244682312	0.45530885457992554	-1.113976001739502	-0.9725522398948669	-0.1067531481385231	-1.5219132900238037	-0.26123374700546265	0.09667901694774628	-0.47798213362693787	0.6550765633583069	-0.3306768238544464	0.8560982942581177	-0.2784141004085541	-0.9610016345977783	-0.9227201342582703	-0.35898110270500183	-2.480008125305176	-0.018369128927588463	-0.03551969677209854
-0.7587326169013977	-1.6838254928588867	0.8857676386833191	-0.5804545283317566	-0.40457960963249207	1.1815965175628662	0.31456106901168823	-1.7711111307144165	-2.7380871772766113	0.8926609754562378	2.0589213371276855	-0.6157811284065247	1.6695451736450195	1.1478623151779175	-0.3123558461666107	-1.945157527923584	-0.1866413801908493	-0.4201821982860565	0.8317164778709412	-2.5958733558654785	-0.4153655767440796	2.128952980041504	0.9630926251411438	-0.22483313083648682	0.5881289839744568	-0.6299787759780884
-0.4558909237384796	-0.47921431064605713	0.281907320022583	-0.125510573387146	0.3576589822769165	0.6968607306480408	0.10112951695919037	0.6385693550109863	1.7947739362716675	-2.0085666179656982	0.362324982881546	-1.022445797920227	0.44360312819480896	-2.5127480030059814	-1.3721768856048584	-0.8546692728996277	-0.8437332510948181	-0.5165794491767883	-0.12122752517461777	-1.276392936706543	0.5823987722396851	-0.5868125557899475	-1.9771580696105957	0.4412132501602173	-1.0562314987182617	-0.05499692261219025
-0.6528871059417725	-1.273794412612915	-0.5413646697998047	0.9949062466621399	-0.02494216337800026	-0.2749878168106079	1.6626783609390259	-1.757584571838379	-1.7341060638427734	1.4627472162246704	0.7135366201400757	1.8848109245300293	-0.1028413400053978	-2.508247137069702	0.5242788791656494	-1.298404574394226	0.36862415075302124	-0.4893206059932709	-0.16196909546852112	-0.6967965960502625	-0.7075798511505127	0.9757463932037354	0.6092581748962402	0.19714900851249695	-0.5210378170013428	0.15521977841854095
0.42460644245147705	-0.8520312905311584	-0.370772123336792	-1.8231300115585327	-0.9823122024536133	-1.2220618724822998	1.637096643447876	-1.1387289762496948	0.5491102933883667	-1.5092803239822388	0.6305046081542969	-0.3680952489376068	1.5534825325012207	-0.15003761649131775	-1.657395601272583	0.5501435399055481	0.16004563868045807	-1.4702824354171753	-2.6774072647094727	0.22099506855010986	-0.10629559308290482	2.304792881011963	2.4179608821868896	-0.7445284128189087	0.16517679393291473	0.5238084197044373
0.1655287891626358	-0.10007763653993607	-1.7500542402267456	-0.14501963555812836	-1.6885313987731934	1.3190418481826782	-0.39310237765312195	-0.25854477286338806	1.1906641721725464	0.4201311469078064	0.7224488854408264	0.09638835489749908	0.17229774594306946	-1.191697359085083	1.3539588451385498	1.3821072578430176	0.8129971027374268	-0.12630487978458405	0.5299056172370911	-0.691985011100769	1.7343600988388062	1.3507912158966064	-1.4795703887939453	-0.15531067550182343	-1.235227346420288	-0.07155696302652359
0.14841262996196747	0.18806107342243195	1.1284682750701904	-1.548782467842102	-1.7081512212753296	-0.8778833746910095	-0.5907374620437622	-1.21846604347229	0.15474840998649597	1.6252772808074951	-1.1409515142440796	-0.28347525000572205	-0.19290897250175476	-1.723984718322754	-1.4016966819763184	-1.3577100038528442	-0.11253178864717484	-0.8477368354797363	-0.32863670587539673	0.012099988758563995	-1.588563323020935	-0.5068114399909973	-0.4067845344543457	1.5873479843139648	0.028806662186980247	-0.6236404180526733
0.5722313523292542	-0.7704288959503174	0.5006194710731506	0.29670169949531555	-0.3760744035243988	0.5683654546737671	-1.165850043296814	0.15865831077098846	-0.05241831764578819	-0.16746602952480316	-0.5150232911109924	-0.05895216390490532	-0.820820152759552	1.0154691934585571	1.408410906791687	-0.9213963150978088	-0.7225530743598938	1.2863973379135132	-1.5133963823318481	-1.4344940185546875	-0.194675013422966	1.6500465869903564	0.5177145004272461	1.0343177318572998	-0.5704013109207153	1.7701685428619385
-1.8312805891036987	0.34989091753959656	-0.114583320915699	-0.8721960783004761	-0.2498285323381424	1.0761754512786865	0.008650206960737705	0.3165160119533539	-1.29655122756958	0.3609187602996826	0.4230383634567261	0.09997397661209106	-0.8793074488639832	-0.12774226069450378	-0.41565102338790894	-0.5305566191673279	-0.05660795792937279	-0.5539343357086182	0.12166770547628403	-1.787869930267334	-0.6335322856903076	-1.389039397239685	-1.2339261770248413	-1.2911900281906128	-0.45355868339538574	-0.08112666010856628
1.2255992889404297	1.0890331268310547	-0.39187589287757874	0.5096124410629272	-0.42570722103118896	1.362536907196045	0.7549260258674622	-0.6609686017036438	0.6052333116531372	-1.04071044921875	0.6821101307868958	0.9809064269065857	-0.9265549182891846	0.5412400960922241	-0.2850610017776489	-1.244803547859192	-0.36896178126335144	-0.20501220226287842	-0.9343095421791077	-0.2966768145561218	0.05260036885738373	-2.7788093090057373	-0.12139777839183807	0.2533228397369385	-0.5481395721435547	0.7862712144851685
-0.19184505939483643	-0.43664148449897766	0.30967170000076294	-0.3567836880683899	-0.22308602929115295	-0.880431056022644	-1.4920549392700195	-0.15733225643634796	0.775669276714325	2.197115659713745	0.5544339418411255	0.0566285066306591	-0.29347291588783264	0.3903639316558838	0.7895916700363159	2.3957762718200684	-0.05186225101351738	1.6053394079208374	0.9323198199272156	-2.558283567428589	-1.2589212656021118	-2.1002979278564453	-0.010000751353800297	-0.03363519534468651	-0.3170972764492035	-0.8945387005805969
1.891743540763855	2.5769364833831787	-0.6828072667121887	0.8922403454780579	1.8476769924163818	0.9429455995559692	0.13666683435440063	0.09198730438947678	0.576432466506958	-1.4287222623825073	-0.5013827085494995	1.8804281949996948	0.2845912575721741	1.4285328388214111	-1.5182050466537476	0.4040755033493042	1.5471611022949219	0.6290153861045837	-0.24214428663253784	1.5633525848388672	0.5299320816993713	0.47478461265563965	-0.3217473030090332	-0.0544758178293705	1.0765923261642456	1.1309690475463867
0.13554289937019348	0.22390775382518768	-0.8397564888000488	-0.028833899646997452	1.342220664024353	-0.03144962340593338	-0.57244873046875	1.157467246055603	-0.5364842414855957	-0.34730011224746704	0.5409245491027832	2.1615805625915527	-0.08319036662578583	0.3220517337322235	0.9398618340492249	1.1438742876052856	-1.114305019378662	0.5742623209953308	-0.7071346044540405	0.9179342985153198	-1.2516231536865234	-0.4557760953903198	0.3961316645145416	-0.05202680826187134	-0.21423640847206116	-1.3439310789108276
0.6392345428466797	-0.37086769938468933	-0.557869553565979	0.6299750804901123	-0.4546160101890564	-0.8648431301116943	1.7068761587142944	-0.2779005169868469	1.211266040802002	0.8845428228378296	0.43445131182670593	-0.4084264039993286	-0.19540882110595703	-0.43797415494918823	-1.3415157794952393	-0.29345446825027466	0.40488946437835693	0.3562851548194885	-0.26760026812553406	-0.6226150989532471	0.19149057567119598	1.0449244976043701	-0.06956575065851212	-1.354323387145996	0.3391655683517456	-0.21935981512069702
-1.1375726461410522	2.17293119430542	1.9877979755401611	-1.143563151359558	-0.8810374140739441	-0.33052390813827515	-0.23954272270202637	-0.04995737224817276	-0.47503069043159485	-0.25690895318984985	2.6341419219970703	1.657887578010559	-0.14398036897182465	-1.2621004581451416	-0.45068109035491943	0.45367327332496643	-0.5469468235969543	-0.9171865582466125	0.5742032527923584	0.153654083609581	0.2892756760120392	-0.7234473824501038	-0.7935543656349182	-1.9311351776123047	-0.6088430285453796	2.145644426345825
0.6762150526046753	-0.9209468960762024	-0.3441683351993561	0.44918060302734375	-0.6415210962295532	-0.15166744589805603	1.4519739151000977	0.7293694019317627	-1.1958894729614258	1.0179308652877808	0.2676651179790497	-1.3331236839294434	-0.7995288372039795	0.19602443277835846	-0.9156861901283264	-0.04489435628056526	-0.5851877927780151	0.796676516532898	0.28963539004325867	1.1202260255813599	-0.2023979276418686	0.47316357493400574	-0.5713046789169312	-0.8110566139221191	0.546771228313446	-0.7913290858268738
-0.3854309320449829	0.6440998315811157	1.1351300477981567	1.8697179555892944	-0.2844465672969818	0.2492128312587738	0.2857389748096466	1.1932342052459717	0.2725776731967926	0.4110080301761627	-0.4634115397930145	1.594948172569275	-1.648759126663208	1.0971523523330688	0.7822814583778381	-1.622976303100586	0.5226231813430786	-0.8827114701271057	1.377880334854126	0.6628736853599548	0.798352062702179	0.47646307945251465	-1.0045942068099976	0.2853543758392334	-1.7242774963378906	-1.0800727605819702
1.1287263631820679	-0.08874008804559708	0.7293431758880615	-0.8227398991584778	-0.23455975949764252	0.19847863912582397	-0.7063036561012268	-0.856978714466095	-0.871407151222229	-0.16412340104579926	0.17386242747306824	0.23111885786056519	-1.2894994020462036	-0.7914472222328186	-0.49065425992012024	0.16084076464176178	0.17941416800022125	0.02388549968600273	-1.6026980876922607	-0.01697174459695816	0.9817025661468506	-0.05783088132739067	1.0670268535614014	-0.8284329771995544	0.30776527523994446	0.708613932132721
0.29369524121284485	-0.1829247921705246	0.9852591156959534	-0.015637291595339775	-1.6396944522857666	0.553751528263092	-1.081130027770996	1.2284566164016724	-0.026345131918787956	0.2733534276485443	0.0645449236035347	1.3582065105438232	1.092787742614746	-0.4695482850074768	0.9223231673240662	0.2216951996088028	-1.5622718334197998	0.6531578302383423	-2.2046854496002197	1.5355359315872192	-2.214261054992676	-0.5785782337188721	1.7135257720947266	-0.733890950679779	0.5170110464096069	-0.8195904493331909
-2.2496111392974854	-1.212214708328247	-1.3693777322769165	0.8046572804450989	-2.305246353149414	-2.444166660308838	-0.7478371262550354	-2.3425309658050537	-0.5871990323066711	0.6201589703559875	1.0669282674789429	0.1711532026529312	1.0774097442626953	-0.3044114410877228	-0.7186382412910461	-0.030813483521342278	-0.4848669171333313	-1.0922837257385254	0.4701685309410095	0.7424625158309937	0.6801962852478027	-0.17781133949756622	0.46844837069511414	-1.2478394508361816	-1.2129426002502441	-1.2711877822875977
-1.4866926670074463	-0.5639485716819763	0.18810540437698364	-0.924107551574707	0.7958807349205017	-0.2457343339920044	-0.16249096393585205	-0.7484446167945862	0.6051934361457825	1.14104425907135	-0.5166027545928955	-0.32177573442459106	1.179030418395996	-0.36031022667884827	-0.09432857483625412	0.8636825680732727	-1.9635289907455444	0.853575587272644	-1.2244263887405396	0.7409484386444092	0.9514150023460388	0.14828702807426453	-0.38116809725761414	0.5394642949104309	-0.7387562990188599	-1.3903123140335083
-0.3279048800468445	1.0817152261734009	0.3728395402431488	0.2152097225189209	3.1656405925750732	1.1230682134628296	-0.3926239013671875	-1.1121366024017334	-1.1176331043243408	-0.7051697373390198	1.592110514640808	0.23667417466640472	-0.769375205039978	0.1939081996679306	-0.2791708707809448	1.0748579502105713	-0.6822146773338318	-0.7467437982559204	1.1546956300735474	-0.39807865023612976	-0.8757601380348206	0.13843172788619995	0.7964849472045898	-1.0305731296539307	0.17789556086063385	-0.1485413759946823
0.8428282737731934	-0.8867340087890625	-1.0189781188964844	-0.2234041541814804	-1.7073944807052612	-0.16463017463684082	-0.19232912361621857	-0.17655612528324127	-1.1937865018844604	-0.39918988943099976	-0.6160494089126587	0.41357070207595825	-0.714996874332428	1.0887434482574463	0.14076195657253265	-0.9413171410560608	-0.025944247841835022	0.350002646446228	1.918087363243103	-0.3478698134422302	-0.3038747012615204	1.0175882577896118	-0.12972959876060486	0.9287477135658264	-0.6027119755744934	-0.6994211077690125
-1.8197314739227295	0.5182745456695557	0.3336482048034668	0.5985028743743896	0.7014559507369995	1.7205027341842651	-1.3067777156829834	-1.7303006649017334	1.4166040420532227	0.39778029918670654	-0.508787989616394	0.18159091472625732	0.23752173781394958	0.6950104236602783	-0.8664426207542419	1.4796661138534546	1.0745573043823242	0.44503775238990784	-0.45207008719444275	2.4276010990142822	0.2955557107925415	-0.9439308643341064	-0.8520245552062988	1.1672067642211914	0.5429345965385437	-0.6043636798858643
-1.6226146221160889	-0.293859601020813	-0.21268729865550995	0.5177678465843201	0.1363753378391266	-1.420359492301941	-0.7332053780555725	1.4535083770751953	1.4735221862792969	-0.6526939272880554	-0.47501280903816223	-0.3188179135322571	0.288351446390152	2.215080976486206	0.8048130869865417	0.5588915348052979	-0.6614177227020264	0.6882259845733643	-0.6287071704864502	-0.9137305617332458	-0.11424935609102249	-0.13501836359500885	-0.5429226160049438	-1.0255675315856934	-0.4078671932220459	-1.860992431640625
0.26813438534736633	-0.02068369649350643	-0.9358593225479126	2.6850452423095703	0.47123923897743225	0.8406998515129089	0.1513548642396927	-0.8723948001861572	-0.24035659432411194	-0.9836626648902893	2.7724103927612305	1.872450590133667	0.2572875916957855	-0.777484118938446	0.4304538071155548	0.8310375809669495	-0.17544883489608765	1.732149600982666	-1.1509716510772705	-0.808856725692749	0.49794986844062805	0.9574428200721741	0.43773311376571655	-0.8694390058517456	0.6398992538452148	-0.15520524978637695
2.3350250720977783	-0.8958457112312317	-1.3686456680297852	-1.047011137008667	0.171998530626297	1.0032604932785034	0.1794731616973877	-0.4708174467086792	-0.49127092957496643	1.4452426433563232	0.7293107509613037	0.6146756410598755	0.8423460721969604	1.0522881746292114	0.8740818500518799	0.1988360434770584	0.12247685343027115	-0.7360509037971497	-0.7991030812263489	-0.6582140326499939	-0.28840065002441406	-0.6052842736244202	1.5219879150390625	-0.6833102107048035	0.3026144206523895	0.007168332114815712
0.0718676745891571	-0.11919742077589035	-0.10006465762853622	-0.4000665843486786	1.1964489221572876	0.35577860474586487	-1.8213670253753662	1.236282467842102	-1.2290078401565552	0.43978431820869446	-0.5100277662277222	0.29061269760131836	0.6620172262191772	0.7255578637123108	-1.6892499923706055	0.8801575899124146	1.5976253747940063	-1.521841287612915	1.7663300037384033	0.32931801676750183	-0.28424566984176636	0.6240842342376709	1.670772671699524	0.47242316603660583	0.7226593494415283	-0.46653860807418823
1.8753008842468262	-1.1893072128295898	-1.1330915689468384	1.746846079826355	0.19574308395385742	1.6495903730392456	1.147023320198059	-0.9067838788032532	-0.30979442596435547	0.9403626322746277	-0.0771096721291542	-1.2414722442626953	-0.8236683011054993	-1.3715893030166626	-0.34762728214263916	0.5140880942344666	-0.2742709219455719	-0.6665174961090088	-0.1370697170495987	-0.1676960587501526	0.1388043612241745	-0.5050294995307922	-0.4634695053100586	-2.906700611114502	0.8784037232398987	0.8714786767959595
0.5527149438858032	0.946087121963501	-0.5284429788589478	0.6605775356292725	-0.08360399305820465	-0.36317238211631775	1.35129976272583	-0.34494784474372864	-1.7900205850601196	0.651715099811554	1.9981184005737305	0.13617292046546936	0.022673843428492546	1.114656925201416	-0.5221333503723145	0.42037978768348694	-0.2853641211986542	-0.16458113491535187	0.28775647282600403	0.9699351787567139	0.1513037383556366	0.2091003805398941	-0.1391056627035141	0.31485867500305176	0.6214083433151245	1.212558388710022
-1.2259056568145752	0.12210013717412949	-1.3220396041870117	-1.011457920074463	-0.07039723545312881	0.8048717975616455	1.3014498949050903	-0.9096972942352295	1.0070830583572388	0.3280639946460724	-0.6283783316612244	1.0068799257278442	-0.16680273413658142	0.7652280926704407	-1.7394862174987793	-1.0130150318145752	-0.175147145986557	-0.30852556228637695	0.6594101190567017	0.3573126494884491	-0.06365886330604553	-1.5523160696029663	-0.10605881363153458	0.8641059398651123	-0.12156206369400024	1.3695664405822754
0.43741872906684875	0.881554126739502	-1.5551791191101074	0.8461102247238159	-0.5899526476860046	0.33998802304267883	-0.8261200189590454	-0.0722055733203888	-1.4440587759017944	1.8597793579101562	-0.25939756631851196	-0.20221763849258423	0.5427460074424744	0.17199201881885529	0.24602463841438293	-0.7809582352638245	-0.4036831855773926	-1.4849116802215576	1.5604971647262573	-0.20967483520507812	-0.3194822072982788	1.1448359489440918	0.18189363181591034	-0.20122811198234558	-0.9489215016365051	0.28735941648483276
0.7359439134597778	0.056519996374845505	1.5502429008483887	-0.2006688416004181	0.9990785121917725	-0.7538446187973022	-0.160895437002182	0.026416128501296043	0.2841888666152954	0.09474246948957443	-0.6689543724060059	-1.5044997930526733	-1.5307142734527588	-0.7811750173568726	-0.36172863841056824	-0.2979721426963806	0.5429076552391052	-0.5667182803153992	0.3662104606628418	-0.3931986093521118	-0.1284220665693283	2.1168665885925293	1.2890551090240479	-0.658524751663208	-0.6666089296340942	-0.7442024946212769
0.8548065423965454	0.4413414001464844	0.5671209692955017	2.1641783714294434	0.6209266781806946	-2.274388313293457	0.38584935665130615	-0.6783638596534729	-0.7642188668251038	-0.927602231502533	0.48202380537986755	-0.9522686004638672	0.7440478801727295	-2.741522789001465	0.8225011229515076	-2.2654993534088135	-0.4672086834907532	-0.6460494995117188	-0.5136911273002625	1.6127064228057861	0.636112630367279	0.5014035105705261	-1.3822873830795288	-1.214869499206543	-0.5826982855796814	0.1904829442501068
0.08942119032144547	-0.6997528076171875	0.4970896244049072	0.32206159830093384	1.1914883852005005	-1.773407220840454	-0.9760065078735352	-0.32160767912864685	0.9969980120658875	0.16459085047245026	-0.5906853675842285	0.19424167275428772	-0.5242167711257935	0.26652801036834717	0.13249817490577698	0.7802857756614685	0.4312517046928406	1.1795358657836914	-0.4443463385105133	0.4873250722885132	1.8105762004852295	0.5612539649009705	-0.06507126241922379	-2.416119337081909	0.17249532043933868	-0.292233407497406
0.20042262971401215	1.6005767583847046	-0.7091385722160339	-0.16747863590717316	0.45899391174316406	0.9072279930114746	1.032347559928894	1.5166409015655518	-0.08800758421421051	-1.5381319522857666	-0.37899577617645264	2.101360321044922	0.4904949367046356	0.07779917865991592	1.674350380897522	-1.5771677494049072	0.4664442539215088	0.6429637670516968	-1.2098978757858276	-2.18730092048645	-0.4362656772136688	0.6273766160011292	0.28504180908203125	-0.37632885575294495	0.9987810254096985	-1.407552719116211
-1.7729572057724	1.13554847240448	-1.7450436353683472	-0.020017143338918686	0.9308345913887024	-0.42407920956611633	-2.1459732055664062	1.2770798206329346	-0.35874122381210327	0.3508310317993164	0.04856344684958458	0.0216668751090765	0.2905246317386627	1.1860276460647583	-0.48871278762817383	-0.9869607090950012	0.6914910674095154	-0.2990773618221283	-1.5336250066757202	-0.3513373136520386	1.5374970436096191	-0.6122491955757141	-0.8121964931488037	2.1747705936431885	-0.27522560954093933	0.7010053992271423
-1.2412506341934204	-0.291286826133728	-1.426523208618164	0.5304628014564514	-0.29029664397239685	0.6748130321502686	0.6412239670753479	-0.7876331210136414	-0.31950122117996216	-0.09613555669784546	1.1030184030532837	-1.5679851770401	-0.19998891651630402	-1.6737323999404907	-1.0648611783981323	-0.5152084827423096	2.720562219619751	0.058192767202854156	1.027752161026001	0.9275965094566345	-1.2509441375732422	0.10226773470640182	-0.43511882424354553	1.1671463251113892	-0.38076430559158325	0.2921842932701111
-0.36239904165267944	-0.43840843439102173	-0.22191540896892548	-0.7317935228347778	-0.5920680165290833	-0.4018150568008423	3.63582181930542	-0.5118812918663025	0.3021801710128784	-0.24181725084781647	0.9197767972946167	3.1450822353363037	0.2833298444747925	-0.14198724925518036	-0.1566239595413208	2.3812220096588135	-0.37563514709472656	-0.336696058511734	0.7859762907028198	0.6117435097694397	-1.842777967453003	1.870573878288269	0.760353684425354	1.6192575693130493	-1.98299241065979	-0.49266359210014343
0.6225044131278992	0.31851160526275635	-0.32920771837234497	0.11826525628566742	-1.054519772529602	0.9295709729194641	-0.1578567624092102	-0.0722728818655014	1.1871919631958008	2.2542641162872314	0.2600019574165344	1.2412769794464111	0.3092688024044037	-0.9944533109664917	0.8964778780937195	-0.04713208228349686	0.16338226199150085	-0.7921950817108154	0.33035650849342346	-0.01067068800330162	0.599854052066803	0.7840896844863892	-1.78275728225708	-0.7760691046714783	0.4440576136112213	0.2300136387348175
0.6693626642227173	-0.3770146071910858	-1.4386171102523804	0.8445443511009216	-0.27683380246162415	-0.6742560863494873	0.7610831260681152	-0.606065034866333	-0.7784170508384705	1.2037001848220825	0.2683468461036682	1.3061461448669434	0.20975196361541748	0.2608262002468109	-1.6150623559951782	-0.7805155515670776	-0.38700079917907715	0.7713831067085266	0.8921262621879578	0.6060218214988708	0.41485121846199036	-0.5351912975311279	1.8712472915649414	-0.29824697971343994	1.0414210557937622	-0.03773610293865204
-0.4481448829174042	1.0701713562011719	0.32705065608024597	-0.021633083000779152	-0.8179019093513489	0.9678659439086914	-0.13806459307670593	-0.55780029296875	1.1629221439361572	0.0736265555024147	3.3185768127441406	0.3995877504348755	0.12154052406549454	-1.2025426626205444	-0.11513271182775497	-0.17575432360172272	-1.9835985898971558	1.144228458404541	0.22732457518577576	-0.05988398194313049	-0.1990910917520523	-0.05210588499903679	2.1556923389434814	-0.8840870261192322	-0.011123732663691044	-1.203010082244873
-0.123985156416893	0.5511307120323181	-1.2171962261199951	0.5984662771224976	0.13538134098052979	0.7695283889770508	0.03549197316169739	1.1535589694976807	-0.3476163446903229	0.24821101129055023	0.3892155885696411	-0.5797942876815796	-0.4673304855823517	0.6221582889556885	0.973595917224884	1.1041600704193115	-0.0041321138851344585	-0.11014217883348465	0.21631886065006256	0.6699340343475342	-0.8473492860794067	-0.24713997542858124	0.6830055117607117	-0.2660074234008789	-0.0627855733036995	0.3635962903499603
0.6505008935928345	0.4145616292953491	0.5014531016349792	2.6045079231262207	1.4755185842514038	1.1604918241500854	0.9809707999229431	-0.91705322265625	0.7297205924987793	1.1343315839767456	-2.2629644870758057	-1.6011804342269897	0.8084730505943298	1.946317195892334	-0.4789216220378876	-0.16821539402008057	-0.3016732633113861	-0.4479745328426361	1.631124496459961	0.24613849818706512	-0.9195816516876221	-1.9990651607513428	-2.366414785385132	-1.3222482204437256	-0.8007211089134216	0.9874573349952698
0.19476318359375	0.8551679253578186	-0.7032515406608582	-1.124543309211731	0.5912460088729858	-0.0960327759385109	0.1897442638874054	-0.26897913217544556	-1.273701786994934	0.8449143767356873	-0.8061836361885071	1.7460927963256836	1.0138221979141235	-1.40303373336792	0.564913272857666	-1.52655827999115	1.0502456426620483	-0.6581291556358337	-0.46881261467933655	-0.256920725107193	-2.260854482650757	0.7386410236358643	1.8709266185760498	-0.3580721616744995	-0.6072094440460205	0.36071452498435974
0.1982460618019104	-0.7022325396537781	-0.7332293391227722	0.7261331081390381	0.5645842552185059	-1.3257122039794922	-0.6225671172142029	1.3077501058578491	1.0668617486953735	0.6879011392593384	0.6270885467529297	0.1827695220708847	1.428730845451355	-0.4502248764038086	1.6830590963363647	-0.6762580871582031	0.2549498677253723	0.06666558980941772	-0.926391065120697	-0.159488245844841	1.5495831966400146	0.5123310089111328	-0.827021598815918	-1.1185920238494873	1.4700292348861694	-0.553092896938324
-1.0428152084350586	-0.2519185245037079	0.9499678015708923	-1.3430273532867432	0.21015699207782745	-1.3353925943374634	0.7594019174575806	0.27118682861328125	-0.7902840971946716	-0.9749913811683655	-2.204798936843872	0.3098374009132385	-0.003005190985277295	0.2933083176612854	-0.17031456530094147	-1.035620927810669	-1.452316403388977	0.8670223355293274	-1.4489150047302246	-0.4591369330883026	1.1013970375061035	0.3557814061641693	-0.7594395279884338	2.556288003921509	0.8724409937858582	1.175035834312439
-1.9834356307983398	-0.0707646831870079	-0.3467685878276825	-0.715913712978363	0.39849144220352173	1.3085328340530396	-2.191962957382202	0.18134088814258575	0.20688000321388245	0.026038626208901405	-0.29237043857574463	-1.4114617109298706	1.8826943635940552	1.0740255117416382	-0.033501993864774704	0.059065528213977814	0.32627376914024353	0.15390539169311523	-1.9408291578292847	-0.12183883786201477	1.0231702327728271	-0.9792598485946655	-0.5054081082344055	0.39181622862815857	0.5824746489524841	0.70488041639328
-2.1475696563720703	0.2048221230506897	-0.6546168327331543	0.3543386161327362	-0.16226789355278015	-0.8156926035881042	-0.5924227833747864	0.7031135559082031	0.17595289647579193	2.823917865753174	1.5473755598068237	-0.7954714894294739	-1.3709328174591064	-0.04612872377038002	1.7284752130508423	-0.7937977313995361	0.8791471123695374	0.8095163702964783	1.412839651107788	0.6452020406723022	-1.2607812881469727	0.07734276354312897	-0.023711062967777252	-0.09848986566066742	0.884316086769104	2.3424668312072754
-0.04590971767902374	0.40147653222084045	0.29551205039024353	-0.33944544196128845	0.6407164931297302	1.5334367752075195	-0.09582226723432541	1.4767876863479614	0.9854835271835327	0.05179602652788162	-0.8986958265304565	0.6084179878234863	-0.5033841133117676	-0.9134364724159241	-0.38330262899398804	0.431405246257782	-0.7387850284576416	-0.34609606862068176	0.35479655861854553	-0.04105595499277115	0.6237709522247314	-0.39122599363327026	-0.6456674933433533	0.3589351773262024	0.5913423895835876	0.2475745677947998
1.1424620151519775	0.42167526483535767	0.36697596311569214	-0.36479246616363525	-0.6095129251480103	1.0904093980789185	-0.10042953491210938	-0.6842048168182373	-0.010394500568509102	-2.083397150039673	-0.22962194681167603	0.9736707210540771	0.5706062316894531	-0.07468521595001221	0.8787144422531128	0.23812192678451538	0.06126556918025017	0.2880551218986511	0.20233537256717682	0.4030848741531372	-0.4925430715084076	-0.9356204867362976	-0.6384044885635376	-0.02848648838698864	1.597198247909546	0.28652477264404297
-2.1619274616241455	1.1464720964431763	-0.21370546519756317	0.8120710253715515	-0.4084468185901642	0.8008650541305542	0.26066720485687256	-0.9031139612197876	0.3715568482875824	-0.4877442419528961	1.147531509399414	1.1926040649414062	-2.185851573944092	1.016585111618042	1.185785174369812	1.6367273330688477	0.15818876028060913	-0.6761029362678528	0.8182896971702576	-0.9890631437301636	1.1139676570892334	0.8184500932693481	0.4554142653942108	0.8799204230308533	0.45077410340309143	2.0746164321899414
0.24185185134410858	-0.36544156074523926	-0.5232297778129578	-0.2643393278121948	-0.6804037094116211	-1.665561556816101	-0.6577451229095459	-0.24945621192455292	-1.53305983543396	-0.45528095960617065	0.7040204405784607	1.3423305749893188	-0.8942985534667969	0.7488013505935669	-0.21097047626972198	0.3060894012451172	-0.8432334065437317	-1.5033856630325317	-0.4531559348106384	-0.44298216700553894	-1.4611177444458008	0.03968408703804016	-0.67441725730896	1.3140801191329956	1.1716614961624146	-1.133305549621582
1.08506178855896	2.1688709259033203	-0.36850225925445557	-2.1641135215759277	1.261412262916565	-0.0664738342165947	-0.2829594910144806	-1.2314525842666626	1.4971026182174683	0.7440101504325867	-0.559710681438446	-1.4413888454437256	2.124504566192627	0.4584729075431824	-1.01682710647583	0.5379781723022461	0.1705799549818039	1.3465787172317505	0.36704221367836	0.3890026807785034	0.21251213550567627	-0.019963417202234268	-0.9037455320358276	1.6422842741012573	0.3425002992153168	0.2977225184440613
0.3334842324256897	1.3331471681594849	1.0113942623138428	-0.8795120716094971	-1.3931506872177124	0.9452295303344727	1.5826599597930908	1.3240412473678589	-0.7776151299476624	0.4352984130382538	-0.9634472131729126	-0.3873773217201233	0.48772484064102173	-0.6983852982521057	1.0748798847198486	-1.9559674263000488	-0.21384882926940918	0.23041649162769318	0.2652689218521118	-0.14034999907016754	0.643150269985199	-1.254937767982483	-0.9998592138290405	-1.3310192823410034	-0.6574772596359253	0.8987330198287964
-0.007692745421081781	1.2595397233963013	-1.9603352546691895	0.3422712981700897	0.26872625946998596	0.2848820984363556	-2.1614677906036377	-0.28318092226982117	1.2339906692504883	0.01214815303683281	0.08767976611852646	1.1776123046875	-1.2651704549789429	-1.3804453611373901	-0.38997700810432434	0.07628001272678375	1.352869987487793	0.8700174689292908	-0.7720604538917542	-0.693764328956604	-0.17906804382801056	-0.5041897892951965	0.004360953811556101	0.645389974117279	0.824390172958374	0.2493632733821869
-1.0876438617706299	0.22177483141422272	0.1970580816268921	0.37311291694641113	-1.827710509300232	0.8530728816986084	-1.2908984422683716	-0.48679372668266296	-1.2993022203445435	-1.17683744430542	0.4491547644138336	0.36851876974105835	0.02723286859691143	2.016371965408325	0.3316642642021179	0.6859645843505859	-1.1778943538665771	1.03229820728302	-1.172743797302246	1.289710521697998	-1.1413332223892212	0.15129303932189941	0.6277586817741394	-1.3162049055099487	0.27088427543640137	1.3661830425262451
0.1485440582036972	-0.13637955486774445	0.23067429661750793	-0.4080413281917572	1.6627851724624634	-0.6862121820449829	-0.8598964214324951	0.49754348397254944	0.9650552272796631	-0.6894226670265198	-0.339205801486969	-0.6411876082420349	0.13121485710144043	0.9725983738899231	0.9311990737915039	-1.8393067121505737	1.114268183708191	1.0257036685943604	0.21911050379276276	1.274545431137085	-1.190667748451233	0.07449600100517273	-1.1761236190795898	0.20053093135356903	-0.4092760384082794	-0.8294851183891296
0.8252921104431152	0.7548040151596069	-1.2859605550765991	-0.11661791056394577	0.6643581986427307	-0.14320418238639832	1.2489897012710571	0.6172037720680237	-0.06218193098902702	-0.391259104013443	-1.2670787572860718	-0.3713425397872925	-0.524863064289093	0.9867421388626099	0.041786205023527145	-1.0415467023849487	-0.05832017585635185	-2.4902896881103516	0.6578183174133301	-1.2735226154327393	1.2378517389297485	-0.8577759861946106	1.3142775297164917	0.7311585545539856	-0.09808064997196198	0.005665754433721304
-0.03221564367413521	-0.8081079721450806	2.2009499073028564	0.8358864188194275	-0.27940866351127625	-0.797033965587616	0.7019473314285278	-0.9075775742530823	0.8387037515640259	-1.749863862991333	0.7581024765968323	-0.15637853741645813	-0.3621087372303009	-0.23390327394008636	1.494336485862732	-2.095635175704956	-1.0789077281951904	0.6437444686889648	-0.4408363997936249	1.2266310453414917	3.0706865787506104	0.537895143032074	-0.9238256812095642	-0.9515796303749084	1.4528119564056396	1.0419986248016357
-0.38244521617889404	0.9094113707542419	-1.121806025505066	-0.683226466178894	-0.4001946747303009	0.6324621438980103	-1.0746675729751587	0.9849030375480652	0.820988655090332	-0.6437236666679382	1.3114373683929443	-0.751818835735321	-0.11575937271118164	1.035711407661438	0.849781334400177	-0.28520527482032776	-1.3941786289215088	0.772948682308197	0.007206052076071501	0.19593411684036255	0.6672344207763672	0.07413593679666519	-1.1937278509140015	1.5564302206039429	1.7136662006378174	1.3908309936523438
-1.8921469449996948	1.2442187070846558	1.0109751224517822	-0.44570013880729675	0.2591268718242645	-0.35585740208625793	0.6998363137245178	-0.1068262904882431	0.4391521215438843	-2.5306613445281982	-0.42541009187698364	-1.371464729309082	-0.27237382531166077	0.6651997566223145	0.49441203474998474	-1.3197699785232544	1.5920604467391968	1.7365719079971313	0.7694834470748901	1.2728620767593384	0.3384084701538086	0.5613163709640503	-0.8040016293525696	0.3701803386211395	0.7329155802726746	-0.26348575949668884
-1.2788554430007935	-0.32225844264030457	0.7187284827232361	-2.4188473224639893	0.26242730021476746	-0.608035147190094	1.3872957229614258	-0.5766086578369141	-0.0490754134953022	0.5879654288291931	-0.8933321833610535	1.3505048751831055	-1.273273229598999	0.39233487844467163	1.494002103805542	-1.1900908946990967	-0.484061598777771	0.6321572065353394	0.21723531186580658	-0.7929094433784485	-1.4088168144226074	-1.3934193849563599	-1.434799075126648	-0.8397435545921326	-1.1355478763580322	-1.9046705961227417
-1.2207683324813843	1.36489737033844	-0.7974365949630737	0.9421011805534363	0.8316373825073242	-0.6861283183097839	-0.9915885925292969	2.156252861022949	-0.06990721821784973	0.9598169922828674	-0.8934260010719299	0.8335421681404114	0.7005611658096313	-1.7007224559783936	-1.0765997171401978	-1.0729237794876099	0.20365013182163239	-2.099743604660034	-1.6413480043411255	1.9137684106826782	0.899599552154541	0.09336559474468231	0.17654596269130707	0.9034581184387207	1.627366542816162	1.3836640119552612
0.3670007884502411	-0.35285335779190063	-0.0708264410495758	-0.3401007652282715	0.8362880945205688	-1.8339391946792603	-1.4133392572402954	0.865544319152832	-0.18928226828575134	-0.23700863122940063	1.3872495889663696	0.327716588973999	1.955287218093872	0.10265623033046722	0.02929011732339859	-1.195276141166687	2.4506378173828125	-1.08685302734375	0.766319990158081	1.200042963027954	-0.1053834855556488	-1.3594356775283813	-1.6031473875045776	-1.3022836446762085	0.043916255235672	-0.6307686567306519
0.08449063450098038	-0.3134981393814087	0.19031336903572083	-0.414766401052475	1.3258299827575684	0.7310067415237427	1.290950894355774	-0.6810175180435181	-1.6709359884262085	-1.321332573890686	-0.5226139426231384	0.09051376581192017	1.373952865600586	-1.2707346677780151	0.022108741104602814	-0.49690011143684387	0.4677256941795349	0.1595308929681778	1.033787488937378	-0.9720556735992432	0.05625326186418533	0.054610323160886765	0.21874402463436127	0.04921412467956543	-1.0522102117538452	1.4098820686340332
-1.1529452800750732	-0.7585310339927673	1.5491031408309937	0.9817361235618591	-0.49774324893951416	-0.1857466995716095	0.5203114151954651	0.6899158954620361	1.1512402296066284	0.5843643546104431	-0.8461052179336548	-0.8700156211853027	-1.496536374092102	0.22397349774837494	-0.386523962020874	-0.9436661601066589	0.06702936440706253	-0.09253808110952377	0.7595449090003967	0.32853615283966064	-0.23211663961410522	-2.050731658935547	-0.6702343821525574	0.422258585691452	-0.6239064931869507	-0.45804476737976074
0.9158564209938049	-0.38490062952041626	-1.080359935760498	0.52711021900177	2.504182815551758	-1.467322587966919	0.29390349984169006	1.122484803199768	0.3886452615261078	1.0941046476364136	-0.5417678356170654	-0.18220531940460205	0.9890418648719788	0.0047512114979326725	0.7576121687889099	-0.20323915779590607	1.0490914583206177	1.5224997997283936	-0.24446561932563782	0.6322095990180969	0.31650203466415405	-0.7571170330047607	0.7410482168197632	1.4285225868225098	-1.7195289134979248	1.5141173601150513
-0.30728209018707275	0.4567747116088867	0.8754152655601501	-1.0504893064498901	-1.3554779291152954	1.754252314567566	2.8908565044403076	2.283245801925659	0.5993664264678955	0.10203085094690323	-1.4768750667572021	-1.905102252960205	0.12527577579021454	0.2827944755554199	0.056954510509967804	-0.06261848658323288	0.8079967498779297	-0.9242399334907532	0.045437172055244446	-0.36491504311561584	0.8297244310379028	1.201557993888855	0.7887980937957764	2.2233009338378906	-0.9525372982025146	0.7801533341407776
-1.013132929801941	-0.8844413161277771	-0.07694710046052933	0.08846049755811691	0.4950466454029083	-1.3200072050094604	-1.2899671792984009	1.2758592367172241	0.5101003050804138	-0.4216267168521881	2.6121652126312256	0.020042704418301582	-1.625136375427246	0.6092805862426758	0.6888363361358643	-0.19042803347110748	-1.1363228559494019	-1.5696343183517456	1.527561902999878	1.307266354560852	0.2505028247833252	0.7450493574142456	1.1967449188232422	0.07130853086709976	-0.35370945930480957	0.8387937545776367
-0.2343016266822815	-0.40393874049186707	1.0531548261642456	0.6034077405929565	-0.8468385934829712	1.2858684062957764	-0.28258582949638367	0.6332544684410095	-2.2415075302124023	0.9936108589172363	1.0062419176101685	-0.6857868432998657	0.46366462111473083	0.9974032640457153	0.5516777038574219	-0.2178243100643158	-1.1172293424606323	1.5401591062545776	0.02231406234204769	-0.013790270313620567	-1.319188117980957	-0.45775139331817627	2.0825021266937256	1.332749605178833	-0.4788132607936859	0.4036828279495239
-1.819238305091858	0.40007713437080383	2.0268807411193848	-0.894534170627594	-1.1650384664535522	-0.5057827234268188	-2.2429022789001465	-0.7378346920013428	-0.3180566728115082	0.7200344204902649	0.31347596645355225	1.236741304397583	-1.0158791542053223	-1.3847171068191528	-1.161041259765625	2.2281978130340576	1.018175721168518	0.8540226221084595	-0.6592580676078796	0.1540454626083374	-0.42779284715652466	-0.621014416217804	-0.00032089807791635394	3.045758008956909	1.765926718711853	1.5245805978775024
0.12584906816482544	1.3150184154510498	-0.022921934723854065	-1.3886061906814575	-0.5684738755226135	-0.1250804364681244	0.5181759595870972	-1.3916845321655273	-0.49295827746391296	0.8405982851982117	0.4662753641605377	0.22062274813652039	-1.564774751663208	0.18788480758666992	0.5338209271430969	-0.00839516893029213	0.7586126327514648	1.6970394849777222	-0.21432437002658844	0.8120172023773193	0.07953532040119171	-0.19445805251598358	0.00966942310333252	-0.545512855052948	0.39236411452293396	0.3471698462963104
0.8262653350830078	-0.18459206819534302	-0.7202680110931396	-1.0554797649383545	-0.45479121804237366	0.6077994704246521	-1.290174126625061	0.18499355018138885	0.04225227236747742	0.4964525103569031	-0.7334951162338257	0.24100011587142944	-2.604656219482422	1.1229970455169678	-2.3312644958496094	0.23490023612976074	1.3481948375701904	0.1860937476158142	0.6031631231307983	1.1400822401046753	-0.6431471109390259	0.11393745243549347	0.256462961435318	0.5241633057594299	0.03242073580622673	0.7335027456283569
-0.3912942111492157	1.3140342235565186	0.6994887590408325	0.1646612137556076	1.8984980583190918	1.273608684539795	-0.5290245413780212	0.2995193898677826	-0.14310362935066223	-0.8397717475891113	0.09706307202577591	1.239539384841919	0.02816060371696949	-1.8448141813278198	-0.2845115661621094	1.3766694068908691	0.9829813838005066	-1.851959228515625	0.35558900237083435	-0.2916703522205353	0.3498705327510834	0.1183290109038353	-0.19389896094799042	0.6297089457511902	0.035068366676568985	-0.12979578971862793
-1.0204980373382568	-1.176051378250122	1.2642549276351929	0.015404396690428257	-0.13546578586101532	0.9606165289878845	0.44748497009277344	-0.30741167068481445	1.3324878215789795	1.343065857887268	-0.16319461166858673	1.6836705207824707	0.05501769110560417	-0.13848870992660522	-0.6276828646659851	-1.7637583017349243	-0.32896357774734497	0.7938804030418396	-0.41436874866485596	-1.5757182836532593	0.6949771642684937	0.1758441925048828	-0.24723389744758606	0.784328043460846	0.2607572376728058	-0.4901241958141327
2.062243700027466	-2.074800968170166	-0.4598218500614166	-0.743408203125	-0.10893619060516357	-0.2801278531551361	-0.8095892071723938	-1.4620070457458496	1.5503270626068115	-1.5103371143341064	0.3873196244239807	-1.2507985830307007	1.0742478370666504	-1.5613298416137695	0.21807318925857544	0.3355746865272522	0.14027170836925507	1.9920860528945923	-0.8860435485839844	-0.2910308837890625	-0.807574987411499	-0.5211283564567566	-0.049949921667575836	-0.2726230025291443	1.5957705974578857	-0.12753526866436005
1.1666420698165894	-0.5805027484893799	-0.04756508022546768	0.3906661570072174	-0.4853631556034088	1.723757028579712	0.4590012729167938	2.878389835357666	0.18297061324119568	1.1689975261688232	0.3989120423793793	0.7150649428367615	0.6159020066261292	-1.3154592514038086	0.9727524518966675	1.4681438207626343	-0.9208744764328003	0.8625563979148865	-0.8577485680580139	0.49374890327453613	1.3386037349700928	-0.9292940497398376	-2.8233351707458496	0.5886862277984619	0.642368495464325	-0.4526163339614868
-0.4020267426967621	-0.21307705342769623	0.576476514339447	2.696748971939087	1.3003839254379272	-2.479496479034424	-0.17804411053657532	0.11850816756486893	-0.6505380272865295	-2.4314706325531006	-0.7964211702346802	2.516319751739502	-0.13399608433246613	-1.155726671218872	-0.840826690196991	-2.185434579849243	0.9027261734008789	-1.1280639171600342	-0.1897546648979187	0.8904998898506165	0.6554974913597107	-0.48114827275276184	0.24522124230861664	-1.2403475046157837	-1.727394461631775	2.1776695251464844
-0.9880746603012085	-1.108336329460144	-1.3792518377304077	1.2328084707260132	-0.026245150715112686	-1.129547357559204	-1.6798317432403564	0.6488943099975586	1.080803394317627	0.24853533506393433	0.980518102645874	-1.109147310256958	1.3249059915542603	-0.4062734544277191	-0.14441563189029694	1.7997157573699951	0.3146083652973175	0.8402191400527954	0.11138459295034409	-0.8194169402122498	0.6528612375259399	0.6700994968414307	0.7513319253921509	-0.20494240522384644	-0.31484586000442505	-0.2857744097709656
-0.586546778678894	0.8341524004936218	-1.6411311626434326	-0.06582142412662506	-0.0020267439540475607	-0.08366826921701431	0.14935828745365143	0.20847220718860626	1.0062036514282227	-0.03266001492738724	0.6219192743301392	-0.1480351984500885	0.20552842319011688	2.2926769256591797	0.4964492917060852	-1.332987666130066	1.6751502752304077	-1.4494518041610718	1.4581397771835327	0.6715722680091858	-0.30468952655792236	-1.035320520401001	-0.5112344026565552	-0.9357616901397705	-0.20072747766971588	-0.87934809923172
-1.1071642637252808	0.8096542954444885	-0.2491629421710968	0.15404029190540314	0.18109498918056488	0.4734535813331604	-1.4709744453430176	0.03253429755568504	-0.6402871012687683	1.1016638278961182	-0.6161701679229736	0.9904786348342896	0.9984395503997803	1.1743552684783936	0.896043062210083	0.54255211353302	0.7935622930526733	-0.3383442461490631	-0.5708907246589661	0.594261646270752	1.0098637342453003	0.41692960262298584	-1.0336904525756836	3.133420705795288	0.09647546708583832	0.3974110782146454
0.2966412901878357	0.046141091734170914	0.029389241710305214	-0.7172494530677795	-1.212420105934143	1.7985037565231323	0.11548024415969849	1.8119152784347534	-0.1649894267320633	-0.7649095058441162	1.1803585290908813	0.5977377891540527	0.7292696237564087	-1.4080759286880493	-1.2723199129104614	-1.4063762426376343	1.155730128288269	0.5357911586761475	0.44308847188949585	-0.6496950387954712	-0.2484665811061859	1.0448486804962158	0.872819185256958	-0.9118605256080627	-0.0068717519752681255	0.24514293670654297
0.22323106229305267	-0.08762815594673157	-1.141758680343628	-0.9455984234809875	0.7362431883811951	0.48492857813835144	0.5683590173721313	1.3045239448547363	-0.765277087688446	-1.0230880975723267	0.7106162309646606	0.5286484956741333	0.20132791996002197	0.6198258399963379	-0.5486201047897339	0.2133570909500122	-0.4985627233982086	0.5541447997093201	1.9953927993774414	-1.2550830841064453	1.732277274131775	1.2335093021392822	-1.2330684661865234	0.8449433445930481	-2.4521961212158203	-1.3793572187423706
0.39414113759994507	-0.07263147085905075	1.2750648260116577	-0.42635980248451233	0.9436378479003906	-0.4002556800842285	0.21467742323875427	1.1675503253936768	-0.2361145317554474	1.436265468597412	0.9476885795593262	-0.017455829307436943	0.0872633084654808	0.47698575258255005	0.24402177333831787	-0.3391703963279724	-1.0126457214355469	-0.1561463475227356	-0.04823494330048561	1.1585644483566284	1.3838465213775635	-0.18834131956100464	0.3255730867385864	0.6419197916984558	1.5247606039047241	1.0377469062805176
-1.3952581882476807	-0.3243221342563629	-1.433796763420105	-0.04696369543671608	-0.1274385154247284	0.8565454483032227	-0.616727352142334	-0.16773772239685059	0.41800281405448914	1.372387170791626	-0.12538456916809082	-0.031049400568008423	2.0243914127349854	-1.5813654661178589	-2.6156113147735596	1.739832878112793	-0.9937605857849121	0.18296872079372406	1.5292565822601318	0.15553714334964752	-1.0181316137313843	-0.12698021531105042	0.9101065993309021	-0.2018587589263916	-0.25867074728012085	-0.2403385192155838
1.2438921928405762	0.5641321539878845	-1.0192924737930298	0.050319984555244446	1.913198471069336	2.550802707672119	0.9625678062438965	1.2246164083480835	-0.5361247658729553	-0.702124297618866	-0.9267897605895996	-0.759162187576294	0.39471378922462463	0.03765018284320831	0.8071812987327576	0.20254364609718323	0.4940010607242584	-0.6329147815704346	-0.3745999038219452	-1.0559799671173096	1.538826823234558	-0.7582807540893555	-0.02514410763978958	-0.469605416059494	2.097808599472046	-0.12272216379642487
-0.4865081310272217	0.5776412487030029	0.9599170684814453	-2.1809537410736084	0.7952790260314941	-1.5894109010696411	-1.0519336462020874	1.3667811155319214	0.1801128089427948	-2.314635753631592	0.11706556379795074	-1.143614649772644	-0.41669100522994995	1.046142578125	-1.3975744247436523	0.08130110800266266	-0.9818339347839355	-0.11756420135498047	-1.1024938821792603	1.95111083984375	0.29962611198425293	1.6054078340530396	-0.5150260329246521	1.7284694910049438	-0.12839451432228088	0.376930832862854
2.7012081146240234	0.929046094417572	-1.1070672273635864	0.4850439727306366	-0.5786778330802917	0.19463463127613068	1.8306101560592651	-0.3770964443683624	0.7770290374755859	-0.49613261222839355	0.2688097357749939	0.6050928831100464	0.848616361618042	-1.1082435846328735	0.2391928881406784	0.5550776124000549	1.1943037509918213	0.3205963373184204	1.634552001953125	-0.8717568516731262	0.6433426737785339	-0.36374375224113464	-1.9609490633010864	2.4739112854003906	2.1958370208740234	0.24020080268383026
-0.6860179305076599	0.04428202658891678	0.16895906627178192	-1.2667593955993652	-3.0555787086486816	0.22513064742088318	-0.4718988537788391	0.48871737718582153	0.5774497985839844	0.5697060823440552	-0.09965049475431442	-2.3939194679260254	-1.4619826078414917	-0.5466050505638123	-0.7630110383033752	-0.2688567638397217	0.6167358160018921	0.20254403352737427	-1.1373625993728638	0.039723411202430725	0.4407595098018646	-1.8507198095321655	0.7615314722061157	-0.023035669699311256	-2.824984073638916	-2.198085308074951
-0.7044579386711121	-0.5966151356697083	-0.10317987203598022	1.6781055927276611	-0.7941221594810486	0.3352741301059723	0.8611282110214233	-1.4772112369537354	-0.3024265468120575	0.03218657150864601	-0.5233544111251831	-0.6621788144111633	-0.5770772099494934	0.05897696688771248	-1.3730992078781128	-0.2146374136209488	0.05164841562509537	0.2750251293182373	3.21049427986145	-1.6446856260299683	-2.209108829498291	-0.10538561642169952	0.825300395488739	-0.892551839351654	1.0860192775726318	0.21401815116405487
-0.24414414167404175	-1.021486520767212	0.23591753840446472	1.6403660774230957	-1.2147339582443237	-2.002617359161377	-1.1300395727157593	0.46379420161247253	0.008584613911807537	2.3356852531433105	-0.76665860414505	0.4851396083831787	-0.2455572783946991	-0.07664331793785095	-0.9270240664482117	-0.5185404419898987	2.413208484649658	1.1303879022598267	1.6828444004058838	0.4951481223106384	1.2718929052352905	1.0073695182800293	-1.4119559526443481	1.7626701593399048	-0.7851805686950684	0.9338020086288452
-0.02782517485320568	-0.4815458655357361	2.7077395915985107	-1.3892273902893066	-1.5528689622879028	1.9254546165466309	-0.11110028624534607	-0.4223025143146515	-0.41829875111579895	0.9361392259597778	-0.8554136157035828	0.4393269717693329	1.320641279220581	0.1496751457452774	-1.357257604598999	-0.6361550092697144	0.9736695289611816	0.8278416395187378	0.025404304265975952	0.8641080856323242	-0.7079553604125977	-1.2346947193145752	1.1456196308135986	1.2724002599716187	-1.2771916389465332	-0.704111635684967
0.6070696115493774	-0.2987658679485321	1.341990351676941	-1.2029361724853516	-1.2689476013183594	0.18613038957118988	0.38260117173194885	0.5936533212661743	0.8684877157211304	-1.3630051612854004	0.6073300242424011	-0.8773947358131409	-0.01595066487789154	0.3966941237449646	1.7668970823287964	-0.7886712551116943	-0.3679775893688202	0.19233837723731995	-1.2972056865692139	-1.9245134592056274	-1.9404419660568237	-1.2219445705413818	-0.6906875371932983	0.5349702835083008	-0.809610903263092	-0.8860983848571777
1.1170889139175415	-0.27960360050201416	-1.321967363357544	0.7054293751716614	0.2899945378303528	-0.10426124930381775	0.5089649558067322	-1.7112348079681396	-0.6397626399993896	-1.9603447914123535	-0.8061136603355408	-2.6212029457092285	-0.32278475165367126	0.7528789639472961	-0.29503798484802246	1.2164244651794434	-1.9482635259628296	-0.5169458389282227	-1.7405544519424438	-0.11432962864637375	-0.2146790772676468	-1.640044093132019	0.28736525774002075	-0.3146626949310303	-0.619103193283081	2.4381792545318604
1.5575671195983887	0.8214190006256104	-0.3152889907360077	-2.0641250610351562	-1.2405391931533813	-1.1912004947662354	0.5390722751617432	0.7181718945503235	-1.0400081872940063	-0.7927579283714294	0.30505669116973877	0.5399056673049927	0.46259805560112	1.0840895175933838	-0.23774130642414093	-0.5556414723396301	-0.4123896658420563	1.7977358102798462	-0.6881608366966248	0.07139353454113007	0.030551878735423088	-0.8708043098449707	-0.22796575725078583	-0.8076369762420654	-0.4003554582595825	-0.11459939926862717
-0.19069860875606537	-0.8217502236366272	-0.8484603762626648	1.3102048635482788	0.29844000935554504	-1.594099998474121	-0.5397914052009583	-0.05436893552541733	-1.0058481693267822	-0.3440496325492859	-0.24764224886894226	0.5461166501045227	-0.44876357913017273	-2.8532118797302246	-0.22083307802677155	2.0584769248962402	-1.745762586593628	-1.8956031799316406	-0.1412278413772583	0.2729882001876831	-0.7073243856430054	-1.5289191007614136	0.9597301483154297	-1.8575184345245361	-0.3687017261981964	0.3232710063457489
-0.7431744933128357	0.4564357399940491	-0.17887844145298004	-0.25679928064346313	0.6864464282989502	-0.5744099617004395	0.2789824903011322	1.1098239421844482	0.701768696308136	-0.452330619096756	-0.4372503161430359	1.1469049453735352	0.6732653975486755	2.1117236614227295	-0.07886941730976105	-0.4028312861919403	-0.5041180849075317	0.7554051876068115	0.6591492295265198	-0.9573097229003906	0.15986189246177673	-0.6803956031799316	-1.5853519439697266	-0.14865201711654663	-0.6366695761680603	0.38387805223464966
-0.17161314189434052	1.115716814994812	-0.8841347098350525	-1.1775634288787842	-0.5772081613540649	1.4012337923049927	1.307755947113037	0.4866754114627838	-0.6863036155700684	-0.5652215480804443	0.13124223053455353	-0.47892898321151733	-0.8698816299438477	-0.01945100910961628	0.8611627221107483	0.9131235480308533	0.8172705769538879	-0.18310225009918213	0.633213460445404	-0.9928616285324097	-0.8457226753234863	-1.1425169706344604	0.6660509705543518	0.3073481023311615	1.5787575244903564	-0.5188280940055847
-1.5560929775238037	1.2551708221435547	-0.6629347801208496	-1.2983362674713135	-0.2630663514137268	-2.0501556396484375	-1.4554977416992188	-0.963467001914978	-1.5485612154006958	0.7142535448074341	0.650556743144989	-1.0289314985275269	-1.2652602195739746	0.006447362247854471	-0.5050362348556519	-0.2032562792301178	0.09507061541080475	0.14176131784915924	1.1147513389587402	0.8328261971473694	0.7223819494247437	2.4357423782348633	0.010823274962604046	-0.1421721875667572	1.7993210554122925	0.7370962500572205
-0.7994572520256042	-1.2246489524841309	-1.3291336297988892	-0.1344323605298996	0.8362718224525452	0.25725480914115906	0.029730981215834618	1.4647870063781738	0.6522449254989624	-0.08934158086776733	-1.21494460105896	-1.9559861421585083	0.5718756914138794	-0.21787135303020477	-0.30999574065208435	0.5324990153312683	0.7355700135231018	0.28384387493133545	-0.5269071459770203	-0.028295358642935753	0.06444942951202393	1.0255519151687622	-0.24544928967952728	-0.6507899165153503	-0.9495266079902649	-1.0669691562652588
0.9871914982795715	0.11136319488286972	-1.464056134223938	0.6170158982276917	-0.7419413328170776	0.9417215585708618	-1.171272873878479	-1.3418078422546387	0.6423807740211487	1.9673550128936768	0.11771081387996674	0.530236005783081	-0.6141067743301392	0.22250041365623474	0.5880508422851562	-0.47036799788475037	-2.0475685596466064	1.049494743347168	-2.5763556957244873	1.1381393671035767	-2.052206039428711	0.8567098379135132	0.36601653695106506	-0.5453391075134277	-1.719335675239563	-0.2880455255508423
-0.8466855883598328	0.4436073303222656	-0.6288516521453857	-1.1154913902282715	0.3232705891132355	2.287973165512085	0.6616048812866211	-1.5942968130111694	-0.6601806879043579	0.4074559807777405	0.4374171793460846	1.2021459341049194	1.964040756225586	0.8323134779930115	-0.7611826658248901	-0.4509432017803192	1.1891323328018188	-0.882960855960846	-0.5173310041427612	-0.2595919370651245	0.0796542540192604	0.31692901253700256	-0.0496399886906147	-1.132638931274414	-0.6555529832839966	-0.4331821799278259
0.4344538748264313	-0.7212287783622742	-0.48200419545173645	0.843467116355896	0.20950424671173096	0.7481937408447266	-0.5711714029312134	-0.7352257966995239	0.5403414964675903	-0.176782488822937	-1.192110538482666	-0.9337136745452881	0.9802489876747131	-0.8073945045471191	0.7639834880828857	2.699876308441162	3.406529426574707	-0.08646862208843231	-0.6720878481864929	1.9437772035598755	-0.2255644053220749	-2.071627616882324	2.2511117458343506	-0.0006271284655667841	-2.1238903999328613	-1.2413665056228638
1.0950621366500854	1.4924285411834717	1.6546506881713867	0.950371503829956	-0.7551394701004028	-1.633525013923645	1.3821357488632202	0.34697794914245605	0.4193846881389618	1.3310291767120361	-0.16260255873203278	-0.009438308887183666	-0.4273097515106201	-2.333538770675659	1.1183538436889648	-2.235844612121582	0.4779396057128906	-0.34116673469543457	-0.5866965055465698	-0.5168361663818359	-0.20071938633918762	1.1745848655700684	-0.558915913105011	-0.01788184605538845	-0.0034095156006515026	0.0046937791630625725
0.16280478239059448	0.03574855625629425	1.050532579421997	0.42604199051856995	0.7303764820098877	-0.30443620681762695	-0.4226919114589691	1.2483372688293457	-1.6456713676452637	-1.4151980876922607	-0.890825629234314	-2.036937713623047	0.331693559885025	1.4682449102401733	-1.5239559412002563	0.4865887463092804	-0.3047947585582733	0.282593309879303	-1.5783339738845825	-0.02372894622385502	1.434646487236023	0.06845962256193161	1.3271815776824951	0.08292235434055328	2.410729169845581	-0.7720587849617004
-0.44998815655708313	-0.3361225426197052	0.26676803827285767	-0.8158473372459412	-1.1848793029785156	-0.18070878088474274	0.06361503899097443	1.046557903289795	0.0440206341445446	0.0648319274187088	-1.1849256753921509	-1.1974384784698486	1.1555079221725464	1.1291176080703735	-0.7725856304168701	0.047708623111248016	0.23817580938339233	-0.05287070572376251	2.520690441131592	1.9075548648834229	1.9674915075302124	0.15357762575149536	-1.5826618671417236	1.849147081375122	-0.643158495426178	-1.1419228315353394
-0.8299760818481445	-1.4447453022003174	2.1215784549713135	1.2395888566970825	-1.4556082487106323	1.0261082649230957	-1.263882040977478	1.354026198387146	-0.21749208867549896	1.5815911293029785	-0.5916966795921326	-0.00960091594606638	0.977471649646759	-1.7049379348754883	2.007614850997925	-0.3188219368457794	2.2718429565429688	0.34074920415878296	1.4608060121536255	0.06874305009841919	-2.089995861053467	-1.6797336339950562	0.7778480648994446	0.4307344853878021	-0.22616508603096008	-3.367203950881958
0.7101230621337891	1.638123869895935	-2.0905203819274902	0.7124277949333191	-0.36212867498397827	-0.3777371346950531	-1.095575213432312	-0.14193688333034515	1.5392407178878784	0.5772425532341003	-1.068260669708252	-0.017661305144429207	-0.29823440313339233	-0.19415505230426788	-1.1801170110702515	-0.4545718729496002	-1.5364776849746704	-1.6639963388442993	-0.7388966083526611	0.8749263882637024	0.8655681610107422	1.7950407266616821	-0.6278122067451477	0.6211549043655396	-0.31103119254112244	-1.4368464946746826
-1.5342434644699097	0.6862815022468567	0.12179244309663773	-1.269295334815979	-1.6486587524414062	-1.0692282915115356	0.7545298337936401	1.2703630924224854	1.3648020029067993	1.0183531045913696	0.9169551134109497	0.9072754383087158	-0.14429979026317596	-0.8996959924697876	0.4095974564552307	0.46509960293769836	-2.016284704208374	-0.6445398926734924	-0.046540528535842896	0.2582985758781433	-1.7977383136749268	-1.050693154335022	-0.3351789116859436	0.15319287776947021	-0.225258007645607	-0.500764787197113
0.030509892851114273	-0.6356043219566345	0.7315424084663391	-1.3176805973052979	-0.7087377309799194	0.35600003600120544	-0.28741735219955444	-0.950690746307373	0.469381719827652	0.6880164742469788	0.4678499698638916	0.5391319394111633	-0.6457456350326538	0.6066185832023621	-0.8390557765960693	0.28949788212776184	-0.21167343854904175	0.293779194355011	1.2193231582641602	0.8211268186569214	0.3385184109210968	2.053037643432617	0.8660825490951538	-0.08713678270578384	1.7270252704620361	0.5801873207092285
0.3064422309398651	0.8494092226028442	0.5996907353401184	-0.5498325228691101	-0.3322546184062958	1.603723168373108	0.20445841550827026	1.55568528175354	0.254569411277771	-0.30809882283210754	-0.47596195340156555	0.9366347193717957	-0.007510744966566563	-1.5250861644744873	-0.8768524527549744	1.3056061267852783	-0.39950889348983765	0.0663919523358345	-0.857395589351654	0.073857881128788	-0.5413220524787903	2.8872482776641846	2.0381152629852295	-0.1812180131673813	0.7355942726135254	-0.7738849520683289
0.5450868010520935	-0.9324537515640259	0.47376951575279236	0.19542211294174194	0.9068263173103333	-1.461181879043579	-0.11480323225259781	-0.7638049721717834	0.15994156897068024	0.0714428573846817	-2.205918312072754	-0.3344559967517853	-0.7600916028022766	0.3801720440387726	-1.0506480932235718	0.34908103942871094	0.8844265341758728	0.349204421043396	1.2935184240341187	0.6973974704742432	0.8852298259735107	2.184248924255371	0.9568037986755371	0.7568086385726929	0.35263800621032715	-1.2029850482940674
-1.7628381252288818	-0.25321492552757263	-0.48908305168151855	-2.449573516845703	-1.3784512281417847	-0.2215481549501419	-0.49570733308792114	0.11670181155204773	0.31477102637290955	-0.24962598085403442	0.2842779755592346	0.030820230022072792	0.9542897343635559	-1.7478808164596558	0.41124680638313293	0.9047185778617859	0.2907775938510895	-0.944354772567749	-1.584660530090332	0.7875784635543823	0.06455811113119125	-0.7867925763130188	2.365234613418579	-1.3094806671142578	0.1772129386663437	1.1226638555526733
-0.2393874078989029	0.06013862416148186	-1.7704832553863525	2.084864854812622	0.7436091899871826	-0.18375001847743988	-1.1559431552886963	0.31900766491889954	0.1626104861497879	0.059354763478040695	-0.1395668387413025	0.7319177389144897	1.1090577840805054	-0.12279682606458664	0.4962325394153595	0.8153997659683228	-0.15401779115200043	-0.3663414716720581	1.859782099723816	1.3221057653427124	0.3117072284221649	0.8434678316116333	2.501887559890747	-1.793468952178955	1.2133543491363525	-2.475820779800415
-0.01149049960076809	0.6588740348815918	0.7188453078269958	-0.42021623253822327	0.20619699358940125	-0.7074811458587646	0.9470635652542114	-0.08731510490179062	-0.9421011209487915	-1.7321146726608276	-0.7793472409248352	1.1529781818389893	0.7054620981216431	-0.0353175513446331	-0.5018627643585205	-1.2288678884506226	0.5735967755317688	0.7370031476020813	-1.0162402391433716	0.07493788003921509	1.2883820533752441	-0.006180544849485159	1.0896767377853394	0.52182537317276	0.3129521310329437	0.8762596249580383
-0.4751814603805542	1.2809823751449585	-0.7139981985092163	1.459519624710083	0.2456914633512497	-0.905411422252655	-0.8359940052032471	0.3798852860927582	0.23530350625514984	0.07321972399950027	-2.4529943466186523	0.20897141098976135	-0.5253565311431885	-1.4629557132720947	-0.9271842241287231	-1.600024938583374	-1.7762292623519897	-0.8241567015647888	0.8353726267814636	-1.1290274858474731	-1.1240324974060059	0.2348499298095703	-1.1494539976119995	0.25723376870155334	1.1189930438995361	0.36089903116226196
0.6597626209259033	-0.36982598900794983	1.094477891921997	-1.1306036710739136	-0.23840191960334778	0.28889065980911255	0.789963960647583	1.0745069980621338	-1.4751778841018677	-0.8718656897544861	-0.1828240603208542	1.1551214456558228	0.4868151545524597	-1.0988472700119019	-1.008576512336731	1.6798166036605835	1.1565111875534058	0.9368494749069214	-1.2891818284988403	0.051791962236166	-0.5768514275550842	0.1732344925403595	0.3994032144546509	-0.6586169600486755	-1.266599178314209	-0.334838330745697
0.4718230664730072	0.8629377484321594	-0.28515949845314026	-1.5535190105438232	2.824035406112671	0.5653480887413025	0.7675274014472961	-1.2700960636138916	1.1377437114715576	-0.7056037187576294	2.684518814086914	-0.07636580616235733	2.470191240310669	0.2284359186887741	-0.9091994166374207	-1.5094157457351685	-0.3054959177970886	2.362100601196289	-0.5077969431877136	-0.3571324050426483	0.5772519707679749	-0.9349635243415833	0.0218063872307539	-0.9841479659080505	0.13029813766479492	-0.3028075397014618
1.4523669481277466	0.6301054358482361	-0.2444220930337906	0.8659266233444214	-1.650969386100769	0.17842644453048706	0.0405750535428524	-0.14367049932479858	1.269892692565918	-1.1649143695831299	0.021958937868475914	1.2714718580245972	-0.24775445461273193	0.7450063228607178	0.4977429509162903	0.036924708634614944	-0.20334771275520325	-0.16493892669677734	-0.5346850156784058	-0.6595293879508972	-0.13109137117862701	0.5649834871292114	0.8848604559898376	1.0985697507858276	-0.749367356300354	0.14193980395793915
0.1721467673778534	-0.19138185679912567	0.8236782550811768	1.004421353340149	-0.18121689558029175	-0.1773257702589035	0.11099154502153397	1.2018952369689941	0.4068780541419983	-1.0560438632965088	1.1644904613494873	-1.002106785774231	0.22544549405574799	-0.7273030877113342	-0.7154613137245178	-0.7205893397331238	1.427918553352356	0.17831911146640778	-0.07226652652025223	0.39105406403541565	0.571086049079895	0.7332970499992371	-0.4206421971321106	-0.20024734735488892	1.1018521785736084	-1.2077125310897827
-1.8645319938659668	0.3020324409008026	1.166815996170044	0.40563637018203735	1.2780919075012207	0.20462696254253387	0.22971583902835846	-0.256926029920578	-0.28538617491722107	-0.19199590384960175	0.9874837398529053	0.1700821965932846	1.0358545780181885	0.5670552849769592	-0.6629197597503662	1.308869481086731	-2.6724853515625	0.9051876664161682	1.7559547424316406	-0.5454867482185364	-0.11177242547273636	0.389069139957428	-0.9612513184547424	-0.7738723754882812	-0.660178005695343	-1.7945178747177124
0.5040138959884644	-0.39559927582740784	-0.5749988555908203	0.310350239276886	-1.7763824462890625	0.21974243223667145	0.5474768280982971	2.644322633743286	1.071576714515686	0.7723917961120605	-1.8525995016098022	0.9523906111717224	-0.5682750344276428	-0.23497502505779266	-0.7506071329116821	0.7404524683952332	0.5172950625419617	-0.7435625195503235	-0.1674957126379013	0.27153486013412476	-0.8859958052635193	-0.8127032518386841	2.001551628112793	-1.3813999891281128	0.37554845213890076	0.903960108757019
-2.678455352783203	-0.1439465433359146	1.1341917514801025	-0.17853856086730957	-1.4969905614852905	-0.2516866624355316	-1.056538462638855	1.2766188383102417	-0.36398494243621826	1.587019920349121	-0.16400618851184845	0.6472384333610535	0.9707636833190918	0.009621355682611465	-0.7301914095878601	0.9194925427436829	0.21125207841396332	-0.34623146057128906	0.6894189715385437	1.2938565015792847	0.3292100727558136	-0.47597458958625793	-0.6600858569145203	0.0762280821800232	-1.2027254104614258	-0.07802236825227737
0.4155769348144531	0.2644495666027069	2.681560754776001	0.5811507701873779	-0.7260115742683411	1.3018676042556763	-0.4809502959251404	1.0235965251922607	1.508379340171814	-0.01641390100121498	1.4348037242889404	1.320130705833435	0.7786179780960083	-0.2722760736942291	-1.3760449886322021	1.5309576988220215	-0.05290394276380539	-0.48602041602134705	-1.368475079536438	2.191124677658081	-0.6568368077278137	0.05246703326702118	-1.5658835172653198	-2.575416326522827	0.46359702944755554	-0.12490730732679367
1.0137149095535278	1.3529136180877686	1.460665225982666	0.5802751779556274	-0.026661347597837448	1.3127998113632202	1.9505325555801392	1.1859089136123657	0.038103796541690826	0.133921816945076	0.14947518706321716	1.1052300930023193	1.089040994644165	-0.5910747051239014	-0.007742211688309908	0.7501375079154968	0.24294255673885345	0.0996263176202774	-0.4813880920410156	0.9081899523735046	-0.2622095048427582	1.0456081628799438	-0.4516361951828003	-0.5341949462890625	1.419690489768982	-0.08401357382535934
0.8355452418327332	0.9327397346496582	0.716187059879303	1.050251841545105	0.10413329303264618	-1.387662649154663	0.3362487554550171	-0.6253881454467773	0.7299020290374756	-0.46379315853118896	0.7534136176109314	-0.11208439618349075	-1.2643011808395386	1.1569520235061646	-2.7632548809051514	-0.6196388602256775	-0.2411193996667862	2.4435248374938965	-0.8318699598312378	0.03751223161816597	-0.4375203251838684	0.9720841646194458	0.9059954881668091	0.7155628204345703	-0.5275169610977173	0.2640778422355652
-1.0029387474060059	-0.3221374452114105	1.421215534210205	0.7770959138870239	-2.201955795288086	-0.5686084628105164	0.6079145073890686	2.271304130554199	1.0646541118621826	1.012810468673706	-1.971388578414917	-1.0576400756835938	-1.3522228002548218	0.3432891070842743	-0.4002676010131836	-0.9629864692687988	-0.30824992060661316	-0.833397388458252	0.5035507082939148	-1.2552894353866577	2.349461555480957	0.7140522599220276	-1.3024671077728271	-0.2535437047481537	-2.080404758453369	-0.29283905029296875
0.9699671864509583	-1.2045024633407593	0.16924719512462616	1.098058819770813	-0.50538170337677	1.7517532110214233	1.0096173286437988	-0.23103518784046173	-0.5054803490638733	1.1950011253356934	1.1380527019500732	-0.5801804065704346	-2.730059862136841	-0.8159462213516235	0.38651272654533386	1.068128228187561	0.3653789162635803	0.5943639278411865	0.38557037711143494	0.5608842968940735	0.9366089105606079	0.8622875809669495	-1.3611236810684204	1.045999526977539	-0.6913771629333496	-0.6509913206100464
-0.5372140407562256	2.025378704071045	-0.9728420376777649	-0.9984099268913269	-1.3397583961486816	0.4162251055240631	2.8814010620117188	-2.342482089996338	0.2821117043495178	-0.47325506806373596	-0.3515690565109253	0.23209932446479797	0.9987859129905701	-0.4987761676311493	0.12253956496715546	-0.8962579965591431	-1.0595322847366333	-0.5465300679206848	0.42286112904548645	-1.0584783554077148	0.1513301432132721	0.054350245743989944	0.2805587351322174	-0.8950701951980591	0.6750123500823975	1.158484935760498
-1.3554803133010864	0.9957268834114075	0.07781511545181274	-1.0261191129684448	0.9403422474861145	-1.0522512197494507	-1.563481330871582	-0.1718442738056183	0.9350445866584778	-1.3763405084609985	0.4718376398086548	-0.8660869002342224	-0.8206740617752075	1.0121207237243652	-0.20290301740169525	0.40277037024497986	-1.060076355934143	0.8758842945098877	0.8449835777282715	-1.1962474584579468	-0.7050656676292419	-0.19725333154201508	0.6108027696609497	-1.2586827278137207	1.557564377784729	-0.25465068221092224
-0.8750630021095276	0.01326749287545681	1.9623656272888184	0.4017114043235779	-2.1132140159606934	-0.9209132790565491	-0.6218847632408142	-0.07157058268785477	-0.4064607620239258	1.3595030307769775	1.0587637424468994	-0.21454977989196777	1.2935549020767212	-2.239283800125122	0.7933253049850464	0.6820733547210693	-0.7105788588523865	-0.3636021018028259	-1.0499881505966187	-2.545004367828369	-0.5876771807670593	0.11465545743703842	1.4822301864624023	2.101689577102661	0.05622008442878723	0.08083810657262802
-0.19248171150684357	-0.17039240896701813	1.3456403017044067	-0.9239507913589478	-0.7187232375144958	-0.8372602462768555	0.46029797196388245	1.2155632972717285	-0.15430302917957306	1.7770172357559204	1.7796932458877563	-0.9113305807113647	-0.895003616809845	-1.273374319076538	-0.8059512376785278	-0.02425740659236908	0.7341462969779968	0.3114906847476959	-0.5783789753913879	0.557316780090332	0.12381499260663986	-0.11532121896743774	-0.34956851601600647	0.5624024868011475	-1.9637644290924072	0.6145501732826233
0.8103907704353333	0.19700998067855835	0.49247708916664124	0.045861076563596725	-1.0063666105270386	0.012484757229685783	-0.2346785068511963	0.3996502757072449	1.0443936586380005	0.09446913003921509	-1.123520016670227	-2.700147867202759	0.005007072817534208	-0.34024110436439514	0.5905131101608276	8.928703755373135e-05	1.1386935710906982	0.8337843418121338	-1.4071680307388306	-0.5989462733268738	0.38308224081993103	-1.5910224914550781	-0.6353198289871216	-1.0672913789749146	0.5419768691062927	-0.730048418045044
1.536147117614746	-0.9779425859451294	-1.104338526725769	-0.2390175312757492	0.14572253823280334	0.15781717002391815	0.7846808433532715	-0.048013657331466675	-0.8187300562858582	1.9974664449691772	0.1024814173579216	-0.7212494015693665	0.872205376625061	1.114402413368225	0.1238352507352829	1.5480258464813232	-0.6777204275131226	-0.3119577169418335	0.23795728385448456	1.0756943225860596	-0.09540493786334991	-0.37293705344200134	-1.8382314443588257	-0.49749475717544556	0.8350359797477722	1.5942879915237427
0.2906222343444824	-1.2822123765945435	0.7613716721534729	2.4552111625671387	0.7119491100311279	1.2361969947814941	-0.35893040895462036	1.2907744646072388	0.3267189860343933	0.43772241473197937	-0.335506409406662	-0.35272687673568726	-0.7783849835395813	-1.4095524549484253	0.2086779624223709	-1.1522990465164185	-1.1364914178848267	-1.3797404766082764	-1.7912585735321045	-0.23334406316280365	1.0011347532272339	-0.2763940393924713	0.4300631880760193	-0.055031727999448776	0.34768110513687134	2.1656439304351807
-0.7948322892189026	0.176458939909935	-0.2844875454902649	-0.7077659368515015	-2.009174108505249	-0.04015034809708595	0.5412290692329407	-0.5251390933990479	0.081730917096138	0.9677761197090149	-1.5079829692840576	0.7968260049819946	-0.5676486492156982	1.2569459676742554	1.5663291215896606	0.24953758716583252	0.38447239995002747	-0.39001116156578064	-0.6952652931213379	-0.5907294750213623	-0.8667035698890686	0.6675593256950378	0.9732398390769958	-0.15852466225624084	-0.38794419169425964	1.046130657196045
1.0196313858032227	-0.1607946902513504	-0.7259542942047119	-0.13107594847679138	0.7395092844963074	-1.0137622356414795	0.31315264105796814	-0.3224790394306183	-0.5082427263259888	-1.167960286140442	-0.2895188331604004	-0.353457510471344	-0.7507064342498779	-0.4578123390674591	1.7095296382904053	-0.35027626156806946	-1.165312647819519	0.2543875575065613	-1.6728923320770264	2.130605697631836	-0.9018923044204712	2.0932626724243164	0.8508539795875549	0.09249696880578995	0.9170038104057312	-0.10548322647809982
-0.036803651601076126	1.6192033290863037	0.16189441084861755	-0.7549222707748413	0.5295279026031494	-0.06931442767381668	-0.34275200963020325	-0.3718779981136322	0.6309418678283691	-0.34530287981033325	-1.5644923448562622	-1.9723572731018066	-0.7128730416297913	-0.3368707597255707	0.053029727190732956	-0.4183379113674164	0.47147589921951294	-1.2104262113571167	1.643425464630127	-1.3356784582138062	-1.0125057697296143	-0.31731855869293213	-0.6353338956832886	-0.40089958906173706	-0.7554485201835632	-1.0963356494903564
-0.5701330304145813	-1.2772129774093628	1.09597909450531	-1.1236754655838013	0.41854315996170044	1.4479502439498901	-0.7560112476348877	-0.11908817291259766	0.4120379090309143	0.3006754517555237	0.727863073348999	-1.0736933946609497	0.5942615270614624	-0.8639124631881714	-0.8315605521202087	-0.3200736343860626	-1.4424059391021729	0.5421721339225769	-1.4389846324920654	-0.13355349004268646	0.029440872371196747	-1.7873427867889404	0.130152627825737	0.46779364347457886	-1.439880132675171	-0.041576091200113297
0.15513761341571808	1.4468048810958862	-0.7554783821105957	1.3600081205368042	-1.5373892784118652	0.3177749514579773	-0.456063836812973	-0.35266581177711487	0.35015755891799927	0.3742552101612091	-0.7502303719520569	-0.5438234806060791	1.4107972383499146	-2.369382619857788	0.6733531355857849	-1.0265012979507446	-0.6575893759727478	1.957648515701294	0.3040628135204315	-0.7897696495056152	-1.405502438545227	-0.5858220458030701	-1.3356094360351562	-0.20036913454532623	2.3498833179473877	-0.696841299533844
-1.3831162452697754	0.6434602737426758	-1.1141127347946167	-1.0614955425262451	-0.9434282183647156	-0.08526356518268585	1.4352858066558838	-2.2777321338653564	-1.865583062171936	1.467926025390625	-0.8290324807167053	-1.0052056312561035	0.3606153428554535	-1.553940773010254	-1.4938957691192627	-1.6020925045013428	-1.6332849264144897	-0.315663605928421	0.13181710243225098	-2.7499444484710693	-1.9317004680633545	-3.237826108932495	0.14364592730998993	-1.5998109579086304	-1.6267884969711304	-0.6403624415397644
