-0.04202532395720482	-0.8079372048377991	0.06121146306395531	0.15496551990509033	0.18564346432685852	-0.777621865272522	0.2104709893465042	0.6908645033836365	-1.5231293439865112	0.518466055393219	0.7102341055870056	-0.1704818457365036	0.17874690890312195	1.0809682607650757	-1.6497266292572021	-0.006344923749566078	0.6194131374359131	0.8010166883468628	-0.8812351226806641	-0.23830145597457886	0.21203382313251495	1.175856351852417	-1.1865277290344238	1.0860182046890259	-1.622887372970581	1.93582022190094
0.6612935662269592	-0.6097735166549683	1.1587826013565063	1.132527470588684	0.22761894762516022	-0.271852046251297	0.501490592956543	-0.3973483741283417	-1.4766409397125244	-0.4254603385925293	-0.8821216225624084	-0.9899049401283264	-0.28014442324638367	0.14152099192142487	-0.5804072022438049	-1.2809406518936157	-0.6827610731124878	0.8080544471740723	1.2018589973449707	-0.9498095512390137	-1.0904672145843506	2.0762386322021484	-0.1616128832101822	-0.30652517080307007	0.19696785509586334	-0.39845702052116394
-0.5077176094055176	0.17475111782550812	-0.6030147075653076	1.3525222539901733	-0.5329251885414124	1.0369030237197876	0.3946179747581482	1.1650720834732056	-0.7853314876556396	1.6294550895690918	-0.1269046515226364	-1.1352629661560059	-0.625384509563446	1.3693263530731201	-1.081138253211975	-0.09701263159513474	-0.6538664102554321	1.5684523582458496	0.04376249015331268	-0.10157135128974915	-0.6723873019218445	-0.2055031806230545	0.4704635739326477	0.9664912223815918	0.34843212366104126	-1.047091007232666
-2.4817721843719482	-0.1814470738172531	1.4463186264038086	-2.5059077739715576	-0.5617170333862305	1.7158243656158447	-1.2477946281433105	0.43459880352020264	0.7010030746459961	0.04721355065703392	-1.0340574979782104	-0.12797045707702637	-0.8076679110527039	0.5449499487876892	1.0970063209533691	0.2409515231847763	-0.14445875585079193	0.937654435634613	-0.2558586597442627	1.0044065713882446	-1.5307377576828003	-1.1025002002716064	0.05834825709462166	0.26564106345176697	1.0707271099090576	-0.3794742524623871
0.2953963577747345	0.70339435338974	0.2773284316062927	-0.4078660011291504	-0.27893316745758057	-0.8837159872055054	-0.7592987418174744	1.7203714847564697	0.14738041162490845	2.25549578666687	-0.4253917634487152	0.4138849377632141	0.09835847467184067	-0.6174210906028748	-0.22237463295459747	-0.317190945148468	2.7519009113311768	1.2338283061981201	-0.6178936958312988	-1.3107670545578003	-0.7619433403015137	-0.06692751497030258	-0.9786772727966309	0.8669573664665222	2.1252901554107666	0.7639477252960205
-0.768740177154541	-0.2030121386051178	-2.392277479171753	0.812201976776123	-0.11993824690580368	0.7526633739471436	-0.4594134986400604	0.4157288670539856	-0.2996269762516022	-1.9130743741989136	-2.4268250465393066	0.737034261226654	0.4056064784526825	0.6599017381668091	0.8174896240234375	-1.0858906507492065	-0.43244290351867676	-0.8279343843460083	0.5296446681022644	-0.3484041690826416	1.2277905941009521	-2.4353320598602295	-0.9734876155853271	-0.06780119240283966	0.8263140320777893	-0.4465201497077942
0.2445426732301712	-0.004652601666748524	0.48711785674095154	-1.622438907623291	1.3434789180755615	-0.11877501755952835	0.7203719019889832	-0.7353783249855042	-0.6158412098884583	-2.8638405799865723	1.723504900932312	-0.14546546339988708	-1.9428515434265137	0.3989056348800659	0.5536617636680603	0.7997502088546753	0.4809480607509613	-0.3126700520515442	-0.9348312616348267	-0.0914406031370163	-0.9309477210044861	1.1874887943267822	-0.39180755615234375	1.4629766941070557	-0.4300087094306946	-1.653108835220337
-1.4477232694625854	-1.3561466932296753	0.7196304202079773	-2.219318151473999	1.4861689805984497	-0.8880018591880798	-0.20849435031414032	1.9945124387741089	-0.48467767238616943	0.44179093837738037	0.5311321020126343	-1.3587698936462402	0.44383561611175537	-0.7414745092391968	0.6083413362503052	-1.5054130554199219	0.6310818791389465	-0.04311791807413101	-0.090415358543396	-0.7643102407455444	-0.082977294921875	-0.9045957922935486	-2.1883440017700195	1.153838038444519	0.5119169354438782	1.6047488451004028
-0.918927788734436	1.5091185569763184	-0.5616106390953064	-2.834327220916748	0.127074733376503	0.36424359679222107	-0.08170408755540848	-0.5579701662063599	0.8146931529045105	0.2137758731842041	1.7591917514801025	-0.7544490694999695	-0.35195794701576233	0.1417934000492096	0.47312259674072266	1.383286952972412	-0.3904394507408142	0.9755669236183167	1.1450141668319702	0.7366527318954468	-0.9321110248565674	-1.4640082120895386	-0.16619281470775604	-0.3646417260169983	1.0749855041503906	0.1957298368215561
1.1698805093765259	0.356622576713562	0.41786766052246094	0.5546815395355225	-0.03517678380012512	0.11181323975324631	1.1240047216415405	-1.0533477067947388	1.7817540168762207	-1.2512342929840088	-0.5839641094207764	-1.5979458093643188	-0.041892871260643005	-0.9272390604019165	0.5387908816337585	-1.2709180116653442	-0.07118338346481323	1.0423232316970825	0.2155401110649109	0.4703295826911926	-0.9199754595756531	1.8241586685180664	-0.5960257053375244	-0.8515674471855164	1.1949645280838013	-0.19152526557445526
0.27063581347465515	0.5152314901351929	-1.2333481311798096	0.29558563232421875	-0.7628702521324158	1.1527714729309082	0.25753819942474365	-0.4797954559326172	-0.4410845935344696	0.9650354981422424	-0.06912766396999359	-0.7750362157821655	0.5850039124488831	2.235569953918457	-0.26581960916519165	0.4312891364097595	0.197902649641037	0.8538389801979065	-1.317543864250183	-0.9461717009544373	1.049060583114624	-0.7710682153701782	0.20953981578350067	0.7850170731544495	-0.21820949018001556	1.2263702154159546
0.46863454580307007	-0.047519829124212265	0.6227946281433105	-1.5925816297531128	0.8912491202354431	1.4985015392303467	-1.4554165601730347	0.15220558643341064	1.1166658401489258	0.1258849799633026	-0.9474626183509827	0.12137169390916824	0.3702523708343506	0.033656928688287735	0.026780014857649803	0.2370128035545349	0.6033018827438354	-1.1173673868179321	1.7692501544952393	-0.7145915031433105	-0.18232925236225128	1.3027054071426392	1.2780587673187256	-0.20324954390525818	-1.2664883136749268	-0.7826621532440186
0.02532045915722847	0.9050211906433105	0.8279922604560852	1.5166419744491577	-0.8092347383499146	-0.1263507753610611	1.0208245515823364	0.6805511116981506	-1.7946546077728271	0.8202159404754639	-0.39293596148490906	-0.3119724690914154	-0.29099518060684204	-1.1691783666610718	0.3459356427192688	2.5312979221343994	2.347928524017334	0.3071751296520233	0.36316704750061035	-0.4222107529640198	-0.0002212017570855096	-1.5719983577728271	-0.3467591106891632	-0.9143341183662415	-2.27923583984375	0.08875147998332977
1.2908889055252075	-0.1757582575082779	-2.209681749343872	-0.5400664210319519	0.37841281294822693	-0.44707995653152466	0.7698866724967957	0.07375364750623703	-0.3074305057525635	-1.6593066453933716	0.00037025794154033065	0.24260737001895905	2.0811550617218018	0.22429649531841278	0.038377225399017334	0.06493856757879257	-0.28378140926361084	1.1768488883972168	-0.7263799905776978	-1.1638020277023315	1.0334523916244507	0.72475665807724	-0.8467493653297424	0.48198261857032776	2.119462728500366	-1.6672216653823853
0.3507317304611206	-0.09876571595668793	0.9551938772201538	0.2602032423019409	-0.8588801622390747	-0.5632163286209106	0.2616748809814453	0.7279255390167236	0.1327178031206131	0.1842915266752243	0.2646528482437134	0.5142437815666199	-0.18373671174049377	-2.54158091545105	-0.9361906051635742	-0.40489766001701355	0.6947602033615112	0.518328845500946	-0.0007978563662618399	-1.0331029891967773	0.6106488108634949	-1.0352848768234253	-0.39787793159484863	1.9066895246505737	1.0112016201019287	-0.825538694858551
2.434755325317383	-0.8564119935035706	0.17323186993598938	-0.20551371574401855	0.1566835641860962	0.38620856404304504	1.1001518964767456	-0.24148207902908325	0.9195399284362793	-2.9490647315979004	0.03448764607310295	-1.4224436283111572	0.14231730997562408	0.6391384601593018	1.3342700004577637	0.25073233246803284	-0.24986134469509125	0.9265853762626648	0.6065143942832947	1.0696699619293213	0.09208238869905472	-0.3901212513446808	-0.7640658617019653	-0.31982681155204773	0.9389877915382385	-1.4824917316436768
1.2425541877746582	-0.557439923286438	-0.8895738124847412	-1.0656846761703491	-0.8523262143135071	-0.7350035309791565	0.01517291460186243	1.0391827821731567	1.9134145975112915	0.28183555603027344	-0.4295192360877991	1.2512001991271973	0.5079504251480103	0.13491292297840118	1.1480257511138916	-0.4665905833244324	0.04427225887775421	1.6494319438934326	-0.09074874222278595	-2.2481558322906494	-0.27441608905792236	0.5515346527099609	0.5152882933616638	2.6128485202789307	0.14648181200027466	0.640893280506134
-0.5107654333114624	-0.8984149694442749	0.9538819789886475	0.3401368260383606	0.8406329154968262	0.06590893864631653	-1.1889070272445679	-0.8174282312393188	0.7122413516044617	1.1125380992889404	2.05440354347229	0.5506300330162048	0.2644549310207367	0.29679131507873535	0.40189024806022644	0.10695689171552658	0.34371405839920044	1.1858267784118652	-0.7683835029602051	-1.412467360496521	-0.3926940858364105	0.9128437638282776	0.01973836123943329	-0.47845178842544556	0.1307634711265564	-1.1889328956604004
-0.8718820810317993	-1.0434978008270264	-0.634161651134491	-0.709357500076294	1.4277393817901611	-0.5290417075157166	-0.9943681955337524	-0.463143914937973	0.028667384758591652	1.9705144166946411	-1.0054651498794556	-0.7162165641784668	-0.43164679408073425	-0.12894853949546814	-1.0151914358139038	0.023336049169301987	-0.1234745904803276	-0.5312614440917969	0.10995174944400787	0.4816950559616089	1.22359037399292	-0.4552077651023865	1.1941888332366943	-1.185731291770935	2.2715213298797607	1.2288814783096313
-0.4048536419868469	0.15715381503105164	-0.869703471660614	0.18221154808998108	-1.562373161315918	0.37502390146255493	1.5035964250564575	-0.325013130903244	0.4011657238006592	0.972604513168335	1.2871506214141846	0.2689915597438812	0.3166583776473999	0.5027778148651123	-0.31853434443473816	0.6514857411384583	1.7268226146697998	0.8203776478767395	1.1197960376739502	-0.36612361669540405	-0.059113502502441406	-0.4296627640724182	-2.532262086868286	0.325424462556839	0.13690878450870514	1.1341029405593872
0.6943260431289673	-0.34980112314224243	0.565599262714386	-0.8379289507865906	-1.53848135471344	1.0360503196716309	-0.08864974230527878	-0.8523732423782349	-0.18384259939193726	-0.34825536608695984	0.6387943029403687	-0.1857839673757553	0.7780100107192993	-0.939522385597229	0.5313201546669006	-1.1246261596679688	-0.061565183103084564	0.6027019619941711	0.16314473748207092	0.6467093825340271	-0.33128613233566284	0.13799810409545898	-0.44266676902770996	-2.027553081512451	1.0762916803359985	1.0944795608520508
0.04648958519101143	-0.06051117554306984	-0.28460681438446045	0.15087677538394928	-2.1839163303375244	2.211277961730957	0.7012577056884766	-1.0455451011657715	-0.14146004617214203	-0.6926434636116028	0.9718277454376221	-0.263851135969162	0.5487563610076904	-1.3331196308135986	0.9386076331138611	0.8132844567298889	0.22959409654140472	0.0031603185925632715	-1.1476871967315674	1.184754490852356	1.0369665622711182	-0.6569840908050537	-0.5445489287376404	1.1266359090805054	0.8152284622192383	0.1881953328847885
-0.46212995052337646	0.407119482755661	-1.02420175075531	0.22625885903835297	-1.1988129615783691	0.8577267527580261	0.5249362587928772	-0.9687117338180542	-1.256938099861145	1.2442137002944946	0.346440851688385	-0.46447810530662537	0.23338384926319122	-0.42908185720443726	0.01624780148267746	-0.5694528222084045	0.7837698459625244	2.1717936992645264	0.1138228103518486	-2.7369320392608643	-0.8501033186912537	-0.8522182106971741	0.4770277440547943	0.85055011510849	-0.4467085003852844	-0.7705891728401184
0.34322813153266907	-0.098664790391922	-1.314504623413086	0.07782857865095139	-1.4826759099960327	0.20306815207004547	1.089382529258728	1.0096983909606934	-0.2950243055820465	-0.32674241065979004	0.013647288084030151	-0.017474377527832985	-0.05883532017469406	0.3237570822238922	-0.3644217252731323	0.3669551908969879	0.3714686930179596	-0.7872987985610962	0.2654089033603668	1.3799526691436768	-0.104421466588974	0.20904545485973358	0.8517398238182068	1.4779318571090698	-0.7021968364715576	-0.5370503067970276
-1.1887571811676025	0.8899253010749817	0.7329939603805542	-0.3848571181297302	0.48869046568870544	1.7957864999771118	0.11867799609899521	-1.4104883670806885	-0.1488451063632965	-0.9272139668464661	-0.18134039640426636	-0.9973303079605103	-0.9193867444992065	1.6173815727233887	-0.9784375429153442	0.27769210934638977	-0.34574735164642334	0.0227974820882082	-0.3240680694580078	-0.9900270700454712	0.7140313386917114	-0.029201563447713852	0.8957140445709229	-1.5184850692749023	-0.5148472785949707	-0.24628481268882751
-1.0921224355697632	-0.19954152405261993	2.3129396438598633	0.6559733152389526	-0.9275122284889221	-0.6343714594841003	0.5636875629425049	0.5989077091217041	-0.03540363535284996	0.07080549746751785	-0.8381628394126892	-0.4909355938434601	1.4279162883758545	0.7643116116523743	-0.7589765191078186	-0.7211787104606628	-0.4978237450122833	-2.132094383239746	0.748284637928009	0.4437422752380371	0.3380264937877655	1.2037243843078613	-0.18972577154636383	-1.02747642993927	0.31469762325286865	0.1514429897069931
-0.041192732751369476	0.6003584265708923	0.46771836280822754	0.16336865723133087	-1.5711727142333984	0.910880446434021	0.5849470496177673	-0.722844660282135	0.5341183543205261	0.17912204563617706	0.9909159541130066	1.0753377676010132	-0.06534471362829208	-1.6125770807266235	-0.17328280210494995	0.4074579179286957	-1.5959893465042114	0.11350411921739578	0.23256240785121918	1.456294298171997	0.46405884623527527	-1.4492517709732056	-0.43042123317718506	0.5817784667015076	-0.4503019452095032	-0.15711548924446106
-0.6189107894897461	1.788138747215271	-1.053876519203186	0.5421485900878906	0.4964119791984558	0.4674423933029175	0.4301547110080719	-1.5961487293243408	-0.47575655579566956	-3.2154958248138428	-2.5197973251342773	0.8908333778381348	-0.5142121911048889	1.0277445316314697	1.3107670545578003	-1.7750064134597778	-0.9275304079055786	0.18934588134288788	2.057189702987671	0.18292012810707092	-1.325214147567749	-0.19488710165023804	0.3628242611885071	-1.261921763420105	-0.7867288589477539	0.24255654215812683
0.8292757868766785	-1.10658860206604	1.2448285818099976	0.7598305940628052	-2.474719762802124	0.041324682533741	1.0303030014038086	0.13659940659999847	0.5513142347335815	-1.4725738763809204	-0.1956309825181961	0.3949141502380371	0.6589175462722778	1.929911494255066	-1.398855447769165	1.4599058628082275	0.6213977932929993	0.8675613403320312	-1.2658246755599976	0.6776384711265564	0.24588878452777863	0.050048504024744034	3.7842278480529785	0.024509089067578316	-0.31233105063438416	0.08358833193778992
1.581916093826294	-0.01754012517631054	-0.8577139377593994	0.8696423768997192	1.2895264625549316	-1.5449602603912354	-1.5072336196899414	1.8055633306503296	0.34678202867507935	-0.7979874610900879	1.7706513404846191	-0.812264084815979	0.8904145956039429	0.14646489918231964	0.24989403784275055	-0.20294806361198425	0.640145480632782	-1.0263700485229492	0.6314268708229065	0.3265683650970459	0.7724889516830444	-0.9116889834403992	-0.7672281265258789	0.8207452893257141	0.7495965957641602	-0.15620045363903046
-1.3322776556015015	3.240253210067749	-2.330557346343994	-0.7634313106536865	-0.43077942728996277	1.513300895690918	-1.9028403759002686	0.18210269510746002	0.15598164498806	-0.695821225643158	-1.0141271352767944	0.3903447985649109	-1.2201164960861206	0.6015977263450623	1.21536123752594	0.5622918605804443	-0.7299468517303467	-0.5564129948616028	-1.604109764099121	-0.4017849266529083	-0.4119410514831543	-0.523730993270874	-0.36906668543815613	-0.108237124979496	0.9085626006126404	-0.01308978907763958
-0.39874452352523804	1.013014316558838	-0.35942745208740234	-0.19131749868392944	-1.233286738395691	0.9506144523620605	-0.6365786790847778	-1.292428731918335	0.2650446593761444	0.9558194875717163	-1.5925607681274414	-0.32438260316848755	-0.03570917621254921	-1.4359303712844849	-1.6865253448486328	0.5290036201477051	-1.0878050327301025	0.6641839146614075	1.4746112823486328	-0.7224801182746887	-0.518715500831604	-0.8912418484687805	-0.24211257696151733	-0.28870368003845215	-0.9408262372016907	0.2995639145374298
-0.06661778688430786	-0.40690603852272034	0.4081062376499176	-0.3582970201969147	1.1948363780975342	-1.2144235372543335	-0.39141109585762024	1.6233969926834106	0.3271498680114746	-1.0817735195159912	-0.44424620270729065	0.7981452941894531	-0.23685744404792786	-0.7730334401130676	0.40853458642959595	-0.5346055030822754	0.14628463983535767	0.11390707641839981	0.6002818942070007	1.55878484249115	-0.4829851984977722	-0.034422218799591064	1.0644125938415527	-0.8193003535270691	0.2593676447868347	3.085636854171753
0.03202643245458603	1.1982508897781372	0.5215170383453369	0.15336646139621735	-0.13589176535606384	-0.902667224407196	2.118011236190796	-1.0716904401779175	0.3434987962245941	0.16714425384998322	-0.3551529049873352	-1.80051589012146	-1.4689496755599976	-0.5073504447937012	-0.1945924609899521	-0.03249767795205116	0.9180783033370972	2.068774700164795	0.5338782072067261	0.058862511068582535	1.6500884294509888	0.2383202165365219	-0.7699636816978455	-0.8248554468154907	0.6805546283721924	-1.4757320880889893
-0.10815183818340302	0.5358405709266663	-0.17029450833797455	-2.725925922393799	-0.23551180958747864	0.9104045629501343	-0.8238242864608765	-0.7288475632667542	-0.5929495692253113	0.4942013919353485	-0.007472657132893801	1.406328558921814	0.2152228057384491	1.0166281461715698	0.4621288478374481	-1.5394697189331055	1.0228300094604492	-1.1759545803070068	-1.2373219728469849	-0.3203582167625427	0.6781560182571411	1.2906222343444824	0.45126470923423767	-0.8602012395858765	-0.2403956651687622	1.1979941129684448
0.7975848913192749	0.25504642724990845	-0.39937493205070496	0.20392152667045593	0.13836511969566345	1.454795241355896	-0.43464547395706177	-2.0763473510742188	1.6231249570846558	-0.8818517923355103	-1.2559202909469604	-1.127540946006775	-1.6171921491622925	-1.1410067081451416	-1.1025446653366089	0.24736198782920837	-0.8856849670410156	-0.08056638389825821	-0.8827919363975525	-0.7300808429718018	0.25998207926750183	0.36935654282569885	-0.7600249648094177	1.1916760206222534	-0.21798522770404816	-0.16027885675430298
-0.043276604264974594	-0.7844319939613342	1.5771275758743286	0.9913743138313293	-0.948039710521698	0.1867750883102417	-0.07052457332611084	-0.8196035623550415	0.7328212857246399	-1.4257732629776	-1.2186634540557861	-0.8176997900009155	-0.2122078239917755	-1.944270372390747	-0.18333573639392853	-0.6748924851417542	-0.010158990509808064	0.562890887260437	-0.6258864998817444	-0.8830283284187317	-1.00399911403656	0.3044812083244324	-1.0280696153640747	0.043812088668346405	-0.8719069361686707	-1.6484392881393433
0.03337934613227844	-1.8315943479537964	1.3350039720535278	-0.9511315822601318	-1.273789405822754	-1.7036921977996826	-0.2865653336048126	-0.6037865877151489	-1.663874864578247	-0.4665711522102356	-1.3077492713928223	0.08495128154754639	-2.0304834842681885	0.24775078892707825	-1.393410086631775	-0.6991506218910217	-1.9184110164642334	-1.1535844802856445	-1.6987032890319824	-2.319308042526245	-0.06615516543388367	-0.01792735606431961	-1.497223973274231	-0.08987554907798767	0.9058754444122314	-0.10629355907440186
1.3685420751571655	-1.391789197921753	0.8430824875831604	-0.33878859877586365	-0.9174025058746338	-0.0598197840154171	0.8237080574035645	0.17416076362133026	0.24024854600429535	0.4070267081260681	-1.5477885007858276	0.4691651165485382	0.894956648349762	-1.261721134185791	-0.09311434626579285	0.30470749735832214	-2.104745388031006	-0.9066362380981445	0.2135513573884964	-0.6067502498626709	-0.12349342554807663	1.1261401176452637	-1.0242929458618164	-0.8917245268821716	0.16866041719913483	0.7175500392913818
-0.2285306751728058	-0.21471236646175385	-1.5845041275024414	0.9311308264732361	-0.12958908081054688	-1.012634038925171	0.19125013053417206	-0.38313165307044983	1.276561975479126	1.1248961687088013	-0.22653795778751373	-0.3629893660545349	1.2204598188400269	-0.27917903661727905	-0.4014493525028229	-0.5746987462043762	-0.6453486680984497	-0.737446665763855	-0.10525914281606674	-2.553351640701294	-1.8476985692977905	1.1302978992462158	0.54416823387146	-1.8093674182891846	-0.25105398893356323	0.6816419959068298
1.130724549293518	0.8402248620986938	1.325703740119934	0.6801328063011169	-1.6699841022491455	0.6382623910903931	0.9951983094215393	0.46332642436027527	-1.4613021612167358	-0.17778079211711884	-1.3115555047988892	-0.4457966387271881	1.115347146987915	-0.936423659324646	-1.7459015846252441	-0.9425755739212036	0.4895734190940857	1.4868590831756592	0.12803611159324646	-0.9306485056877136	-0.8837166428565979	-0.07659880816936493	-1.2708393335342407	0.7311211824417114	-0.7781088948249817	-1.1227827072143555
-0.5142556428909302	-1.0503133535385132	0.9024655222892761	2.738197088241577	-0.27060291171073914	-0.3539031744003296	0.3917125463485718	-0.4325127601623535	1.1593167781829834	1.804347276687622	0.9605098366737366	3.2868568897247314	1.2823585271835327	-0.7457234859466553	0.2162751853466034	0.04690107703208923	-0.6212255954742432	-1.6204360723495483	1.1344722509384155	-0.48747387528419495	-0.07440502196550369	3.4123647212982178	-0.1772269457578659	0.1304425597190857	-0.624453604221344	0.3302808701992035
-0.48279616236686707	0.32242757081985474	-1.358979344367981	0.5268858075141907	0.6850295066833496	0.97403883934021	-1.0748673677444458	-0.9142513275146484	1.638803243637085	0.28898918628692627	0.528932511806488	0.1262435019016266	1.0140570402145386	0.14085978269577026	1.1511483192443848	-1.7275009155273438	-1.2340896129608154	-0.6599114537239075	-0.40484097599983215	-0.07809189707040787	0.13701994717121124	0.02883531153202057	1.1158593893051147	-0.06271347403526306	0.23485711216926575	-0.1086631640791893
0.4757002890110016	-1.1757864952087402	-1.5084123611450195	0.4475706219673157	0.5718463063240051	-0.6763995885848999	-1.2297321557998657	-0.8580238819122314	0.5240623354911804	0.5096518993377686	0.9746202230453491	-0.048115748912096024	1.426270842552185	0.31488797068595886	-0.4465159773826599	-1.8319412469863892	-0.5876089930534363	-0.289568156003952	0.716869592666626	-1.6852941513061523	-1.2261276245117188	0.5909286141395569	0.1422722041606903	-0.8462413549423218	0.650213897228241	0.23975658416748047
-1.465545415878296	0.7017308473587036	-1.3967326879501343	1.167941689491272	0.8324663639068604	0.39394688606262207	-1.2933404445648193	-0.6941764950752258	-0.46186915040016174	-1.572969913482666	-0.4821401536464691	0.3387135863304138	-0.5382986068725586	-0.6541186571121216	-1.0828603506088257	0.5616849660873413	-0.556327760219574	1.0052305459976196	-0.09602509438991547	0.7503896355628967	0.5134225487709045	-0.3908842206001282	0.841273307800293	-0.6461973786354065	0.3135461211204529	0.8146969676017761
0.4258604943752289	-1.2301371097564697	1.2801791429519653	1.3935073614120483	0.8515817523002625	1.8629662990570068	1.230648159980774	0.9732701182365417	1.2347233295440674	1.6454448699951172	-0.4624074101448059	0.47241348028182983	0.8468541502952576	-0.1665039360523224	-0.5319241285324097	0.25449541211128235	1.2658900022506714	-0.7783687114715576	-0.969781219959259	1.418524146080017	-1.8462728261947632	0.23266169428825378	2.350395917892456	1.4095451831817627	0.35851016640663147	-0.45328792929649353
-1.2207177877426147	1.2497577667236328	0.6783492565155029	0.5074514746665955	0.18617060780525208	0.7780292630195618	0.558195173740387	-0.5404163002967834	-1.6944077014923096	0.10566187649965286	1.5192210674285889	-0.7000700831413269	-0.018072597682476044	-1.541917324066162	1.5157817602157593	0.7610708475112915	-1.0332263708114624	-0.5855370759963989	0.5033708214759827	-0.8310534358024597	0.3176170587539673	-2.7202258110046387	-1.27724027633667	-0.9154233336448669	0.3727515637874603	-0.05073137953877449
0.4992789328098297	-0.8840484619140625	-0.025759585201740265	0.6404086351394653	-0.654476523399353	0.9995759725570679	0.09965512156486511	-1.8348417282104492	-0.045254286378622055	0.8074935674667358	1.1217131614685059	0.939085841178894	1.4190293550491333	-0.17679370939731598	-0.41952046751976013	-0.1546316295862198	0.17492902278900146	-0.862174928188324	0.5274526476860046	-1.0804191827774048	0.8406023383140564	-0.18620319664478302	0.3317447900772095	1.194880723953247	0.22940297424793243	-0.30094999074935913
-0.25134027004241943	-1.5442016124725342	1.421875	-1.1700334548950195	-1.2324981689453125	-0.3556104004383087	0.5617806911468506	-0.31031784415245056	0.05529911816120148	0.07181989401578903	0.19492170214653015	-0.5675401091575623	-1.0806430578231812	0.24674414098262787	1.3975391387939453	0.7904342412948608	-0.43226489424705505	1.588135004043579	-0.9569167494773865	1.1896653175354004	1.8030589818954468	-0.9153069257736206	0.5485653877258301	-0.21369121968746185	-0.9407081604003906	2.1698684692382812
-0.7017111778259277	-1.5300599336624146	-0.3783920705318451	0.21355867385864258	0.31116926670074463	-0.8413870334625244	0.2566779553890228	-1.1003196239471436	1.8581148386001587	-0.17557796835899353	-0.3456341326236725	-0.2514065206050873	0.5819543600082397	-0.0714731514453888	-0.9796042442321777	-1.2033519744873047	1.562699556350708	0.5292313098907471	-1.4354044198989868	-0.7981521487236023	0.29025840759277344	-2.262049674987793	1.5496693849563599	0.6737382411956787	-0.5541263818740845	-0.062370993196964264
-0.4430036246776581	1.1145973205566406	0.4836689233779907	0.7933840155601501	1.2504466772079468	0.863567054271698	-1.055685043334961	-0.16079486906528473	0.25677111744880676	0.8432822227478027	0.24968209862709045	1.5056730508804321	1.9937065839767456	0.7007612586021423	-0.23969610035419464	-0.16188380122184753	-0.28010645508766174	0.6983504295349121	0.48159539699554443	0.8344789743423462	-1.3325467109680176	0.49443143606185913	0.14008130133152008	0.16907598078250885	0.3685612380504608	-0.5341598987579346
-0.7397585511207581	1.8219190835952759	-0.9256714582443237	-2.2242331504821777	-1.793609619140625	1.4926003217697144	-1.1307573318481445	0.7771784067153931	-0.12622812390327454	0.5824372172355652	-1.3786731958389282	-0.8420320153236389	0.8185000419616699	-0.6893870234489441	-0.9352402687072754	0.2664705514907837	-1.3509345054626465	0.7172211408615112	0.5401381254196167	1.0704960823059082	-0.8064182996749878	0.3855639696121216	0.6761156916618347	1.2775382995605469	0.07539857923984528	-1.0175678730010986
0.2793336510658264	-0.4007877707481384	-0.06253150850534439	-1.8799563646316528	1.9900654554367065	-0.299140989780426	0.01081553753465414	-1.5801390409469604	1.3912156820297241	0.19799630343914032	-1.9512277841567993	-1.3222929239273071	-0.6023586392402649	0.9260803461074829	1.6170400381088257	0.45976024866104126	-0.20422989130020142	-0.41855156421661377	-2.6173079013824463	-0.5084391832351685	0.24592331051826477	-0.4981696307659149	0.17428959906101227	0.48816314339637756	-2.90238356590271	0.9434627890586853
1.2391207218170166	-1.1899735927581787	0.01980412006378174	-0.5102117657661438	0.9665349125862122	-0.293276309967041	-0.7349498271942139	1.1673504114151	-0.2625405192375183	-0.8765367269515991	0.15403835475444794	2.0465118885040283	-0.2453843206167221	-0.08393532037734985	-0.3761337995529175	-1.0182123184204102	-1.9493907690048218	-0.6101844310760498	1.1345590353012085	0.4174109995365143	0.0969000905752182	-0.48130011558532715	-0.19511519372463226	-0.841583788394928	0.8537249565124512	0.8695794939994812
0.8773378729820251	0.7922555208206177	0.16614863276481628	1.6004984378814697	-0.16153720021247864	1.2811570167541504	-1.8698761463165283	0.66855788230896	-0.23435373604297638	-0.5798503160476685	0.8263334631919861	1.4173628091812134	-1.0821752548217773	1.8033939599990845	-0.02518306113779545	0.15148048102855682	0.8404485583305359	-0.48872533440589905	-0.57415771484375	-0.24453912675380707	0.9494832158088684	-0.4060850143432617	-0.3328173756599426	0.916630744934082	0.025489438325166702	-1.5548709630966187
-1.0494441986083984	0.12401068955659866	0.9629690647125244	0.30846744775772095	-0.14913611114025116	0.0054443939588963985	-0.18041503429412842	0.8238168954849243	-0.10667315125465393	-0.15530014038085938	-2.962848663330078	0.5342736840248108	0.421147882938385	2.035670042037964	-0.4728478491306305	-1.0626680850982666	0.018783098086714745	0.7453920841217041	-0.029098283499479294	-0.7532030344009399	-1.2792121171951294	-0.5529463887214661	0.5215218663215637	-0.4157879650592804	1.550089955329895	-0.14186963438987732
0.8001183271408081	0.47703316807746887	-0.6429747939109802	-0.6491824388504028	0.13991199433803558	0.02700897864997387	-0.5466161370277405	0.7895081043243408	0.23250173032283783	0.7778632640838623	-1.9941959381103516	0.18459756672382355	1.253646969795227	-1.3961032629013062	0.1126599982380867	-1.8027290105819702	-0.0665387436747551	0.3265627324581146	0.32955363392829895	0.307140976190567	0.6275566816329956	1.9614403247833252	0.9861729741096497	-1.8076603412628174	-1.278854250907898	-0.5693661570549011
0.30467450618743896	2.0933260917663574	0.0249630119651556	-0.4358086884021759	-2.9181604385375977	-0.6011453866958618	-0.3173690140247345	0.002497858600690961	-0.7085961103439331	-0.9604894518852234	0.4891797602176666	-0.36076027154922485	-1.2929068803787231	-1.795660376548767	0.2945535182952881	-0.018321683630347252	0.35027655959129333	0.28353747725486755	1.08644437789917	-2.733267068862915	1.1914305686950684	-0.9764968752861023	-1.6818941831588745	0.040487535297870636	1.3709001541137695	-0.06845871359109879
0.9705395102500916	-0.7330440878868103	-0.2397133708000183	-0.8302220702171326	-0.9276607632637024	0.8139420747756958	-0.9699925184249878	0.5910145044326782	1.1446224451065063	-0.5122703909873962	-1.046905279159546	1.62385892868042	-0.7955954074859619	0.9154899716377258	2.404715061187744	0.8245587944984436	-0.4277236759662628	0.8011147975921631	-0.1414612978696823	-0.339900940656662	-0.2262885570526123	1.7137198448181152	-1.237943172454834	-0.7891495227813721	-2.127556085586548	1.0556107759475708
0.32723164558410645	-0.10755268484354019	-2.0571365356445312	0.7845374941825867	-0.24658644199371338	-0.09284768998622894	3.6582486629486084	0.907595157623291	-0.3576886057853699	0.37532109022140503	0.5387966632843018	-0.661462664604187	0.28271937370300293	-1.7671029567718506	0.27706438302993774	0.48464304208755493	-0.6820275783538818	-0.8426163196563721	0.7386602163314819	1.096989393234253	1.0367717742919922	0.7630154490470886	2.4387381076812744	-1.7921171188354492	-0.321323037147522	1.5351864099502563
0.6349133253097534	0.7151809334754944	0.27877095341682434	0.7943069934844971	-0.7732428312301636	0.07413772493600845	1.9550093412399292	-1.1177494525909424	0.23241128027439117	0.22085687518119812	-1.0694481134414673	1.3717716932296753	0.6692904233932495	1.75381338596344	0.7961887121200562	-0.251085489988327	-0.6273581981658936	-1.3604955673217773	0.19314126670360565	-0.38490137457847595	-1.2305530309677124	-0.11030486971139908	-0.4882909655570984	-0.05002997815608978	-0.6697931289672852	-0.6556245684623718
2.829341411590576	0.01329135149717331	-1.9347139596939087	1.223169207572937	0.47153472900390625	-0.5545428395271301	-1.0491772890090942	0.7586392760276794	0.8787203431129456	-1.070583462715149	-1.2861778736114502	-0.18375205993652344	-0.647607684135437	-2.0746235847473145	-0.7555537819862366	1.0700587034225464	-0.1524924337863922	-0.8767486810684204	-0.3465031683444977	-0.8421744704246521	0.5080945491790771	1.1113108396530151	-0.9896271824836731	-0.2654722332954407	0.9932363033294678	-0.09500119835138321
0.0626303181052208	-1.1741889715194702	-0.057337623089551926	-1.7948123216629028	0.8423778414726257	0.27362391352653503	1.441770076751709	-0.7878877520561218	-1.6432543992996216	-0.6350617408752441	-0.2875271439552307	-0.4940957725048065	0.07417753338813782	0.5785921812057495	1.0108623504638672	0.6144490838050842	2.142498254776001	0.8641805052757263	0.053344253450632095	-1.609565258026123	-0.8246650695800781	-0.3219573497772217	0.0806252583861351	-0.6730325818061829	1.4219540357589722	-0.03168446943163872
-1.587777018547058	1.8285375833511353	-0.137741819024086	-0.5099165439605713	1.0848411321640015	0.512365460395813	-0.7818103432655334	0.714343249797821	0.15596626698970795	1.8778982162475586	-0.30815041065216064	-1.5892739295959473	-1.36719810962677	-0.7020148038864136	1.1193912029266357	0.7623277902603149	-1.1462814807891846	-0.12982945144176483	0.2281034290790558	1.498984932899475	0.5678768754005432	0.48231977224349976	1.1384737491607666	-1.2069547176361084	0.8409644365310669	0.21003183722496033
-0.8226045370101929	-0.34923985600471497	-0.9495319724082947	-0.36108818650245667	1.6186555624008179	0.20763707160949707	-0.22851671278476715	-1.1292448043823242	1.0902212858200073	-0.0271395742893219	0.6905010342597961	-0.6336764693260193	-0.2707098126411438	1.8721610307693481	-0.6779965162277222	0.06654965877532959	0.4903008043766022	-0.3300780653953552	-0.9729853272438049	-0.9139310121536255	-0.5352881550788879	-0.2484721839427948	0.34785425662994385	-1.3006569147109985	-0.85566246509552	-0.28934791684150696
0.05813537910580635	0.8897787928581238	-0.2574234902858734	0.13283774256706238	-0.05475600063800812	-0.004026917275041342	-0.3097200393676758	1.290547490119934	0.5604628324508667	0.5063039064407349	-0.08325440436601639	1.1550805568695068	0.060022417455911636	-0.576576828956604	0.48989221453666687	-0.22833718359470367	0.3418438136577606	0.17559035122394562	-0.20111872255802155	0.7823958396911621	0.7035993337631226	-0.2145794928073883	0.1783144176006317	-0.03575888276100159	-1.3240504264831543	-1.4473247528076172
0.6687009930610657	-0.9083138704299927	1.0274391174316406	-0.7018950581550598	-1.345978856086731	0.5697871446609497	-0.3924809992313385	-0.5311678647994995	-0.8379104137420654	-0.14152255654335022	-2.044156312942505	-0.8043259978294373	-0.7386758327484131	-1.0523439645767212	0.5048904418945312	-1.6320033073425293	0.9760010838508606	-1.2216757535934448	-0.2405339926481247	-0.7197725772857666	-1.8229318857192993	-1.0771642923355103	0.3742060363292694	-1.0069279670715332	-1.0997577905654907	0.10096225887537003
-0.33252909779548645	0.2908357083797455	0.49709099531173706	-0.0642351433634758	-0.21906961500644684	0.47003331780433655	-0.08787669241428375	0.13073764741420746	-0.22063498198986053	-1.3363022804260254	1.0068590641021729	-1.6856460571289062	-1.3948928117752075	0.9184150099754333	-1.0853227376937866	-0.2078997939825058	-0.8807985782623291	0.26453298330307007	-0.5532888770103455	-0.40868744254112244	1.263290524482727	-0.26832547783851624	-0.2838795781135559	0.4029057025909424	-0.22747810184955597	-0.33899858593940735
0.23303602635860443	-0.06433446705341339	-1.208088755607605	-0.9718165397644043	0.13745003938674927	-0.46917200088500977	1.1661560535430908	0.8165076971054077	-0.4883626401424408	-0.7281439304351807	1.4909205436706543	0.7302189469337463	0.6900648474693298	0.9098888039588928	0.04657457396388054	0.07605841010808945	2.2237937450408936	0.5556154251098633	0.0034062000922858715	0.16009150445461273	-2.0351362228393555	0.8830965757369995	0.10085693746805191	1.0593830347061157	0.31104081869125366	-0.43062111735343933
-0.4226590394973755	-0.28343918919563293	-0.6662552356719971	-1.412660837173462	0.23720967769622803	-0.8023532629013062	-2.305497884750366	-1.0270609855651855	-1.0970171689987183	0.10461565852165222	-0.05698223412036896	-0.8717390298843384	0.095365971326828	-2.3739206790924072	1.5219929218292236	-0.5538277626037598	-1.5850427150726318	-0.20151469111442566	-1.1956486701965332	0.44195541739463806	0.0014370519202202559	0.13042786717414856	0.6183809638023376	0.44448375701904297	0.24322791397571564	-2.942863941192627
0.6638776063919067	0.14851340651512146	-1.062322974205017	-2.3377740383148193	1.062628149986267	0.6711479425430298	-0.4310828745365143	-0.554940402507782	-0.9195565581321716	-0.5178379416465759	1.0994250774383545	-0.01645214483141899	0.17060036957263947	-1.0537164211273193	0.943515956401825	-1.009933590888977	1.2137833833694458	-0.06921964883804321	0.1343248039484024	-0.40661975741386414	0.7602578997612	0.8034506440162659	-1.3786938190460205	1.7931487560272217	-0.06730803847312927	-1.8458011150360107
-0.13121230900287628	0.5138074159622192	-0.32812967896461487	0.5632719993591309	0.9184943437576294	0.5153053402900696	-0.5920100212097168	-2.8590586185455322	1.1661694049835205	-0.19544804096221924	0.11866346746683121	-1.802335262298584	0.2542160153388977	0.18654322624206543	-2.091792106628418	-2.161841869354248	1.2709907293319702	-0.06646466255187988	-0.5763893723487854	-0.8987224102020264	-1.7835843563079834	-0.018646985292434692	0.8605802655220032	-0.8495661020278931	1.6800519227981567	-0.5965720415115356
-0.36648574471473694	1.151665210723877	1.1886404752731323	-0.4352642893791199	1.0775412321090698	0.5175551176071167	-0.0757656991481781	-1.7350139617919922	-0.5552867650985718	1.6978646516799927	-0.7573490142822266	-0.5334937572479248	-1.2909173965454102	-0.37201470136642456	0.36350855231285095	-1.350175380706787	-0.43502703309059143	2.071500778198242	1.3527882099151611	-0.12112291902303696	1.0000319480895996	0.6486601829528809	-0.32577016949653625	0.6964596509933472	-0.8040280342102051	0.25117066502571106
-1.8584040403366089	0.5387418270111084	-0.8446455597877502	-0.17862628400325775	1.467423439025879	0.2637718617916107	-0.19398315250873566	0.678678572177887	0.7943682670593262	-0.04226217418909073	0.24585959315299988	-0.46189412474632263	-0.5837472081184387	0.6600925326347351	-0.03169244900345802	-1.3291966915130615	-1.4153963327407837	-1.6778249740600586	-0.48471808433532715	0.18328411877155304	1.2283703088760376	-0.6589443683624268	0.6044835448265076	1.1262929439544678	-0.3369596302509308	0.7536881566047668
0.9935530424118042	-0.7000928521156311	-0.531766951084137	1.425476312637329	0.20358215272426605	0.2554244101047516	-2.6959595680236816	-0.2024206817150116	1.3834043741226196	-1.6642260551452637	0.5329914689064026	0.014223677106201649	1.1952612400054932	1.356622338294983	-1.4764270782470703	-2.1093242168426514	0.3728921711444855	0.31078997254371643	1.9436241388320923	-0.389545738697052	-2.2176647186279297	-0.18115107715129852	0.0334172360599041	-0.7656892538070679	0.32165661454200745	1.5263104438781738
-0.04813568294048309	0.09766247123479843	-0.44356831908226013	1.5323023796081543	1.3242055177688599	0.5446614623069763	-1.041459560394287	-0.3342224955558777	-0.23364365100860596	-0.16172783076763153	-1.3555845022201538	0.18551447987556458	0.24275606870651245	-1.0815718173980713	-1.781945824623108	-0.2636907994747162	-1.5255311727523804	0.16148264706134796	0.46317198872566223	0.32189568877220154	1.0991281270980835	1.82721745967865	-1.1200220584869385	0.030789954587817192	0.4189719259738922	0.7984653115272522
-0.7778153419494629	-1.1431665420532227	0.25592249631881714	-1.133467197418213	-1.429974913597107	0.13045668601989746	-0.5803974866867065	-2.1357014179229736	-0.8082929849624634	0.09745897352695465	-0.3969501554965973	-0.39083895087242126	0.9016716480255127	0.6154581904411316	-0.2568739056587219	-0.45793846249580383	-1.472533106803894	-0.38230305910110474	0.2511258125305176	0.06543425470590591	-0.1402001976966858	-0.20181804895401	-1.114546298980713	-0.28999292850494385	0.8870419859886169	-0.2969091534614563
0.6175960898399353	-0.3533478379249573	-0.26280179619789124	-0.5585559606552124	-1.2421531677246094	0.7246490716934204	-1.229832410812378	0.49746018648147583	-1.4132684469223022	-0.10168222337961197	0.06170986592769623	1.0168230533599854	-0.2006244659423828	-0.8942086100578308	0.25927501916885376	-2.3598105907440186	1.2618408203125	-1.825664758682251	-0.3227681517601013	1.0184886455535889	0.052175287157297134	0.7112650871276855	0.5628471374511719	-0.32675787806510925	0.8020461797714233	0.669569194316864
-1.7271201610565186	-0.9304124712944031	-0.4909311532974243	-0.7834328413009644	0.03795351833105087	-0.2837933897972107	0.6217277646064758	1.3692139387130737	0.42196327447891235	0.7675299048423767	1.3124375343322754	-0.7118712663650513	-0.33062154054641724	-0.4179013967514038	0.3447006940841675	-1.7053695917129517	-2.4233572483062744	1.2246533632278442	-2.461745023727417	0.7231414914131165	-1.7193137407302856	-1.3432472944259644	-0.41279369592666626	-0.7634941339492798	-0.9008634686470032	-0.2756941318511963
-0.7090962529182434	0.6113228797912598	0.9808249473571777	1.5492639541625977	0.049498774111270905	1.7332795858383179	-0.8967164754867554	0.6045403480529785	0.3490058481693268	0.23931503295898438	0.9909481406211853	-0.6092029213905334	-2.0047783851623535	2.2277209758758545	-0.12868861854076385	-0.21912029385566711	-0.5187577605247498	1.5420780181884766	-1.2058215141296387	0.38907331228256226	-0.7141020894050598	-1.8287365436553955	1.6874141693115234	-1.9495028257369995	0.6019006371498108	-0.03818969428539276
0.4917151927947998	-1.9420099258422852	-0.6053013205528259	0.47035741806030273	0.09895902872085571	-1.3538453578948975	-0.3336164951324463	-1.5608326196670532	1.2343562841415405	-0.22685915231704712	1.2758790254592896	-0.65590900182724	-0.5737164616584778	-0.8658397197723389	-0.6666403412818909	0.5266003012657166	-2.337703227996826	0.6683698892593384	0.22947737574577332	-0.025459371507167816	-0.569276750087738	-0.5942608714103699	-0.7331414818763733	0.5169501900672913	-0.7716919183731079	1.8194724321365356
0.49614912271499634	0.1883978396654129	1.5207490921020508	1.4147984981536865	-0.9544430375099182	-1.3437180519104004	0.8849166631698608	2.094090223312378	0.15823030471801758	-0.48717883229255676	0.358161598443985	0.21600095927715302	-0.3330797851085663	0.5118040442466736	0.22069498896598816	-0.7022534608840942	0.6309898495674133	0.17344167828559875	1.448096513748169	0.7194578051567078	-1.5411415100097656	-1.2904163599014282	-0.6874743103981018	-0.8840709924697876	-0.7409778833389282	-0.13804250955581665
-0.06685934960842133	-1.723777413368225	-1.980268120765686	0.27644872665405273	-1.4159159660339355	1.050013780593872	0.48039108514785767	0.19447718560695648	-1.3139623403549194	-1.6331247091293335	0.9095349311828613	-2.3626365661621094	1.1987273693084717	-3.158846616744995	-0.5438551306724548	-0.5357640385627747	-0.7667602896690369	1.1484856605529785	0.6388520002365112	-1.8198282718658447	-0.6567126512527466	-1.1995747089385986	0.46578678488731384	1.2569760084152222	-0.7248678803443909	0.13719268143177032
-1.3677315711975098	0.9230450987815857	-0.6955102682113647	-0.7971215844154358	-0.6997917294502258	0.03392859548330307	0.17907845973968506	0.9186943173408508	-0.3813420236110687	-0.6432564854621887	0.010720964521169662	0.4547090232372284	0.0707806944847107	1.252048134803772	0.6611855626106262	0.12911590933799744	0.3425992429256439	2.091092109680176	0.40161481499671936	-1.6294504404067993	-0.23397019505500793	0.6235331296920776	-1.4523228406906128	1.1724075078964233	-0.05271611735224724	0.5014588832855225
0.5511110424995422	0.5201236009597778	0.08818870037794113	0.2538512349128723	0.0391271747648716	-0.553899884223938	-0.14867180585861206	-0.08891411125659943	-0.5313043594360352	0.20091991126537323	-1.6092113256454468	-0.3330431580543518	-1.2379719018936157	-0.896821141242981	-0.09838320314884186	-0.08041312545537949	0.5125986337661743	0.13166899979114532	0.19638407230377197	-0.7349085211753845	0.9193161129951477	-0.002429306274279952	1.4227396249771118	-0.6192878484725952	0.31139910221099854	-0.09856157749891281
-1.474635124206543	-0.5565466284751892	-1.6584607362747192	-1.197847843170166	0.04635291174054146	-0.6007406115531921	1.0241087675094604	-0.5419866442680359	0.8769559860229492	-0.5683460831642151	0.8865508437156677	0.8667768836021423	0.805294930934906	0.42001351714134216	-0.890924870967865	-0.09127294272184372	0.09109744429588318	0.9368461966514587	-0.23618580400943756	-0.6953014135360718	-0.11256495118141174	1.3225935697555542	-0.556574821472168	-0.05761934444308281	-2.3557980060577393	-1.1907821893692017
1.1203805208206177	-1.652058720588684	0.5445897579193115	-0.09328100830316544	0.610289454460144	1.7411344051361084	0.4864545464515686	-0.47919976711273193	0.3349717855453491	-0.7241442799568176	0.052468687295913696	-1.058250069618225	-1.5125758647918701	0.5975059866905212	0.0207591000944376	-0.2385638952255249	-0.5396952033042908	-0.5017657279968262	-0.5361886620521545	0.5968986749649048	-1.8424475193023682	0.10989529639482498	2.26318359375	1.2437700033187866	0.8489386439323425	0.1780051290988922
-0.8413427472114563	0.4561156630516052	-1.3868886232376099	-0.8566187620162964	0.5541846752166748	0.9144037365913391	-1.0890660285949707	0.3006788492202759	1.1820770502090454	-0.6016591787338257	0.39986592531204224	-0.5560257434844971	-0.36332470178604126	-0.9010730981826782	-1.8687664270401	-0.030661696568131447	1.4783196449279785	-0.4828377068042755	-0.4542979896068573	0.8632697463035583	-0.49507978558540344	-1.166525959968567	-1.2084133625030518	0.14956781268119812	-0.6869685649871826	1.4690977334976196
0.1657436490058899	0.42974618077278137	0.5050455927848816	1.43989896774292	0.009891686961054802	-0.24449390172958374	-0.7024373412132263	1.2852169275283813	0.30874910950660706	-0.673625111579895	0.102680504322052	-1.3788219690322876	-0.7673394680023193	-1.0537981986999512	-0.4492284953594208	-0.4151592254638672	-1.2683837413787842	-1.800265908241272	0.19450721144676208	-0.6591371297836304	0.13500359654426575	0.7399930953979492	1.436207890510559	-0.5403391122817993	3.2862470149993896	0.2138795256614685
-0.6097577810287476	-0.6253957748413086	1.90876042842865	-0.20630988478660583	1.1554523706436157	-0.16935665905475616	-1.716986060142517	-0.005864421837031841	-1.4270880222320557	-0.07676482945680618	1.6813045740127563	-0.04460138455033302	0.24473603069782257	1.0148876905441284	0.9587832093238831	-0.08441410213708878	-0.685422956943512	0.7437856197357178	1.4896036386489868	-2.189197301864624	-0.8395898938179016	2.3495657444000244	-0.641383171081543	1.6752079725265503	-1.3250447511672974	2.350471019744873
0.33821558952331543	-0.12064776569604874	0.9763595461845398	-0.10439988970756531	-0.046020347625017166	-1.1955476999282837	-0.6773198843002319	0.14149227738380432	-0.886938750743866	0.5773445963859558	0.5454310178756714	-1.7128469944000244	1.4337249994277954	0.1807854175567627	-1.6323615312576294	-0.20180761814117432	-0.04031233489513397	0.3246004581451416	1.34373939037323	-0.602901041507721	-0.9161471128463745	-0.9457103610038757	-0.7949761748313904	-1.141126036643982	0.9088996648788452	-0.6781608462333679
1.247785210609436	1.3174761533737183	0.11214665323495865	0.1367567479610443	-0.5686208009719849	-1.2920500040054321	-1.2900550365447998	-0.8500456213951111	-0.7638183832168579	-0.4278559684753418	-0.6503147482872009	-0.624864399433136	-0.32623425126075745	0.44143083691596985	0.2587788701057434	-0.23302702605724335	0.8987772464752197	1.6144251823425293	0.5618295073509216	0.6874290704727173	-0.11104943603277206	0.7430254817008972	0.8866288661956787	1.0398932695388794	-1.4422125816345215	1.3437830209732056
1.5503700971603394	0.6483429670333862	-0.7021310925483704	1.5414050817489624	1.4187017679214478	-0.8651324510574341	-2.251506805419922	-0.697062611579895	-1.3368830680847168	-0.3710595667362213	2.1456830501556396	-0.912283718585968	0.4416027367115021	1.381792426109314	-0.6626579165458679	0.28285086154937744	-0.3112650215625763	-1.111382246017456	0.32759276032447815	-0.05878071486949921	0.5078397989273071	-0.42852598428726196	-0.1870299130678177	0.5299861431121826	-1.2412769794464111	0.3345588445663452
-0.27102410793304443	-1.0952398777008057	1.165846824645996	0.05132099613547325	0.3172845244407654	-0.8230268359184265	-0.11581234633922577	1.916184663772583	-0.9377061128616333	0.8735883235931396	0.4695903956890106	-0.3914646506309509	0.7568804025650024	1.4264471530914307	0.4303792715072632	0.33727025985717773	1.7692941427230835	-0.21149802207946777	-0.2893332839012146	-1.4312009811401367	1.5384806394577026	-0.05692741274833679	0.8712916970252991	0.2776496410369873	-1.6887633800506592	-0.18598227202892303
0.8704642057418823	-1.5202980041503906	0.8838431239128113	0.34243157505989075	0.778103232383728	-0.664900004863739	-1.3939424753189087	0.5511770844459534	-1.0463550090789795	-0.9382026195526123	0.4954656958580017	1.0637260675430298	-0.7877494096755981	-0.1406383365392685	1.3748829364776611	-0.6595015525817871	0.812466561794281	0.8447690010070801	0.35591748356819153	1.000977873802185	-0.8070775866508484	-0.5032018423080444	-0.6195034980773926	1.3473055362701416	1.0650086402893066	0.6773963570594788
-1.1735328435897827	0.7944313287734985	0.029321517795324326	-0.6352002024650574	1.7504061460494995	0.554404616355896	-0.36694639921188354	2.094609498977661	-2.4351041316986084	1.3927481174468994	-0.012322750873863697	0.9106354713439941	0.47072455286979675	1.4015594720840454	-0.8453287482261658	-0.10709025710821152	-0.6445971131324768	-0.07841140031814575	1.3421789407730103	0.9290600419044495	0.9375154376029968	0.1478581577539444	-1.3582966327667236	-0.8225433230400085	-0.3345041573047638	0.2807316780090332
-0.1473809778690338	-0.7646653056144714	-0.16471198201179504	1.5504202842712402	0.013538185507059097	1.8634172677993774	-0.38026702404022217	0.2553688585758209	0.423467755317688	-0.22215460240840912	-0.32056212425231934	-0.06761298328638077	-1.1306873559951782	1.0303854942321777	0.5154549479484558	-0.3043268322944641	1.9276925325393677	-0.14815182983875275	-1.36847984790802	-0.542978823184967	-1.1505284309387207	1.904754400253296	-0.9835458397865295	0.19495229423046112	0.801116943359375	-1.174441933631897
-0.39185282588005066	-0.7285027503967285	0.08731737732887268	-0.6736990809440613	1.3798338174819946	-1.2400637865066528	-0.673219621181488	0.20557934045791626	0.563606321811676	-1.245017647743225	0.04693469777703285	-0.14511995017528534	0.6184962391853333	0.28521090745925903	0.9423901438713074	-0.7805330753326416	-0.6005032658576965	0.4394979774951935	0.5678310990333557	-0.2176106572151184	0.016727959737181664	-0.0050477804616093636	0.2727263569831848	1.281293511390686	0.536078929901123	-0.06147817149758339
1.3157148361206055	-1.3432873487472534	0.5381754040718079	1.0025449991226196	-0.41764113306999207	-1.584984302520752	-1.088841438293457	1.187533974647522	0.9249696731567383	-0.7573019862174988	0.7138570547103882	0.47018226981163025	0.5871805548667908	-0.6271967887878418	-0.07401750236749649	0.43577221035957336	-0.49705594778060913	0.19459973275661469	0.250583678483963	1.1803407669067383	1.5431350469589233	1.5147984027862549	-2.215780258178711	2.0103137493133545	-2.7536425590515137	1.2767736911773682
0.4116908609867096	1.095387578010559	0.8863787055015564	-0.44802695512771606	0.8834377527236938	0.7128903269767761	1.3227336406707764	-0.3679463565349579	0.48780471086502075	1.6549166440963745	-1.8061367273330688	-1.276095986366272	0.9410799741744995	-0.7334982752799988	0.4441109299659729	1.419538974761963	1.7138704061508179	0.2547529339790344	-0.9724066853523254	1.632668375968933	0.13574697077274323	0.5841090679168701	1.406033992767334	1.5405285358428955	0.8948375582695007	1.6921615600585938
0.858564555644989	-1.8157203197479248	-0.7592639923095703	0.820107102394104	-1.05437433719635	0.4252890348434448	0.7598065137863159	-0.5948109030723572	1.1318014860153198	-2.204592704772949	-1.064428448677063	-0.20454682409763336	0.2678351402282715	-1.8874858617782593	0.6749942898750305	-1.5493749380111694	-1.4753705263137817	-0.28207796812057495	0.27061927318573	1.206017017364502	-0.2669592797756195	-0.920725405216217	-1.2724614143371582	0.656585693359375	0.20469044148921967	-0.19159196317195892
0.4083081781864166	0.03277311101555824	1.6669257879257202	-0.603869616985321	-0.9036186337471008	-0.5145675539970398	1.0190703868865967	-0.12350910156965256	0.47194981575012207	1.9000961780548096	0.26626017689704895	0.19481772184371948	-1.6952826976776123	-1.7805004119873047	0.07994838058948517	-0.34919869899749756	-2.050424337387085	2.0415313243865967	0.009663092903792858	0.41375038027763367	0.05164825916290283	-1.2871702909469604	-0.18704386055469513	-2.0817127227783203	-1.1948904991149902	0.3199557363986969
-1.948815941810608	-2.070812702178955	-0.7422081232070923	0.2019927054643631	0.5165425539016724	0.6449820399284363	1.110426425933838	-0.5529905557632446	-0.5027802586555481	1.6298539638519287	-0.16321365535259247	-2.430577516555786	2.203218698501587	1.6431455612182617	0.7783507108688354	0.3553258180618286	0.3165075182914734	0.03704693540930748	1.639493703842163	-1.0008493661880493	-0.9436746835708618	1.1112397909164429	0.4218578040599823	-0.5633382201194763	-0.060911957174539566	0.5224936604499817
0.16198427975177765	0.9292545318603516	0.8699448108673096	-0.01754665933549404	-1.6300048828125	2.086555004119873	0.6714270114898682	1.3460278511047363	0.5997956395149231	0.5369255542755127	-1.6055948734283447	1.7337206602096558	0.0803399607539177	0.7020997405052185	0.17825090885162354	2.0948920249938965	0.5015793442726135	-0.5256827473640442	2.3837931156158447	-0.22809836268424988	1.2365680932998657	1.5469416379928589	0.06545531749725342	0.17807899415493011	-0.9520553350448608	0.3750000596046448
1.1999080181121826	-1.1344728469848633	0.01789834164083004	-1.398720145225525	-0.9650457501411438	-0.3671317994594574	0.23703034222126007	0.09605672210454941	0.9709710478782654	0.34518906474113464	1.7456270456314087	0.7208760976791382	-0.1752961426973343	-0.8959766626358032	0.2646053731441498	-2.2704882621765137	0.0040133362635970116	1.6536377668380737	-0.8161063194274902	-0.07801356166601181	-1.1509674787521362	-0.25938767194747925	0.4882549047470093	0.8484541177749634	0.7768988013267517	0.08858662098646164
-0.13938498497009277	0.4108310639858246	0.6350836753845215	0.8864892721176147	-0.16777156293392181	-0.062144678086042404	1.4742910861968994	2.120177745819092	2.375058174133301	-0.02694372832775116	-1.4945166110992432	0.13565568625926971	-1.6870932579040527	0.4242859482765198	2.151064157485962	-1.0471500158309937	-0.2796526849269867	0.9951555132865906	-0.5991004705429077	0.5097915530204773	-1.2545180320739746	0.6302881240844727	0.9871209263801575	0.6863440275192261	0.009085907600820065	-0.14945363998413086
-0.3681338131427765	-0.9390527606010437	1.2104392051696777	-1.2851003408432007	-0.6105980277061462	-0.31006869673728943	-0.8116805553436279	-1.0974770784378052	1.399749517440796	-0.0028652597684413195	1.0428367853164673	0.6758437156677246	-1.176861047744751	0.8180361390113831	-2.5934505462646484	-0.6598525047302246	-2.0586018562316895	0.8374907374382019	-0.06262548267841339	2.4536736011505127	0.9798758625984192	0.7558894157409668	-1.0351523160934448	-0.38674041628837585	-0.03447513282299042	0.10897277295589447
-0.4870126247406006	-0.620134174823761	-0.22693291306495667	-1.531745433807373	0.5852879285812378	0.191667377948761	0.5035674571990967	0.19899716973304749	-1.9547739028930664	1.7026461362838745	1.107074499130249	-0.5282223224639893	0.6023178696632385	-0.015204684808850288	-0.1663678139448166	1.4768056869506836	-1.5947651863098145	1.5710073709487915	-0.4865133762359619	-0.6613548398017883	0.08170881122350693	-0.9616774320602417	-2.0389199256896973	1.0917869806289673	-1.159792423248291	0.9022110104560852
-0.22073057293891907	1.4658077955245972	1.6616064310073853	-0.029382826760411263	1.460793137550354	-0.3521367907524109	-0.31802496314048767	0.04533800482749939	-0.09379618614912033	0.6215710639953613	-0.9719284772872925	0.17660881578922272	-0.7883647680282593	0.9490752816200256	0.8459598422050476	1.6511791944503784	-0.11155213415622711	0.8640793561935425	0.8608825206756592	-1.5736325979232788	-0.5296509861946106	0.5129349827766418	-0.8798264861106873	0.32074740529060364	1.0909565687179565	-0.7882694005966187
0.3562745749950409	-0.6508687734603882	-1.2597408294677734	0.11972706019878387	-0.7964295148849487	-0.5969157814979553	0.3183968961238861	-1.0790008306503296	1.0849292278289795	0.5628477931022644	-0.27386584877967834	0.5495858192443848	-0.3887121379375458	1.0588674545288086	2.6834070682525635	0.4645598530769348	1.4057612419128418	1.4230912923812866	2.055330991744995	-0.9685947895050049	0.2297345995903015	0.7981282472610474	-0.7704866528511047	0.0007680417620576918	-0.3951830565929413	0.2593285143375397
0.8202161192893982	1.6692652702331543	-1.3461346626281738	0.6881863474845886	-0.31611791253089905	0.8375728130340576	-0.05029616504907608	-0.7299038767814636	-0.5390254855155945	1.9403396844863892	-0.34179407358169556	0.7776780128479004	-1.3640533685684204	1.7389007806777954	-0.4141606092453003	0.6775760650634766	-1.6393636465072632	-2.009896755218506	-0.8434356451034546	0.4562651515007019	-0.39802393317222595	-0.19282464683055878	-0.2035912126302719	-0.9214072823524475	1.1858258247375488	0.3741125762462616
-2.194730281829834	-1.0173299312591553	0.30469605326652527	-1.2195708751678467	-0.6594958305358887	-0.6255903840065002	-0.03296077623963356	0.5738485455513	0.7613763809204102	-1.5496429204940796	0.6320722699165344	-0.03481024503707886	1.0063908100128174	-1.62749445438385	-1.2069035768508911	-1.6560360193252563	0.339433878660202	-0.4462207853794098	1.322334885597229	-2.4488654136657715	-0.10419456660747528	1.9352843761444092	0.7449396252632141	1.6572492122650146	0.6441465616226196	0.055684611201286316
0.047900017350912094	-0.9902514815330505	-4.262605667114258	0.23600873351097107	-0.43596887588500977	0.3925783336162567	-0.5491971373558044	0.3497071862220764	-1.2141050100326538	1.4866604804992676	-0.6695972084999084	1.5128085613250732	0.09802248328924179	0.34324344992637634	-0.1447129249572754	0.10350070893764496	1.4252890348434448	-0.5205548405647278	-0.7835096716880798	0.6309568285942078	-0.7517261505126953	-0.412545770406723	0.8075664639472961	-0.03384874016046524	0.8996036052703857	-0.8407700657844543
-1.1512595415115356	0.6928252577781677	-0.7758744955062866	0.6086803674697876	0.003030028659850359	0.3690115511417389	-0.9990659952163696	-2.4077634811401367	-0.11487468332052231	0.2902068495750427	1.1177425384521484	0.05999288707971573	-0.6052681803703308	0.9444021582603455	2.0897810459136963	0.28263887763023376	-2.114636182785034	-1.1361702680587769	-1.0139596462249756	1.7125470638275146	0.9675418138504028	0.3219468891620636	0.6785038113594055	1.0517939329147339	-1.539581537246704	-1.1212646961212158
-0.208144873380661	0.393343985080719	-0.8600761294364929	0.23918715119361877	-0.6328322291374207	0.921278715133667	-0.7207198739051819	-1.694744348526001	-0.00592239573597908	1.1672132015228271	-2.0965805053710938	0.17591074109077454	0.4844214618206024	-0.27503690123558044	2.3304646015167236	-0.1938905417919159	1.4340379238128662	1.03190016746521	-0.20015768706798553	-0.11197372525930405	0.9890450835227966	-0.3267470896244049	-1.4659674167633057	1.3481495380401611	-0.9466468691825867	0.4008324146270752
-0.9214963316917419	-1.630456566810608	0.18419593572616577	1.1219122409820557	0.0637841448187828	0.8460408449172974	1.2866204977035522	1.9289460182189941	0.7253389358520508	0.54581618309021	-0.004615085199475288	-0.9079400897026062	0.8169849514961243	-0.45686182379722595	-1.305126428604126	-2.129014015197754	0.1659155637025833	0.9953467845916748	1.255832314491272	-1.711116075515747	0.07378172874450684	0.49625012278556824	-2.1932339668273926	-1.2228147983551025	-0.1756272315979004	-1.5084569454193115
-0.8115869760513306	-0.7856772541999817	-1.0158491134643555	2.546255111694336	0.4605206251144409	0.2165147215127945	-0.5314242839813232	-1.1787985563278198	-0.32330262660980225	0.37621691823005676	-1.8083635568618774	-0.3687276542186737	1.84500253200531	0.4458526074886322	0.5728563070297241	1.4036024808883667	-0.6044036746025085	1.883109211921692	1.2935528755187988	-0.35841426253318787	0.7016016244888306	0.07330800592899323	-0.11361028999090195	0.7366250157356262	-0.6509974002838135	0.11207862198352814
0.9250527024269104	-0.5788544416427612	-0.9488876461982727	-0.26966649293899536	-0.5471928715705872	-1.1593363285064697	0.29790952801704407	-2.0729176998138428	1.0825997591018677	-1.2562304735183716	-0.4388660788536072	-0.6608057022094727	-0.5533464550971985	-0.5115275382995605	-1.4163626432418823	-0.3845250904560089	0.5165891647338867	-1.1451926231384277	1.3724719285964966	2.251782178878784	0.35046911239624023	-0.2783639132976532	-0.2193993628025055	0.2134915292263031	-0.6197291016578674	0.7592780590057373
-0.4545845091342926	-0.7183757424354553	0.678552508354187	-0.013737439177930355	0.6644460558891296	0.49054867029190063	-1.4072145223617554	1.8227922916412354	1.3246413469314575	-0.1601243019104004	-0.5010923147201538	2.3590118885040283	-0.09417201578617096	-0.0560838021337986	-2.566600799560547	-0.4437970519065857	-1.1509535312652588	-0.9133034348487854	0.4160796105861664	-0.8398771286010742	-0.6532748937606812	0.6916806101799011	1.5588393211364746	-0.23319095373153687	0.5485135316848755	-1.1869409084320068
0.4942309260368347	-0.10529536008834839	-1.127537488937378	0.8478866815567017	0.06944352388381958	0.6706427335739136	0.10937973111867905	0.11715773493051529	0.6030507683753967	2.002828359603882	2.289048671722412	0.5461488962173462	0.4361255168914795	1.1637654304504395	-1.3203904628753662	-0.262764573097229	1.325287938117981	-0.760769248008728	-1.5703274011611938	-0.1669752448797226	-0.019587824121117592	0.28783074021339417	0.20637871325016022	-0.7943971157073975	1.5490185022354126	-1.4022941589355469
-0.6394550204277039	-0.38396185636520386	-0.08745558559894562	-1.0867663621902466	-0.7814732193946838	-0.4983366131782532	0.9329383969306946	-0.3855361044406891	-0.45506975054740906	-0.4061461091041565	2.1176846027374268	-0.5953618288040161	-0.7354331016540527	-1.8468828201293945	-0.9589454531669617	2.690310001373291	-1.6472631692886353	-0.5895472168922424	0.9838132858276367	1.1531049013137817	0.09275425225496292	-1.5453753471374512	-0.8522063493728638	-1.4668077230453491	-0.5199376344680786	1.2533705234527588
3.679591417312622	0.900016725063324	-1.715707778930664	0.5730941891670227	-1.443565011024475	-0.4710663855075836	-1.1375911235809326	1.9169987440109253	-1.274624228477478	-0.4013766646385193	-0.4433542788028717	-0.9995429515838623	-0.15093033015727997	0.7653799653053284	0.9990897178649902	-2.1714248657226562	-1.0061888694763184	0.746160089969635	-2.4123311042785645	0.41158366203308105	-0.3818761110305786	-0.3556509017944336	-0.2533628046512604	-0.45319801568984985	1.8913660049438477	-0.7809041142463684
-0.02835029922425747	-1.0141232013702393	-0.7823225855827332	1.9884811639785767	-0.6604911684989929	0.5419621467590332	0.2920604348182678	-0.14573335647583008	2.3674941062927246	2.8230082988739014	0.1987859010696411	0.01848926767706871	1.6617984771728516	-0.4504084587097168	-1.7711577415466309	-0.4094209372997284	0.7817966341972351	1.1335774660110474	-1.5833568572998047	-0.7409842610359192	-1.3032485246658325	1.3953832387924194	-0.4295618534088135	1.3004133701324463	0.13591845333576202	-1.2985190153121948
1.6221014261245728	0.2741324305534363	-0.6149687170982361	-1.2087804079055786	-0.29932427406311035	0.5126765966415405	-0.7319590449333191	-0.6916362643241882	1.604852318763733	1.2120625972747803	1.0859899520874023	1.6637922525405884	0.6673887968063354	-0.6588345766067505	-2.6633431911468506	0.2286999374628067	3.2867159843444824	-0.09390731155872345	-0.047774817794561386	-0.09364742040634155	0.8033013939857483	0.22463780641555786	-1.8072770833969116	0.028384597972035408	-0.3707420527935028	1.6693315505981445
-0.6800945401191711	0.18096023797988892	0.726806104183197	0.30416154861450195	-0.5529665946960449	-0.26010483503341675	0.09169237315654755	-0.13203486800193787	-0.2767654061317444	-0.826124906539917	-0.2587755024433136	1.9840548038482666	-0.7556574940681458	-1.0239310264587402	-0.8713732957839966	1.5478957891464233	1.332167387008667	0.6290198564529419	-0.215988889336586	-0.739283561706543	-0.20740050077438354	-1.4247677326202393	0.3198682963848114	0.24510638415813446	0.6029291152954102	0.08557824790477753
0.5836747884750366	0.37027764320373535	-0.480408638715744	0.787505030632019	-1.6714993715286255	0.5327221155166626	-1.0793548822402954	-0.5193527936935425	1.0520031452178955	0.6341621279716492	-0.2618359625339508	1.0582464933395386	-1.7361681461334229	2.2618765830993652	0.974536120891571	-1.697635293006897	0.6597335934638977	-0.6165837049484253	-0.1784725785255432	-0.41216301918029785	2.3281352519989014	-0.7849980592727661	0.9773311614990234	1.5914465188980103	0.6939477920532227	-0.4281752109527588
0.1235845610499382	-0.617257297039032	1.396594762802124	-0.6333995461463928	-1.3626708984375	0.6682963967323303	0.6616869568824768	-1.1645983457565308	-0.7961813807487488	1.8620071411132812	-1.178659439086914	-0.43325087428092957	0.07727840542793274	1.3201318979263306	0.35544851422309875	-3.0889766216278076	1.6108589172363281	-0.42143166065216064	0.9373155832290649	1.6387532949447632	0.6616711020469666	0.565339207649231	-0.3408176004886627	0.3934518098831177	-0.9309275150299072	1.508288860321045
0.9500088691711426	0.32055819034576416	-1.0336804389953613	0.3646439015865326	0.21287797391414642	0.4858408570289612	-0.4547065198421478	0.46015071868896484	1.8589504957199097	-1.3074301481246948	0.8012468814849854	1.024561882019043	-0.24355120956897736	-0.5429331660270691	-0.24345692992210388	0.05291029065847397	0.713426411151886	0.07001227140426636	-0.6389027237892151	-0.2251913994550705	-0.700794517993927	-0.18348924815654755	0.0777757465839386	-3.029242992401123	-1.2211443185806274	-0.6911432147026062
0.521903932094574	-0.7348535656929016	1.1232625246047974	0.8636541962623596	0.39795780181884766	-1.0862609148025513	0.16437672078609467	3.2427407859358937e-05	-0.3598710298538208	-0.5268116593360901	-0.5797109603881836	-0.2921924293041229	0.9900890588760376	1.7222377061843872	-0.14454063773155212	0.46702811121940613	-0.1606251746416092	2.5768563747406006	1.0922907590866089	0.2244899421930313	-0.07870597392320633	0.48691779375076294	1.240570306777954	0.3889925479888916	0.1886776238679886	1.0171470642089844
0.6895037293434143	0.47318097949028015	-0.5475761294364929	-0.9814223051071167	-1.6699756383895874	0.04559958726167679	-0.6430312991142273	-0.8043535947799683	0.20064450800418854	0.6436572670936584	0.44534793496131897	0.5988438725471497	-0.04894009232521057	-0.1866503804922104	0.47213178873062134	-2.4363045692443848	1.0864808559417725	-1.04154372215271	1.8243807554244995	0.7421606183052063	-1.0175570249557495	0.4626409709453583	0.8154510259628296	-0.45600035786628723	-0.4979562759399414	-0.5612639784812927
0.37105533480644226	-1.02574622631073	-1.1702687740325928	0.7147492170333862	-0.15949372947216034	-1.2076436281204224	1.2168914079666138	0.03495249152183533	-1.2822304964065552	-1.044042706489563	-1.2798800468444824	-0.5785718560218811	0.9650260210037231	0.8112041354179382	-0.07619113475084305	-2.7493903636932373	1.547501802444458	0.13616839051246643	1.4081758260726929	-0.20964287221431732	-0.4170313775539398	-1.2037990093231201	-0.3528040647506714	0.1906488984823227	-1.1462931632995605	0.20037944614887238
-0.20660747587680817	0.0235670767724514	-0.5855883359909058	-1.974958062171936	0.42190539836883545	1.211690902709961	0.5842732787132263	-2.0630857944488525	-0.8452403545379639	-0.27296319603919983	-0.36027291417121887	1.4330835342407227	-0.8319751620292664	-0.767094612121582	-0.38788703083992004	0.9098092913627625	0.6389478445053101	0.9166085720062256	1.4978693723678589	-0.11624661833047867	-1.406875491142273	0.8137416243553162	0.6466785669326782	1.1722054481506348	-1.9731403589248657	0.8436306715011597
0.9033475518226624	-0.4978068172931671	-0.9617251753807068	-0.43372097611427307	-1.1159871816635132	-0.637198805809021	1.388643503189087	1.3090636730194092	0.7119075655937195	-0.06353522837162018	0.08664139360189438	-0.9708166122436523	1.2110282182693481	-0.6667195558547974	0.9329397678375244	-1.128348469734192	0.30614250898361206	0.4537169933319092	-0.626981794834137	1.3344062566757202	0.943216860294342	-0.44551584124565125	1.1096922159194946	0.7174615859985352	-1.1834454536437988	-0.5601615905761719
0.27663829922676086	-0.3712390065193176	-0.27015766501426697	-0.31919434666633606	1.8802462816238403	0.6366434693336487	-1.1742299795150757	0.7299537062644958	0.4177069664001465	-0.2901829183101654	1.0645631551742554	-1.8570234775543213	0.09738586097955704	-0.6657515168190002	-0.13056419789791107	1.579354166984558	0.017040565609931946	-1.231573224067688	1.7858939170837402	-0.4005763828754425	-0.8786500096321106	0.7233988046646118	-0.7986863851547241	-0.686730146408081	-0.2330060452222824	0.10923395305871964
-0.4685162305831909	-0.9077515006065369	0.7122079730033875	-1.5926294326782227	-0.709572970867157	0.49516332149505615	-1.1904847621917725	1.883373737335205	0.13523134589195251	2.274024724960327	-0.09008590877056122	0.6989249587059021	-0.026169948279857635	-2.0441734790802	1.138822317123413	-1.6178982257843018	-0.47206029295921326	0.16035306453704834	1.1320385932922363	0.6216806769371033	-0.12060555815696716	0.2753274440765381	1.5943388938903809	0.677983283996582	0.24734392762184143	-1.2152901887893677
-0.8882750868797302	-0.4730568826198578	0.41594719886779785	1.3284963369369507	0.7661119699478149	-0.15555672347545624	-0.3154917061328888	0.28348013758659363	-0.49064135551452637	-0.6377269625663757	-2.798668384552002	-1.0905581712722778	-0.5419601202011108	0.8631473183631897	-0.48598530888557434	-0.24033261835575104	0.507844090461731	1.0685776472091675	-1.005754828453064	-0.6013554334640503	-0.4593847692012787	1.1938085556030273	0.1106119304895401	0.18287481367588043	-1.9355579614639282	0.45658934116363525
-0.6060858368873596	1.27849280834198	-0.4296475648880005	1.7974389791488647	0.794877290725708	-2.4537036418914795	0.3600531220436096	-1.534951090812683	0.02925729937851429	-1.488121747970581	-0.7686704397201538	1.7375121116638184	0.5447425842285156	0.5028536319732666	1.3813562393188477	0.08179662376642227	-0.6715821623802185	-1.2441558837890625	1.9909528493881226	-1.1590564250946045	-1.0535345077514648	1.4564940929412842	1.6649110317230225	0.9334057569503784	0.09369120746850967	-0.3206782042980194
0.9821195006370544	-0.572342574596405	0.41147932410240173	-1.3847943544387817	-0.28079938888549805	-0.6509111523628235	-1.2648625373840332	0.0161844901740551	-1.9749702215194702	1.1362115144729614	-2.6013896465301514	1.039533019065857	-0.09196304529905319	-0.16845662891864777	-0.5804270505905151	0.09647074341773987	0.0947108194231987	0.25561219453811646	-0.27147936820983887	-0.8012962937355042	-0.8838686347007751	-0.8368363976478577	0.698969841003418	1.620924949645996	1.4866834878921509	-1.6528879404067993
-0.5146721005439758	-0.5929800271987915	-0.9876430034637451	-0.42433425784111023	-1.2164050340652466	-1.0700633525848389	-0.17974025011062622	0.6005401611328125	-0.9440099000930786	0.24903254210948944	-0.5340431332588196	-1.8102947473526	0.7026069164276123	-0.41280609369277954	1.9090445041656494	1.5890525579452515	1.2292566299438477	-1.4850913286209106	0.908505916595459	-0.857338011264801	1.051012635231018	-0.10148611664772034	-1.0153077840805054	-0.8983868956565857	-0.718226432800293	1.3453987836837769
-1.9021971225738525	0.1618202179670334	-0.15114720165729523	-0.12380862981081009	-0.6041228771209717	-0.2935142517089844	0.20832785964012146	-1.6093018054962158	0.5041816830635071	-0.797713041305542	1.9666649103164673	0.14239229261875153	-0.05553929880261421	-0.7932455539703369	0.2545787990093231	-0.7329763770103455	1.00567626953125	0.9869227409362793	-0.6364612579345703	1.629300832748413	0.6717275381088257	0.5229897499084473	0.2970905900001526	0.056762952357530594	0.46332550048828125	0.7419624328613281
-0.6313312649726868	-0.8261603116989136	0.0903744176030159	1.9763908386230469	-2.1112749576568604	1.7607626914978027	-0.7234490513801575	-0.46127185225486755	-0.2989250123500824	-0.7835258841514587	0.27005255222320557	-0.6331216096878052	0.9393959045410156	-1.144256591796875	-0.9258142709732056	-0.012910635210573673	1.2168992757797241	0.11450569331645966	-0.3709791302680969	-0.680243194103241	0.9203463792800903	-0.3949914872646332	-0.1449342966079712	-2.104637861251831	0.6339226365089417	0.24730178713798523
-0.7925780415534973	-0.7496543526649475	-0.64046311378479	0.2061338573694229	0.25932711362838745	-0.15552017092704773	-0.904825747013092	-0.18036380410194397	-0.8298829197883606	-0.8540740013122559	0.43662554025650024	1.0392080545425415	-0.46853911876678467	-0.7857161164283752	0.9254658222198486	-0.45937782526016235	1.5013439655303955	0.37995487451553345	-2.047649621963501	-0.21736162900924683	-0.759388267993927	2.081005096435547	-0.8763180375099182	-1.0378769636154175	-2.5903618335723877	0.12955507636070251
-0.7988951206207275	-1.878387212753296	0.268794447183609	-0.7985134124755859	-2.4879512786865234	0.5362944602966309	0.5797802209854126	-0.1199536919593811	-0.8282607197761536	1.5363261699676514	-0.23652389645576477	0.02405424229800701	-0.5097163319587708	0.08379751443862915	-1.2326159477233887	1.2213517427444458	0.7502394914627075	0.21166741847991943	0.7983909845352173	0.2207508534193039	-0.8485708832740784	0.7117138504981995	0.5804802179336548	-1.03658926486969	1.2475998401641846	1.6534165143966675
