1.4286489486694336	-1.7061489820480347	1.957361102104187	-0.15772154927253723	-0.8728782534599304	-1.1577482223510742	-0.26564693450927734	1.786940574645996	0.13693636655807495	-0.38491886854171753	-0.8402531743049622	-1.5057628154754639	0.13891218602657318	0.9656982421875	-0.9045325517654419	0.6502647995948792	1.426123857498169	0.7965737581253052	0.018412167206406593	0.23013104498386383	-1.5812082290649414	-0.061950065195560455	-0.867205023765564	0.3103982210159302	0.13127782940864563	0.9346272349357605
0.08619198948144913	0.4533483684062958	-0.925764262676239	2.1119537353515625	0.8159302473068237	0.5607103109359741	1.3719806671142578	0.12393408268690109	0.7858413457870483	1.052778720855713	-0.34667178988456726	0.052089739590883255	0.35883209109306335	0.2012673020362854	1.2530677318572998	0.11710500717163086	-0.17029891908168793	-0.42032599449157715	0.9966914057731628	0.9388718008995056	0.024064773693680763	-0.47434201836586	0.07673212140798569	1.1101690530776978	-0.41302722692489624	1.9810447692871094
0.1917436420917511	0.7146623134613037	-0.18503645062446594	0.1021815836429596	-0.8496248722076416	-1.1640146970748901	1.8449370861053467	-0.18831850588321686	-1.2110189199447632	1.609115719795227	0.6476483345031738	0.2536616325378418	0.276075154542923	-0.7383204102516174	0.9446476101875305	1.0181382894515991	-0.7018502354621887	-0.556961178779602	-1.193803071975708	0.7206051349639893	-0.5058770775794983	2.115190267562866	-0.7061136960983276	0.7751063108444214	0.31373801827430725	-0.9578832387924194
1.086782455444336	0.980868935585022	-0.1750185340642929	1.2515734434127808	0.9270925521850586	0.06025450676679611	-0.2525099515914917	-0.44909095764160156	0.9363715052604675	1.4565232992172241	-0.38894185423851013	-1.8404484987258911	1.6278271675109863	0.9379895329475403	0.14191238582134247	1.5787097215652466	1.8372466564178467	-0.7046104669570923	0.13938945531845093	-1.3964729309082031	0.6499110460281372	-0.9884133338928223	-1.3085602521896362	-0.9426529407501221	-0.642105758190155	-0.0651012733578682
0.42192190885543823	1.483220100402832	-0.08550719916820526	-1.2302050590515137	-1.1079778671264648	-0.3470211625099182	0.08927368372678757	-0.11844807118177414	0.6834750175476074	-0.4736133813858032	-0.19378283619880676	0.8312950134277344	0.7072460651397705	0.358508437871933	-0.02429085038602352	-0.2853122353553772	0.5404324531555176	1.5087684392929077	0.5135385990142822	-0.0950927734375	1.5598269701004028	-0.005322292447090149	-0.7852556705474854	-0.7287538647651672	0.6348267793655396	2.705629825592041
-3.243771553039551	-1.6349527835845947	-0.14949969947338104	1.0688611268997192	1.1284459829330444	0.4798913896083832	-0.1280990093946457	0.6047905087471008	-0.01782640814781189	1.6558960676193237	0.19230805337429047	-0.47682374715805054	0.3968872129917145	-1.3059422969818115	-0.24374717473983765	-1.0898689031600952	1.034960389137268	-0.8994759917259216	-2.029771327972412	-1.205502986907959	1.0180776119232178	1.8234196901321411	-0.0101472744718194	-0.22581909596920013	0.47839075326919556	0.37057390809059143
-1.0625689029693604	-0.31298115849494934	-1.1542809009552002	1.3364125490188599	-0.14081121981143951	-0.56260085105896	-0.0022886625956743956	-0.017723258584737778	1.3082683086395264	-0.45337823033332825	1.1871423721313477	-0.9934917092323303	0.08091787993907928	0.08380898088216782	-0.29870155453681946	-0.737999439239502	0.6151949167251587	1.2507976293563843	2.1458821296691895	-1.7357959747314453	1.0390886068344116	-1.4416009187698364	1.3803502321243286	0.26106831431388855	-0.2549082338809967	-0.7852064371109009
-0.20813961327075958	1.1079246997833252	-0.7109858989715576	2.3248863220214844	0.8170827627182007	-0.5413434505462646	-1.046806812286377	-1.1162227392196655	-0.09841744601726532	-0.3723790645599365	-0.3972637951374054	0.11769665032625198	0.5875527262687683	1.172978401184082	-0.379695862531662	0.36932671070098877	0.18987102806568146	-1.6509310007095337	0.022911546751856804	-0.9925459623336792	-0.5515751242637634	-0.7394010424613953	0.6521673798561096	-1.0854237079620361	0.46503376960754395	-1.0792993307113647
0.24805434048175812	1.8258928060531616	1.3391906023025513	1.50758695602417	0.6332948803901672	0.0748651847243309	-0.3245724141597748	0.10720106214284897	-1.0203052759170532	1.1221309900283813	-1.4180984497070312	0.8161420226097107	-0.09676084667444229	-0.1559075564146042	-0.984541654586792	-1.2561366558074951	-0.37793126702308655	0.2289588302373886	0.41453227400779724	0.9570028781890869	0.4688178598880768	0.7688499093055725	-0.45508909225463867	-0.5040982961654663	-0.01636365056037903	1.036055564880371
-1.0685702562332153	1.6457113027572632	1.5259637832641602	0.2575961947441101	-0.63044273853302	1.7897015810012817	-1.910422682762146	-0.6477962732315063	1.287207007408142	-1.3814786672592163	0.32484278082847595	2.131983757019043	0.45687249302864075	0.765926718711853	-0.2461400330066681	-1.5558078289031982	-0.5969778299331665	1.209249496459961	1.6654750108718872	-0.46699708700180054	2.2683565616607666	-0.6898799538612366	0.1534680724143982	-1.0070079565048218	0.46025553345680237	-0.3488994836807251
-0.27451157569885254	-1.3524324893951416	-1.4364436864852905	0.1582062989473343	0.5678720474243164	0.3935670554637909	-0.9173824787139893	2.128349542617798	0.6674197316169739	-1.290496587753296	0.2346513420343399	-1.002833604812622	0.2642183303833008	-0.9967932105064392	-1.6344603300094604	-0.11406394094228745	0.6260509490966797	1.130283236503601	0.6211382150650024	1.1539465188980103	-1.4541375637054443	-0.702503502368927	-0.07048290967941284	-0.8705378174781799	-0.14457273483276367	-1.2320218086242676
-1.460252285003662	1.4778287410736084	-0.7631334066390991	0.23127682507038116	0.24797804653644562	-1.200487732887268	0.08588201552629471	-0.13279953598976135	0.5932496190071106	-1.0839651823043823	-0.6524413824081421	-0.7450098991394043	-1.168510913848877	-1.079067587852478	1.677854061126709	0.581579864025116	0.11957817524671555	-1.5868422985076904	-0.8815509676933289	0.27839457988739014	-1.4642332792282104	-0.688247799873352	0.5063921213150024	1.4378669261932373	-0.5729579925537109	-0.7225059866905212
-1.049627423286438	-0.5321393013000488	1.9231644868850708	-0.26845937967300415	0.5577377080917358	0.33476752042770386	-1.2780147790908813	-2.6287128925323486	-0.2971135973930359	0.518605649471283	0.6973797678947449	1.9271458387374878	0.43294191360473633	0.3789656460285187	-0.7766961455345154	-0.8135257363319397	0.09717420488595963	-1.4143043756484985	-0.3092862069606781	-0.7232182621955872	0.6001423001289368	0.5195955634117126	0.23699888586997986	-1.249001145362854	-1.853832483291626	-0.280055433511734
-1.6270618438720703	-2.875006914138794	-0.5829932689666748	-0.13932695984840393	0.5789677500724792	-1.1470491886138916	-0.017347799614071846	-0.2519577443599701	-0.15320132672786713	-0.7919670343399048	-0.10629559308290482	-2.1640539169311523	-0.17158575356006622	0.12496083974838257	-0.7570770382881165	-0.9797095060348511	-1.597853422164917	0.2993922233581543	0.7500684261322021	0.6634847521781921	0.8750391602516174	-0.29870161414146423	-0.4690975248813629	-0.747148334980011	0.4297640025615692	2.367112874984741
-0.6983929872512817	0.3995950520038605	1.8890643119812012	-0.08210334181785583	0.29748809337615967	-1.745093822479248	0.17883670330047607	-0.5868784189224243	-1.1377904415130615	0.8804027438163757	1.1509530544281006	-0.025620143860578537	0.022101759910583496	0.6158422827720642	0.4530301094055176	-0.23803876340389252	-1.5126713514328003	-1.5089422464370728	-0.8104170560836792	-1.1745563745498657	-1.019294261932373	1.410318374633789	-0.984137237071991	1.1851253509521484	-0.4322012960910797	-0.9490005970001221
0.8204748034477234	1.3336327075958252	0.1495938003063202	1.3568371534347534	0.14871445298194885	0.03927087411284447	-1.9705252647399902	0.9377540349960327	0.7181468605995178	-0.08916090428829193	0.055963072925806046	-0.146091029047966	-1.378244161605835	-0.32656991481781006	1.0944421291351318	0.04870558902621269	-0.3777904212474823	-2.4505808353424072	-1.4953136444091797	0.28258928656578064	-1.1561782360076904	0.9476106762886047	-0.23090432584285736	-1.1968871355056763	-0.33997631072998047	2.417870044708252
-0.6177734732627869	-1.0258750915527344	-1.6649459600448608	-0.5681165456771851	0.386639267206192	-0.38261669874191284	0.4371795952320099	1.3453757762908936	0.16104862093925476	0.9874542951583862	0.36083605885505676	-0.4136916399002075	0.7901050448417664	-1.213557243347168	0.6177296042442322	-0.7265250086784363	-0.4580024480819702	0.37622106075286865	0.782386302947998	0.10163906961679459	0.7912445664405823	-0.9942578673362732	-1.195408821105957	-0.24812442064285278	-1.4598851203918457	1.9565085172653198
0.09484868496656418	-0.1546885222196579	-0.637894332408905	-0.5657300353050232	0.4076002836227417	0.5605888962745667	-0.2815556526184082	1.5587149858474731	-0.2520323693752289	-1.8475688695907593	-1.9632197618484497	1.0289362668991089	0.49781590700149536	-0.3144720196723938	0.482849657535553	2.044344186782837	-0.15531377494335175	-0.07384549081325531	-0.33645933866500854	0.038922037929296494	-1.1971900463104248	-0.7712345123291016	0.5519320964813232	-0.30511412024497986	0.0895344465970993	-2.165100336074829
-0.9871720671653748	0.5307087898254395	0.15084822475910187	-2.7268691062927246	0.9196240305900574	-0.45824941992759705	2.7647275924682617	-0.45772308111190796	1.9578081369400024	0.5814831852912903	1.3614983558654785	0.3630742132663727	0.7684102058410645	-0.004017055965960026	0.18804682791233063	-1.8922767639160156	0.25129395723342896	-0.9656747579574585	-0.878602921962738	0.32802990078926086	0.6904945969581604	0.26047492027282715	0.08167900145053864	-0.21806854009628296	-2.169839859008789	-0.28402596712112427
-0.4193296432495117	-1.783395528793335	-0.36228635907173157	-0.6281377673149109	0.43179529905319214	1.303756594657898	0.09775146096944809	-0.9181709885597229	1.7094898223876953	-0.894306480884552	-0.41880810260772705	-0.6020328402519226	-0.9040794372558594	-0.7330077886581421	0.6876537203788757	-1.239234447479248	-0.1501060277223587	0.10119879990816116	-0.2676795423030853	-0.8611319661140442	-1.818109154701233	0.9069991707801819	-0.406447172164917	-0.8443863987922668	0.6153604984283447	0.28536272048950195
-0.0568012073636055	0.8888257741928101	-0.5116578340530396	0.8292598128318787	0.46884432435035706	-0.641092836856842	-0.6149400472640991	-0.2135711908340454	0.22268275916576385	-0.314617395401001	-0.6925850510597229	3.218736410140991	1.0781245231628418	-1.492082953453064	-0.2854394018650055	0.548954963684082	-1.8106701374053955	0.5811328291893005	0.32788702845573425	-1.0733941793441772	0.5247217416763306	-1.1586257219314575	-0.20066560804843903	-0.5595330595970154	0.1767462193965912	0.3081311881542206
0.16881144046783447	1.5993309020996094	-1.3966282606124878	0.6154812574386597	-0.41756871342658997	-0.9974443912506104	0.04089735820889473	0.3039742708206177	-0.9297988414764404	-0.4505363702774048	-0.08272922784090042	-0.3277769982814789	-0.07200959324836731	-0.36173099279403687	-1.4888386726379395	-0.23753760755062103	1.5295472145080566	-1.402769684791565	-1.818442940711975	0.41136014461517334	-0.9321939945220947	0.17618611454963684	0.19276459515094757	-0.43156808614730835	0.664993166923523	0.3144504725933075
0.6440101861953735	0.8409650325775146	-1.329461693763733	0.005431957542896271	0.454079806804657	0.2019120305776596	0.9834251999855042	0.7272909879684448	-0.3457149267196655	-0.5205045342445374	1.2965766191482544	0.345744788646698	-0.47309964895248413	1.9144004583358765	-0.9213366508483887	1.0456836223602295	-1.3238600492477417	-0.27510151267051697	0.816309928894043	1.669132113456726	0.14244478940963745	2.356384515762329	0.8455434441566467	0.4987196624279022	0.7980037927627563	-0.37877777218818665
-0.3631877303123474	1.4584345817565918	0.4821126163005829	-0.14783671498298645	2.2825279235839844	1.7458592653274536	0.7092547416687012	-0.5667257308959961	0.036340873688459396	-0.025150178000330925	-1.4417920112609863	0.6624033451080322	-0.6239116787910461	-1.1296923160552979	-0.10176604986190796	-0.47821375727653503	0.44747352600097656	0.4112529754638672	-0.5211493968963623	1.4912649393081665	1.9833033084869385	-1.9313291311264038	0.10940968990325928	-0.925305962562561	0.08017195016145706	-1.1161880493164062
1.1613043546676636	0.9349000453948975	-0.3537565767765045	-1.442871332168579	-0.955828845500946	0.06374798715114594	0.2309790402650833	-0.18760021030902863	-0.6012802720069885	-1.4309126138687134	-2.21128511428833	-0.12660953402519226	-0.4238070547580719	0.6693139672279358	0.9285821318626404	-0.09985699504613876	0.41285577416419983	0.654143750667572	1.6483910083770752	-0.8914523720741272	-0.908333957195282	-0.011619903147220612	0.9372331500053406	-1.6388742923736572	2.5203723907470703	0.6093144416809082
0.676347553730011	-0.27904969453811646	0.747252881526947	0.8537653684616089	-2.0913174152374268	1.4139069318771362	-2.065969705581665	-0.8137800097465515	-2.1873655319213867	0.4701448678970337	0.92645263671875	0.10045100748538971	-0.7560247778892517	0.10547781735658646	-0.1479649543762207	0.44107526540756226	0.3202051520347595	0.8283087611198425	-0.7104284763336182	1.1094677448272705	0.9818597435951233	-1.039919376373291	0.40741708874702454	-1.7376261949539185	-1.9364067316055298	0.3550291955471039
1.3948372602462769	-1.24225652217865	0.013991324231028557	-0.3206201195716858	0.29703834652900696	-2.7139103412628174	-1.4501535892486572	-2.0218937397003174	0.6656721234321594	0.40869277715682983	0.9627448320388794	-0.8731447458267212	0.9071341156959534	1.2231717109680176	-0.5858421325683594	0.24525494873523712	-0.8058953285217285	-2.645268440246582	0.27285391092300415	-1.6479699611663818	-1.1928095817565918	-0.13115327060222626	0.1564970761537552	-0.8698803782463074	-1.0866848230361938	-1.0309717655181885
-0.3238685131072998	0.8763447999954224	0.3511742651462555	1.8953921794891357	0.32324865460395813	-0.6848776340484619	-1.046112060546875	0.06417614221572876	-0.787060022354126	-0.19893233478069305	-1.8560411930084229	-0.005755907390266657	1.5364034175872803	0.0950438529253006	-0.7835793495178223	-0.6899725794792175	-0.4178302586078644	-0.3533993065357208	-1.8903381824493408	0.9840068817138672	1.0795222520828247	0.26877468824386597	0.623628556728363	-0.8450977206230164	0.8869897127151489	1.3797547817230225
0.1498335301876068	-0.8454409241676331	0.28396451473236084	0.8587261438369751	1.6288295984268188	2.0038859844207764	-0.10427742451429367	0.17723487317562103	0.34759825468063354	1.9054940938949585	0.6156430244445801	0.5447694659233093	0.9509027600288391	-0.07581473141908646	0.205270454287529	-0.5180971026420593	-0.2337186187505722	0.4814503490924835	1.1140820980072021	0.06529201567173004	-1.2319912910461426	-0.786798894405365	-0.6913077235221863	-0.6993066072463989	-0.17193709313869476	0.03857538476586342
0.4967506527900696	-0.6156495809555054	2.2354423999786377	0.6917715668678284	-0.5128857493400574	1.4545739889144897	-1.3234577178955078	-0.8151206970214844	0.09632029384374619	1.570666790008545	-1.086870789527893	-0.23486709594726562	0.4489436447620392	-2.2362160682678223	-2.3237617015838623	0.9419621825218201	-1.5648748874664307	-0.26754799485206604	-0.06562364101409912	-0.6569435596466064	0.8836064338684082	0.291368693113327	-0.6879405379295349	1.3462291955947876	0.86808180809021	-0.10455141216516495
2.876163959503174	1.0603013038635254	0.8805957436561584	-0.15224823355674744	0.1624997854232788	-0.9794293642044067	0.008138296194374561	-0.8629881143569946	1.329154372215271	0.12808047235012054	0.11932885646820068	-0.7113385200500488	-1.433638334274292	-1.146528959274292	-0.3500295579433441	-2.4693737030029297	-0.5642304420471191	0.0685272365808487	-0.024491090327501297	1.2092887163162231	1.1685891151428223	-1.0841642618179321	3.258291244506836	0.5848400592803955	1.0599573850631714	1.2685209512710571
0.6253806352615356	1.4032011032104492	0.6087731719017029	-1.0504486560821533	-0.8352190852165222	-0.3498952388763428	-0.3020939528942108	0.7192360758781433	-0.5333262085914612	0.18133340775966644	-0.7839874625205994	-1.4127333164215088	0.9110960960388184	-0.29346412420272827	-1.513765573501587	-0.1579534411430359	0.27314913272857666	-1.1036698818206787	-0.5409156084060669	1.552317500114441	0.28249573707580566	-1.2091522216796875	0.4727625250816345	-0.45099833607673645	0.5714004039764404	1.2345784902572632
-0.9392654895782471	1.4420561790466309	-0.1830957531929016	-0.4648468792438507	1.1333703994750977	0.607351541519165	-1.7681344747543335	1.1676273345947266	0.6116632223129272	-0.48485374450683594	0.6746586561203003	-0.4696935713291168	0.4922017455101013	-0.4024880826473236	0.5530592799186707	0.07260074466466904	0.006907009985297918	0.036686819046735764	0.021763194352388382	-1.043899655342102	-0.03573862463235855	1.746047854423523	-0.938797116279602	-0.2693914771080017	1.1960976123809814	-0.4784448444843292
0.4531390070915222	0.2634473443031311	-0.14216551184654236	-0.3780989348888397	1.1708389520645142	-0.8020405769348145	0.7158109545707703	-0.22072277963161469	-0.2538854479789734	-1.2933123111724854	-0.12806081771850586	-0.9113293886184692	-1.439612627029419	-1.7189569473266602	2.184999704360962	0.5045615434646606	1.7076767683029175	0.34059780836105347	0.02660735324025154	-0.22631502151489258	-0.8381020426750183	-0.3217937648296356	-0.726085901260376	-0.10413910448551178	-1.268277645111084	-2.0767972469329834
1.530285358428955	-0.49451491236686707	-0.17192526161670685	-0.5024068355560303	1.8389360904693604	0.27552568912506104	-0.6078336238861084	1.2452259063720703	-1.0937389135360718	-0.8487619161605835	0.7344582676887512	-0.15877628326416016	0.999776303768158	-0.5972415804862976	-1.035219669342041	-0.23308199644088745	1.669258952140808	-0.09876787662506104	1.059658408164978	0.10883670300245285	-0.5276639461517334	-1.2892018556594849	-0.30154332518577576	0.4208310842514038	2.8446223735809326	-1.0259066820144653
-2.1016485691070557	0.9403839111328125	-0.025010541081428528	0.763627827167511	-0.6027969121932983	0.860817015171051	0.25809136033058167	-0.5982087850570679	-1.5856250524520874	-1.1524853706359863	1.6970940828323364	-1.8103923797607422	-1.1594598293304443	0.48236894607543945	1.2199528217315674	1.5085549354553223	-0.08492806553840637	-0.07363500446081161	-0.5234942436218262	-0.3123219609260559	0.33472612500190735	-0.5940222144126892	-0.5577812194824219	-0.7683026790618896	-0.8927326202392578	-1.083836555480957
1.2497608661651611	0.257335364818573	-0.7175830602645874	0.5262976288795471	0.6862987875938416	-0.5052633285522461	-0.20467354357242584	-1.9147149324417114	0.20342642068862915	-1.9155019521713257	-0.9033291935920715	0.9478794932365417	-0.8975503444671631	2.4912195205688477	-0.7595188021659851	0.25129303336143494	-0.10581126064062119	2.9926624298095703	1.2049378156661987	-0.8677629828453064	-0.05276746675372124	0.39896467328071594	-1.5258073806762695	-0.11826198548078537	0.03705661743879318	1.7693532705307007
1.038135051727295	0.0650940090417862	0.3906629979610443	0.37957173585891724	0.959417998790741	0.4099212884902954	-0.6256651878356934	0.9949650168418884	0.46452680230140686	-0.7665789127349854	-0.18163703382015228	-1.4405667781829834	2.2261719703674316	0.6834480166435242	-0.6059422492980957	-0.7707645297050476	0.49619898200035095	0.8787167072296143	-0.42779165506362915	-1.4609310626983643	0.5292156934738159	0.3424251079559326	0.3883441090583801	-0.7040079236030579	-0.26215672492980957	-0.17096078395843506
-1.5461004972457886	1.677345871925354	-0.4976460039615631	0.030803432688117027	-0.11149957776069641	-1.2202357053756714	1.1780486106872559	1.2358932495117188	0.7580573558807373	-1.1194894313812256	-0.41942018270492554	0.004687055014073849	0.20952294766902924	0.4644757807254791	-0.3649537265300751	-1.0090641975402832	-1.5494927167892456	0.6312153339385986	0.0652724876999855	-0.3369658291339874	0.09552692621946335	-1.6443990468978882	0.10866290330886841	-2.3699100017547607	-0.989268958568573	-1.9763567447662354
-0.1650145798921585	-0.410119891166687	0.7839785218238831	-0.19034551084041595	0.9020246863365173	0.3844780921936035	0.039037223905324936	1.5778131484985352	0.3074086606502533	1.9699567556381226	-1.9025110006332397	-0.5359158515930176	0.1640084981918335	-0.07410715520381927	2.9409680366516113	0.14191533625125885	1.3802127838134766	0.7853829860687256	-0.5892173051834106	0.5028913021087646	0.402310848236084	1.0526313781738281	0.3972785770893097	-0.5027183890342712	-0.41793033480644226	0.8779610395431519
-0.17485572397708893	0.31476399302482605	-0.45488783717155457	-0.5026678442955017	-0.06585586071014404	0.9124622344970703	-0.9065454602241516	-0.43113628029823303	0.1032298356294632	0.9095343351364136	-0.011118810623884201	0.18632996082305908	-0.6553709506988525	-0.7851012945175171	-1.0568468570709229	0.7272279858589172	0.5846471190452576	-0.3024100065231323	-1.65444815158844	-0.2848154306411743	-0.6270889043807983	-1.4114562273025513	2.459657907485962	-0.4846937954425812	-0.5066223740577698	1.4929214715957642
0.8274657130241394	1.1910476684570312	1.3733859062194824	-0.727666974067688	-0.007335031870752573	-0.1452445387840271	0.4882543385028839	0.21675190329551697	-1.1568492650985718	0.4576756954193115	-1.436372995376587	-1.255628228187561	1.9150364398956299	0.9938181042671204	-2.0134856700897217	-0.052100613713264465	-1.1912740468978882	1.2998266220092773	-1.523744821548462	0.8448727130889893	0.9867376685142517	-0.022718781605362892	0.013260222040116787	-0.6115083694458008	2.671626329421997	0.4186306893825531
-0.5942703485488892	-1.1203888654708862	-1.3576830625534058	-1.437848448753357	1.3810126781463623	-0.5892572999000549	0.9091582298278809	-0.9697075486183167	-0.7156473398208618	-0.986873209476471	-0.9002693891525269	-0.6037395000457764	-0.8583210706710815	0.9356898069381714	1.2346895933151245	0.06754355132579803	1.8322206735610962	-0.5607715845108032	0.7148443460464478	-0.47298508882522583	0.06306292861700058	0.375474214553833	-0.18322743475437164	0.08441893756389618	0.9918932914733887	0.016973057761788368
1.328976035118103	-0.1937340497970581	0.3106440305709839	0.23058365285396576	-1.0409986972808838	-0.3417722284793854	-2.7261650562286377	-1.3045110702514648	0.3780229091644287	-0.7018619179725647	0.9854480028152466	-1.5658013820648193	0.39333754777908325	-1.2795960903167725	0.5056326389312744	-1.230839490890503	0.018340928480029106	0.9633938074111938	0.1749282032251358	0.39849892258644104	-0.6424368619918823	0.5799942016601562	0.2361089587211609	-0.6506509780883789	-0.6585769057273865	-0.8543170094490051
0.933486819267273	-1.0450127124786377	-0.7948975563049316	-0.8715559244155884	-0.17682276666164398	1.4539141654968262	-0.11615294963121414	0.4287308156490326	0.8487300872802734	1.0639196634292603	0.5545443892478943	1.1244289875030518	-0.4313095211982727	1.7652416229248047	0.10028231889009476	0.062212295830249786	0.1977221965789795	-0.18753817677497864	-0.5224974751472473	0.5279102325439453	-0.03564652428030968	-0.23402389883995056	-0.2554759085178375	-0.17965874075889587	-0.5713460445404053	0.5812920331954956
0.2949032485485077	-0.26245900988578796	0.6678076386451721	-1.3856799602508545	-0.6601002216339111	-0.014063999988138676	-0.9024081826210022	-0.29126566648483276	0.8184155225753784	1.1855318546295166	-0.771044135093689	0.25436145067214966	-0.3191285729408264	0.04665305092930794	-0.5770388245582581	0.8573156595230103	1.5052708387374878	1.0717949867248535	1.8225176334381104	-0.4922788143157959	-0.7199516296386719	1.203669786453247	0.2045920342206955	2.0256693363189697	-0.43317270278930664	-1.110188364982605
0.844822883605957	0.26222655177116394	-2.1034963130950928	1.6476629972457886	0.35444915294647217	-0.004141106270253658	0.3165348768234253	0.472106397151947	1.7579717636108398	0.7521674633026123	-0.6503089666366577	0.5424702763557434	-0.9074509739875793	0.3527694642543793	-1.0642499923706055	2.1213538646698	-0.35740163922309875	-0.3841257095336914	0.47860774397850037	0.72832190990448	-0.34233197569847107	-0.9951229095458984	-1.4281790256500244	-2.199267625808716	-0.20039132237434387	-0.37402093410491943
-0.7172589898109436	-0.7323264479637146	0.9244220852851868	-0.8936991095542908	-0.9508987069129944	-0.35245785117149353	0.44448086619377136	1.5115729570388794	-0.8135945796966553	-2.1734542846679688	0.9334908127784729	-0.005253909155726433	0.8558523654937744	-1.1252621412277222	0.3496316373348236	1.2222596406936646	-0.25020307302474976	0.661531925201416	1.3197317123413086	-1.1879998445510864	-0.30231809616088867	0.11399315297603607	-0.3022519052028656	0.00038833956932649016	1.1091547012329102	-0.11944105476140976
0.3756166100502014	-1.5968555212020874	1.3788806200027466	-0.2228361964225769	1.8572287559509277	-0.21338404715061188	-1.6020833253860474	-1.3495934009552002	1.3018701076507568	0.2994891405105591	0.24341800808906555	0.7176783084869385	0.0420035757124424	0.35700032114982605	-1.5131019353866577	0.4509756565093994	1.1886066198349	-2.617927074432373	0.7873669862747192	-0.23792126774787903	-1.5643784999847412	0.422715425491333	-0.7184193134307861	-1.4759753942489624	-2.236130714416504	-1.04952073097229
0.7884853482246399	1.5390416383743286	-0.22489729523658752	-0.4622935354709625	-0.507552981376648	-1.8010472059249878	2.186378240585327	0.22039848566055298	0.23784790933132172	0.05509312450885773	1.4443211555480957	-0.3090750277042389	-0.21965239942073822	-0.6564832329750061	-0.25223881006240845	-0.7263187766075134	-0.5430887937545776	0.7720714211463928	0.13667802512645721	0.36195793747901917	0.31727978587150574	-1.4207416772842407	-0.7815182209014893	0.638822078704834	1.5279558897018433	0.5420231819152832
1.823696494102478	-0.22032515704631805	1.5768938064575195	-1.698037028312683	-0.8301725387573242	0.5543734431266785	0.6706069111824036	0.7047792077064514	1.1798515319824219	0.4343703091144562	0.14646387100219727	-0.7667964696884155	-0.8081503510475159	1.1256130933761597	0.5052926540374756	1.690005898475647	1.1229205131530762	0.02089327573776245	-0.01212337240576744	1.4191375970840454	-1.9517260789871216	1.7725447416305542	-0.5394570827484131	0.44833651185035706	1.1767405271530151	0.31941038370132446
-0.42353248596191406	-0.7184138894081116	-1.561360478401184	0.5386093258857727	-0.42553937435150146	0.87944096326828	0.5429252982139587	1.2106266021728516	0.9455808401107788	0.8171650171279907	0.19625531136989594	1.4040539264678955	-2.884796142578125	1.6017677783966064	-0.5629665851593018	-3.6144297122955322	0.07065122574567795	-0.13794785737991333	0.997283935546875	-0.36643630266189575	-0.26171478629112244	-0.7900851964950562	-0.29132115840911865	-0.31162357330322266	-0.8670668601989746	-0.07736533880233765
-0.7161587476730347	0.5752426385879517	-0.32784655690193176	-0.7043045163154602	-1.5265839099884033	0.2817646563053131	0.35067757964134216	-0.699558436870575	-0.06786426156759262	-0.2956436276435852	0.18612323701381683	-0.3051472306251526	-2.1772563457489014	-2.051480770111084	0.1997232735157013	1.6488982439041138	-0.10799889266490936	0.014441010542213917	1.5876359939575195	-0.35082751512527466	-0.00011495400394778699	-0.0005193957476876676	-0.603975236415863	0.5670191049575806	0.5966050624847412	-0.7106425762176514
1.079899549484253	-0.08108026534318924	0.6487223505973816	-1.8272120952606201	-1.487547755241394	0.4698585569858551	-0.5729239583015442	-1.7542071342468262	-0.018496129661798477	0.4700206220149994	0.6136419177055359	-0.5941182971000671	-0.19270597398281097	0.7655240297317505	-1.7626906633377075	1.589357852935791	0.698643684387207	0.3951626420021057	-0.48111435770988464	-0.9550939202308655	-0.8667199015617371	-1.6611870527267456	-0.9468872547149658	0.1825055181980133	-1.2577264308929443	0.9607188105583191
1.431112289428711	0.9431407451629639	0.28281182050704956	1.137353539466858	0.15794694423675537	2.0141491889953613	0.2887697219848633	-0.8048063516616821	-1.5017187595367432	-1.889489769935608	-1.3475319147109985	0.9387536644935608	-0.7628355026245117	0.4581121802330017	2.235544443130493	0.6161192655563354	0.0322762057185173	-0.9693349599838257	0.5205469131469727	0.7682992219924927	0.6845464706420898	2.8321471214294434	-0.15606608986854553	1.2887845039367676	-0.7448810338973999	-0.6032974720001221
1.95890474319458	0.6627362966537476	0.45975250005722046	1.1237341165542603	-0.17123979330062866	0.32056567072868347	-1.0681898593902588	-0.5309253334999084	1.1035031080245972	0.1105099469423294	0.17169435322284698	-0.9684974551200867	0.36308690905570984	1.2475954294204712	-0.19844815135002136	-1.3650587797164917	-0.6689088940620422	-0.2606256604194641	-0.22667518258094788	0.7009780406951904	-0.5041298270225525	-0.5244718790054321	-1.1658960580825806	0.5147237777709961	-1.1197246313095093	2.3086233139038086
0.6199486255645752	0.0680815726518631	0.1964309811592102	0.6293385028839111	0.7503120303153992	-0.7851801514625549	-0.7391384840011597	-0.07858751714229584	0.2589893043041229	-1.3756585121154785	-0.37929752469062805	-0.964070737361908	-0.017994381487369537	0.13906912505626678	-1.3291819095611572	0.21006321907043457	0.3171346187591553	0.3515865206718445	-1.101129412651062	-2.068154811859131	-0.601373016834259	0.7997860908508301	0.22060158848762512	0.14234133064746857	1.4468920230865479	1.079933524131775
-0.040694259107112885	-0.1894155740737915	0.040051914751529694	-0.9417875409126282	0.7213681936264038	-2.1340835094451904	-0.13753844797611237	-0.3263970613479614	-0.7417643666267395	-0.9304191470146179	0.6908318996429443	0.7574855089187622	2.1328680515289307	-0.1411997377872467	-0.8806120157241821	-1.2056645154953003	0.10206331312656403	-0.6739054918289185	0.11285322159528732	-1.738242268562317	-0.4396308660507202	-0.22253715991973877	-1.4345325231552124	0.3047139048576355	-0.8022041916847229	0.13769780099391937
0.7085075974464417	-0.6795856356620789	0.13380546867847443	2.1091856956481934	0.2997089922428131	-0.23349446058273315	-0.7589240074157715	0.5881901383399963	1.1795425415039062	0.33483654260635376	-0.7427111268043518	0.5700621008872986	-0.9620311856269836	0.6151638627052307	0.31468936800956726	-0.3558955192565918	0.053467102348804474	0.20992544293403625	-0.41384342312812805	-0.3342077434062958	0.4067710041999817	-0.07644044607877731	-1.0316898822784424	-2.3226873874664307	1.0067380666732788	-0.5878970623016357
-0.9111282825469971	0.004225333221256733	-0.9106971621513367	-0.11126722395420074	-1.187053918838501	0.7911433577537537	-0.17937014997005463	0.8818750977516174	-0.03160417824983597	-0.735409677028656	1.6193808317184448	-0.3545479476451874	0.9878690242767334	-0.05192113295197487	-0.09452270716428757	0.5257919430732727	0.5970863699913025	2.0860435962677	0.7029346823692322	0.5606852173805237	1.2481919527053833	-0.46445468068122864	-1.1483213901519775	1.5542703866958618	0.009189864620566368	1.0328694581985474
0.7633848786354065	0.758979320526123	-1.578954815864563	0.01296982355415821	-0.45878538489341736	-0.8897773027420044	-2.7546770572662354	1.2955400943756104	0.616618812084198	0.4545517861843109	-0.43015268445014954	-1.8765959739685059	-2.8938441276550293	0.9891250729560852	1.0137763023376465	-0.7488911747932434	0.5098255276679993	-0.3635205030441284	-0.08954941481351852	0.197562575340271	1.855810284614563	-0.20594847202301025	-0.886888861656189	1.6255906820297241	0.14390994608402252	-0.21180304884910583
-0.9134809374809265	-0.42275482416152954	-0.8453922867774963	-0.4402148425579071	-0.37259674072265625	1.0316928625106812	1.6673377752304077	0.6449782252311707	1.2836592197418213	0.48374873399734497	-0.3542092442512512	0.6135244965553284	-1.2740739583969116	0.2107415646314621	-1.2175201177597046	1.4730799198150635	-0.3943575322628021	1.0521445274353027	-0.5744412541389465	-0.910320520401001	0.3965757489204407	-1.7812761068344116	0.6937890648841858	0.5746954679489136	0.026768039911985397	0.8558979630470276
-0.1991608887910843	1.2484610080718994	1.0916277170181274	0.19425643980503082	-1.8150749206542969	0.5265015363693237	1.5685162544250488	-0.20643851161003113	0.9375879764556885	1.093868374824524	0.5145426392555237	0.24990889430046082	-0.0052621071226894855	-1.3592419624328613	1.358233094215393	0.7366424202919006	0.2384604811668396	-0.42697739601135254	-0.8604695796966553	-0.07937311381101608	0.08615326881408691	-0.5483043789863586	0.43720903992652893	1.2594741582870483	-0.16030250489711761	-0.16053970158100128
-0.04344279319047928	0.8672662377357483	1.8853093385696411	1.8631882667541504	-0.07455455511808395	2.3907313346862793	0.8401991128921509	-0.647500216960907	-1.6343247890472412	2.602632522583008	0.07574392110109329	-0.4080275893211365	0.8518112897872925	0.07590602338314056	-0.3662038743495941	1.0206859111785889	0.3103331923484802	-0.7460434436798096	-1.526843786239624	0.8561570048332214	-2.893490791320801	-0.506824791431427	-0.06768464297056198	0.25734028220176697	-0.6432303786277771	1.5985016822814941
-0.079111248254776	-0.4084145724773407	-0.2459123432636261	-1.6374526023864746	-1.2120832204818726	1.1874173879623413	0.3885039985179901	-0.4532991349697113	1.4208269119262695	-1.5728827714920044	0.8813509345054626	0.018508750945329666	0.6275856494903564	-1.1394038200378418	1.0733782052993774	1.037948489189148	-0.6287655234336853	0.40320104360580444	-0.4910799562931061	-0.9512295126914978	-0.5784079432487488	-1.656708836555481	-0.23186823725700378	0.11811140179634094	-2.1496620178222656	-0.35222679376602173
0.19860295951366425	0.7536738514900208	0.10896705836057663	3.200014114379883	1.8649452924728394	1.276867151260376	-0.24555079638957977	0.18503932654857635	1.6098052263259888	-0.244890034198761	0.037413958460092545	-1.5734806060791016	-1.7012124061584473	0.2736246585845947	2.5751819610595703	2.454960346221924	-0.21514944732189178	-0.4136810898780823	0.7378032803535461	-0.3035188615322113	0.5323699712753296	0.8315120935440063	1.6254699230194092	-1.341412901878357	2.5314676761627197	0.9473409652709961
-1.9092464447021484	-0.05284659191966057	-0.015577705577015877	-1.0237993001937866	-0.9691286087036133	2.1976120471954346	3.509687662124634	-0.9028956294059753	0.3153802752494812	1.3677667379379272	0.756702721118927	-1.2324416637420654	0.21207231283187866	0.19412070512771606	0.9029170274734497	-0.9318505525588989	1.3636561632156372	-0.6356431841850281	-1.7195972204208374	-1.4091662168502808	0.3237856328487396	-0.8967075943946838	0.8232489824295044	0.30036380887031555	-0.897476851940155	-0.8696978688240051
-0.3034478425979614	-0.3294035494327545	2.3333663940429688	-0.3875218629837036	-0.3986346125602722	-0.7637624144554138	-0.5436500906944275	0.9164589047431946	-0.1490957885980606	1.031418800354004	-1.0926976203918457	0.45385727286338806	-0.5836576223373413	0.3345201015472412	1.5636072158813477	0.03754904493689537	-1.8153269290924072	0.656760036945343	-0.10127091407775879	-0.45898422598838806	-1.5924737453460693	0.6813984513282776	0.0029628402553498745	-0.28757330775260925	-0.2524094581604004	0.7612736821174622
-0.05668617784976959	-0.09829561412334442	0.1282174438238144	-0.5090221166610718	1.8156083822250366	-0.2919055223464966	0.7248725295066833	0.06723692268133163	-0.5685621500015259	0.19582635164260864	-2.2357592582702637	0.7705081701278687	0.17245033383369446	-1.0230365991592407	0.15407437086105347	-0.6539334654808044	0.10702837258577347	2.430070400238037	-0.11219760775566101	-1.1395598649978638	-0.3151279389858246	-0.5405516624450684	-0.5760400295257568	-2.291473627090454	1.2688114643096924	-0.28642845153808594
-0.11171162873506546	1.1544100046157837	1.494120717048645	0.13345929980278015	-1.0659682750701904	0.9014986753463745	-1.3101470470428467	0.724779486656189	1.2794525623321533	0.584457516670227	1.4256956577301025	-0.8151417374610901	-0.07818206399679184	-0.03674071282148361	0.49771296977996826	-0.37125441431999207	0.644811749458313	1.2897156476974487	-1.1440322399139404	0.8202437162399292	1.3772858381271362	-0.6449837684631348	1.0845636129379272	0.8968615531921387	1.9577101469039917	1.4651844501495361
-0.12195328623056412	1.0615079402923584	0.3431529700756073	1.5319238901138306	-0.9304568767547607	-1.4811941385269165	0.9427727460861206	-1.1223070621490479	0.4919540286064148	2.117872476577759	-1.2326250076293945	2.6926863193511963	-0.9993698596954346	0.37890127301216125	0.4092821478843689	-0.7100217342376709	0.5126870274543762	-0.1272050142288208	-0.7988954782485962	-0.05658644065260887	-1.7508174180984497	0.2844635248184204	0.8301577568054199	-0.1102532371878624	1.2570911645889282	-0.18312789499759674
1.2608742713928223	-0.5750186443328857	0.018984176218509674	-0.2341521829366684	-0.06869387626647949	0.47312086820602417	-0.8104835152626038	1.704492449760437	1.4729722738265991	0.9131605625152588	-0.2745687961578369	-0.8416187763214111	1.751643419265747	0.5275388956069946	1.511013150215149	0.2774769365787506	-0.23468562960624695	-0.10993533581495285	-0.08324314653873444	-0.6009313464164734	0.5892353057861328	0.5033362507820129	0.3323761224746704	-0.34222716093063354	-2.1433703899383545	-1.8330321311950684
-0.4039555788040161	1.8729251623153687	0.23223961889743805	0.04770142212510109	-0.6250302195549011	0.14239145815372467	-1.454347014427185	0.13708551228046417	0.9869317412376404	1.3463916778564453	-1.1174516677856445	-0.9883371591567993	-0.7133761048316956	-1.5036402940750122	0.5012185573577881	0.009026682004332542	-0.21990925073623657	-0.3326585590839386	-0.7931707501411438	2.448115587234497	-0.6836022734642029	0.3147590756416321	0.3394868075847626	2.0510330200195312	0.8697572946548462	-0.4620317220687866
1.1454976797103882	0.677000105381012	0.38476693630218506	-1.1692664623260498	0.7081669569015503	-0.8551278710365295	1.4918192625045776	-0.5434480309486389	-0.5617882609367371	-1.792189121246338	0.26610222458839417	0.4039168357849121	1.1357793807983398	0.14792943000793457	-0.7862077951431274	0.7978925704956055	-0.09481728821992874	1.6781352758407593	-0.5316489338874817	-0.6838857531547546	1.0063490867614746	-1.4043827056884766	0.5812613368034363	0.9942300915718079	-0.6022230982780457	-0.0922476276755333
0.6640458106994629	0.11606323719024658	-0.05034877359867096	0.47091665863990784	0.5079721808433533	0.8899227976799011	-0.4512386620044708	-0.5076060891151428	-1.6920136213302612	-0.3623691201210022	-1.4796018600463867	-1.0183498859405518	-0.3164403736591339	-1.3320237398147583	0.19326482713222504	-0.43435999751091003	-1.1029964685440063	-0.19975702464580536	-0.06436613202095032	-0.30871525406837463	0.39728736877441406	-0.22923949360847473	-0.3678361177444458	-1.5063587427139282	-0.1715364307165146	1.397416591644287
0.6979580521583557	-0.6128388047218323	0.38582757115364075	0.08069897443056107	0.8346339464187622	-1.3313581943511963	-0.7192482352256775	2.1421685218811035	1.1735478639602661	0.05047079548239708	1.0757986307144165	0.11896075308322906	0.20092126727104187	-0.4164952337741852	1.676719307899475	-1.0285885334014893	1.216590404510498	-1.7158929109573364	0.2773512303829193	0.853714644908905	-1.6811357736587524	-0.9765037298202515	0.5214456915855408	1.2099568843841553	-0.40961605310440063	0.2576754093170166
-0.7208473086357117	-0.6274170875549316	0.5592363476753235	-2.888624668121338	-0.9931749701499939	0.7853825092315674	0.5851740837097168	1.1065983772277832	1.3573728799819946	1.8745379447937012	1.1725980043411255	0.12370912730693817	-0.5530184507369995	0.046082522720098495	0.423351526260376	-0.7470558285713196	1.5785127878189087	0.15073521435260773	-1.3178770542144775	-0.6586633324623108	-0.2243434488773346	0.9979663491249084	0.9079564809799194	-0.2005336731672287	-0.315152645111084	0.041548117995262146
-0.5217546224594116	-1.6498500108718872	-1.2028106451034546	0.4720157980918884	2.0132811069488525	-0.8606668710708618	-0.8244073987007141	-0.6305628418922424	-0.6865095496177673	-1.5798944234848022	-1.5580757856369019	-1.5838292837142944	-0.4070836007595062	-0.37440213561058044	1.7635165452957153	0.26819297671318054	-1.0211094617843628	1.0820984840393066	-0.5202920436859131	1.2490054368972778	1.034782886505127	0.5081931352615356	0.41879045963287354	0.7107588052749634	0.5586611032485962	1.1966302394866943
1.1224561929702759	0.6400904059410095	-1.682188868522644	1.636641502380371	-0.5307421684265137	0.374027281999588	0.1440950185060501	-0.4009072780609131	-0.25650444626808167	0.8062573075294495	1.1816458702087402	-0.44953903555870056	1.3957011699676514	-0.2670186758041382	1.2080055475234985	-0.5408119559288025	0.1991397738456726	-1.8870563507080078	-2.019117832183838	-0.5466282963752747	-0.9574874639511108	0.11965050548315048	1.240026593208313	0.2371024787425995	-0.5232942700386047	1.0129754543304443
2.0591206550598145	1.0515832901000977	-1.1878434419631958	-1.9751948118209839	1.0000276565551758	0.2834876775741577	1.209291934967041	-0.7752974629402161	-1.9753423929214478	-0.47041571140289307	-1.8801212310791016	-1.4958345890045166	-0.49639439582824707	0.04849858582019806	1.1136975288391113	-0.08129338920116425	-0.5575066208839417	-1.0175174474716187	0.46860069036483765	-0.46650972962379456	0.6002609133720398	0.9637413024902344	-0.9017115831375122	-0.18204031884670258	1.4100557565689087	-0.43000128865242004
-1.0330373048782349	-0.33811819553375244	1.1109886169433594	0.7958859801292419	-0.8652241826057434	0.9749547243118286	-1.8649486303329468	-0.2898520827293396	-1.0443321466445923	-1.239250898361206	0.7054182291030884	0.4269833564758301	0.25451523065567017	-0.6098514199256897	-0.18289224803447723	-0.7384589314460754	0.851405918598175	0.8138123154640198	-1.8232030868530273	-0.3193650245666504	-0.050201401114463806	1.3682786226272583	-0.14062702655792236	-0.44377514719963074	-1.5284754037857056	-1.3245058059692383
-0.6264593601226807	1.3132050037384033	-0.2896554172039032	-0.4585355520248413	-0.15918712317943573	-1.422714352607727	-1.654861330986023	1.6065576076507568	0.9214729070663452	1.360033392906189	0.31274351477622986	0.38088080286979675	-0.22092394530773163	-1.060939908027649	0.07706382125616074	0.5549030900001526	-0.13310812413692474	0.2590363323688507	0.561694324016571	0.004288516007363796	-1.0845606327056885	0.4238048493862152	-0.5901557803153992	-0.4137222170829773	-0.41617196798324585	1.5818228721618652
-0.0809921845793724	-0.5477650165557861	0.6990942358970642	-1.0266332626342773	1.4710429906845093	0.38146594166755676	0.5436565279960632	-0.32268816232681274	0.7008689045906067	-0.35999131202697754	0.8780863881111145	0.17032639682292938	-0.5855077505111694	-0.9826862215995789	0.24463202059268951	0.17321214079856873	-1.5661340951919556	-0.16645194590091705	-0.0861031636595726	-0.3290368616580963	-0.865850031375885	-0.4106995761394501	0.07139437645673752	0.7327961921691895	-1.6933929920196533	-0.47492843866348267
1.1075992584228516	0.6895816922187805	0.12383080273866653	-1.7870426177978516	-0.29733118414878845	0.6396874189376831	-0.4105299711227417	0.01753486506640911	-1.4331859350204468	1.0952814817428589	1.4506587982177734	-0.7002852559089661	-0.5381370782852173	-0.1288043111562729	0.00528204720467329	0.43683311343193054	0.3744065463542938	-1.7491117715835571	0.5548888444900513	0.36549562215805054	1.1806226968765259	-1.389488935470581	1.1932419538497925	1.0004429817199707	0.786953866481781	1.8955532312393188
0.49315792322158813	-1.5785735845565796	0.13346965610980988	1.2617013454437256	0.6468380093574524	-0.023562069982290268	0.7970792055130005	0.16360975801944733	0.4126587212085724	-0.804860532283783	-0.7488715052604675	-0.20213651657104492	-1.7325997352600098	1.0146256685256958	-0.42008453607559204	-0.30383026599884033	-0.039289094507694244	0.4930773377418518	0.8817718625068665	-0.6717092394828796	-1.0387153625488281	-0.3631010353565216	1.4979063272476196	0.08420273661613464	0.6982515454292297	0.9234002232551575
2.5743649005889893	-1.9791642427444458	0.4969947338104248	0.10493423044681549	-0.02348906733095646	-0.1969342678785324	0.04799680411815643	0.35857489705085754	0.06206689029932022	0.2749502658843994	1.3430765867233276	1.6696395874023438	-1.1235709190368652	-2.6072475910186768	-0.22760672867298126	-1.6513116359710693	-0.36081719398498535	-1.3444544076919556	0.1775912344455719	-0.6688998937606812	-1.6721575260162354	-0.6327446103096008	-0.7048978805541992	-1.1391633749008179	-0.18331825733184814	-1.5022389888763428
0.056512318551540375	-0.05330809950828552	0.9667367339134216	-0.7103145718574524	1.1832540035247803	-0.12540744245052338	-1.013415813446045	-0.29778051376342773	-0.7899033427238464	0.6750962138175964	-0.1672099381685257	-0.8503504395484924	0.6288697123527527	-0.4177064895629883	0.03762182220816612	-1.0439057350158691	-0.9991570711135864	1.4698550701141357	-0.5683804750442505	-0.30087244510650635	-0.038147713989019394	0.3736611604690552	-0.12783704698085785	0.5070505738258362	0.25198253989219666	0.7468281984329224
0.9335920214653015	0.9657337665557861	0.9527468085289001	-0.45962950587272644	0.8731692433357239	0.8185412287712097	-0.48593324422836304	0.8769278526306152	2.7845938205718994	-0.7689124345779419	-1.066763997077942	2.157209873199463	-0.3453626036643982	-0.1041577011346817	1.613950490951538	-1.0513521432876587	0.0013938781339675188	-1.4192090034484863	-2.41290545463562	0.8440260887145996	-0.3331160843372345	0.4298499524593353	0.6139386296272278	0.25295063853263855	0.49009034037590027	1.9689085483551025
1.827821969985962	0.09800837188959122	-0.60893315076828	-0.18886099755764008	0.3903214633464813	0.07048266381025314	-0.05868175998330116	0.826633632183075	0.5732342600822449	-2.638338565826416	-0.35390862822532654	-0.40185800194740295	-0.8470755815505981	0.5314323306083679	0.199399933218956	-0.1521778553724289	0.7026253342628479	-1.634604811668396	-1.1105011701583862	1.1772361993789673	0.8482056260108948	-0.7710520625114441	1.4806612730026245	0.44253039360046387	-0.1783013939857483	-0.7929461002349854
-2.335695505142212	0.43960532546043396	-1.6517387628555298	-0.4826825261116028	0.2262123078107834	0.03766652196645737	0.9174476265907288	-0.7236319184303284	0.795139491558075	0.7106558084487915	-0.6497618556022644	-1.8421459197998047	-2.457974672317505	0.05435284599661827	-0.6411760449409485	-0.055688172578811646	0.34730324149131775	-0.8296118974685669	-1.7988855838775635	0.7312201261520386	-0.6707949638366699	0.9405004382133484	-0.8374412655830383	-0.8930175304412842	0.39950963854789734	0.44957807660102844
-1.2406882047653198	-1.4748467206954956	-1.0184345245361328	0.026614734902977943	0.19511914253234863	-1.068453073501587	1.1982592344284058	0.624631941318512	-0.3845832347869873	0.05974019318819046	-1.123395323753357	-0.49058929085731506	-0.04315579682588577	-0.2654087245464325	1.208574891090393	-1.1215875148773193	-1.1015522480010986	0.16190819442272186	-0.6761645674705505	0.5576547384262085	2.0408880710601807	-0.1938575953245163	1.401911735534668	0.9206167459487915	0.5819161534309387	0.5868303775787354
-0.21747589111328125	-0.23598390817642212	1.2705129384994507	0.06532292068004608	1.880556344985962	-1.0188144445419312	-1.7307029962539673	-0.4024721086025238	0.2362789511680603	-1.066037893295288	-0.7134230732917786	1.9818940162658691	-0.26051759719848633	1.7475576400756836	-0.7318267822265625	-1.102640151977539	-2.4958465099334717	-0.5904894471168518	0.5762505531311035	-0.49979010224342346	0.026370977982878685	0.6906152367591858	-0.27799615263938904	1.037323236465454	0.5639476776123047	-0.7270264029502869
0.33537057042121887	-0.0578758530318737	-0.19487792253494263	1.1643550395965576	-1.531921148300171	-0.22989021241664886	1.0595428943634033	-0.22267864644527435	-0.6001720428466797	0.6437370777130127	-0.03605801612138748	0.5622780323028564	-0.11330393701791763	2.1241016387939453	-0.6916107535362244	1.3859254121780396	0.008092904463410378	0.9469470381736755	0.0013759398134425282	-0.6702010631561279	0.5175415277481079	-0.9476357102394104	-1.5958558320999146	-1.0615694522857666	-1.1269488334655762	-1.2422596216201782
1.6569377183914185	-0.4234200119972229	0.9515122771263123	-0.6168603897094727	-0.38651809096336365	0.5710851550102234	-0.20718123018741608	-0.10512710362672806	0.05263682082295418	-1.245422601699829	-0.8693512082099915	0.12540191411972046	0.256478875875473	-1.6868805885314941	-1.3752111196517944	1.0022048950195312	0.03847968205809593	-0.27123045921325684	-0.003399861743673682	0.8829379081726074	2.403230905532837	-1.7717723846435547	0.21206524968147278	-0.03179040923714638	0.14969760179519653	0.46992677450180054
0.0857749879360199	-0.39438143372535706	-0.45048898458480835	1.1281155347824097	-1.0664056539535522	-0.6059603691101074	0.2413528561592102	-0.4617581069469452	0.05800919234752655	-1.3445736169815063	-0.15749260783195496	-0.4530221223831177	0.019217997789382935	0.29526954889297485	1.7691576480865479	-1.9384547472000122	0.4549185037612915	0.515565037727356	1.0692983865737915	0.2470548301935196	-0.5253016948699951	0.49357372522354126	-1.3161122798919678	0.8249457478523254	-1.7333266735076904	-0.1970072239637375
-1.4410184621810913	0.6075428128242493	0.5011569261550903	-0.7773061394691467	-0.0709574893116951	-0.20994935929775238	0.28817176818847656	0.6445127725601196	0.884091854095459	-0.5209276676177979	-1.2250052690505981	1.3747272491455078	-0.779479444026947	1.312079906463623	-0.9959131479263306	0.301758736371994	-0.9205276966094971	-0.22065362334251404	0.06348420679569244	0.6012061238288879	-1.1336661577224731	0.1276949644088745	0.21474753320217133	0.48318803310394287	0.625074565410614	0.7837862372398376
-1.784598469734192	0.2942524552345276	1.0944401025772095	0.7387096881866455	-0.5283651351928711	-1.2544485330581665	0.48179131746292114	-0.7589506506919861	1.1516215801239014	0.18553166091442108	0.05876905098557472	-0.4077681303024292	-0.7162577509880066	1.0979939699172974	1.047860026359558	-0.5677888989448547	-0.12793390452861786	0.6331954598426819	-0.3768364489078522	-0.9605553150177002	-0.6235945224761963	-1.0193967819213867	-0.7357563972473145	-0.6458834409713745	-0.3403775990009308	-1.1389806270599365
0.3383007347583771	-0.7270032167434692	0.46410849690437317	-1.2051973342895508	-1.0567622184753418	0.0590469054877758	-0.7241512537002563	0.21926109492778778	-1.1724722385406494	1.1230683326721191	-0.4036959409713745	0.3141546845436096	-2.451215982437134	0.744143009185791	0.1436147689819336	1.8206450939178467	0.6722049117088318	-0.7661685943603516	0.0835646539926529	0.11045942455530167	-1.0582513809204102	0.952383279800415	-1.819879174232483	1.5249898433685303	0.6004554033279419	1.2613801956176758
-1.2932605743408203	1.0169724225997925	-0.1373734325170517	-0.057514939457178116	0.74155193567276	-0.2441287338733673	0.15369747579097748	-2.2908172607421875	1.9242604970932007	-0.426210880279541	-1.17686128616333	0.8479675054550171	-2.4002132415771484	-0.31429505348205566	0.8007543087005615	0.011311319656670094	-0.31101277470588684	-0.4816192388534546	-1.1924721002578735	0.2981398105621338	-1.8550825119018555	0.611985981464386	0.011634385213255882	-0.7995097637176514	0.20018602907657623	-0.5255925059318542
-0.9037072062492371	0.44951486587524414	1.151150107383728	0.6099154949188232	0.07482786476612091	1.6649949550628662	-1.3439851999282837	-0.4170081317424774	0.750001072883606	0.413911372423172	-0.8148189783096313	-0.7204263210296631	0.30128803849220276	0.8112922310829163	1.766454815864563	1.845538854598999	0.6414201855659485	0.09537845849990845	0.2834441363811493	-1.2059943675994873	-0.24176296591758728	1.5295389890670776	0.3615246117115021	-0.4510617256164551	-0.8628911972045898	0.6831361055374146
0.28053945302963257	1.6117621660232544	-0.37235575914382935	-0.632608950138092	-0.8212641477584839	0.03841022774577141	-0.6069687008857727	-0.2837483584880829	-0.21709299087524414	-0.005495904479175806	-0.045125048607587814	0.362893283367157	-1.074009656906128	-1.163347601890564	1.7344412803649902	-0.3427862524986267	0.5584591031074524	-0.6660021543502808	-0.14213353395462036	0.151321142911911	0.5240874290466309	-0.7800893187522888	0.1536322832107544	-0.3993670642375946	1.4078264236450195	-1.0196471214294434
0.4946003556251526	0.4725390374660492	0.42672303318977356	1.2516297101974487	0.6064972281455994	0.5613971948623657	0.6060096621513367	-0.7320756316184998	-1.5790027379989624	0.3326982855796814	-0.03643018379807472	-1.3597756624221802	0.3375333249568939	-1.9075571298599243	-1.5105198621749878	1.152215600013733	-0.8823518753051758	0.16063955426216125	0.8050945401191711	0.2854287922382355	-1.0494194030761719	-0.5327300429344177	0.018729282543063164	-2.2391276359558105	-0.0721011683344841	-2.061758041381836
0.9934162497520447	0.3715892732143402	-0.2892211377620697	2.253058433532715	-1.4352937936782837	0.3227676749229431	0.19405749440193176	1.569108247756958	0.11789906024932861	0.5596649646759033	-0.04748841002583504	0.3135377764701843	-1.040990948677063	0.4522596597671509	-0.9513105750083923	0.23687045276165009	0.7793622612953186	-0.09829262644052505	0.24687796831130981	-0.8470202684402466	0.14190147817134857	0.4968334138393402	-0.3196771740913391	-0.36195284128189087	-0.2786857485771179	-1.226560354232788
0.5465745329856873	-0.14524297416210175	-0.7521106600761414	1.0074830055236816	-0.6365611553192139	0.11163804680109024	1.0011117458343506	0.4602816104888916	0.3956892192363739	0.3622108995914459	1.120020866394043	0.4410008490085602	2.7720320224761963	0.43600285053253174	0.28799009323120117	-0.04022065922617912	-0.8992903232574463	-0.2793049216270447	0.7940341234207153	-0.10324364900588989	1.172495722770691	0.9361444711685181	-1.8788951635360718	1.2768794298171997	-0.30344700813293457	-0.9102335572242737
-1.5715502500534058	-1.082073450088501	0.5653151273727417	0.00150837074033916	0.983303427696228	0.573549747467041	-0.5580796003341675	-1.2040027379989624	0.36585885286331177	-0.7356094121932983	-0.16941209137439728	-0.030348513275384903	-1.5921121835708618	0.4344785809516907	0.5921084880828857	-0.07069171220064163	1.0090763568878174	0.3658566474914551	-0.1637965887784958	0.27179455757141113	-0.22470064461231232	1.9920257329940796	0.4614737033843994	0.14384250342845917	0.5483444929122925	0.9740025997161865
0.1893371045589447	1.418416142463684	-0.744374692440033	-0.913354754447937	0.9198404550552368	-0.19457924365997314	0.09409476071596146	-0.5357873439788818	-0.7717564702033997	-0.9295679926872253	1.6472737789154053	-0.12881487607955933	-0.3442733585834503	0.2707424461841583	-0.6485650539398193	-2.03436017036438	-0.15363088250160217	-0.9747902154922485	0.4780643880367279	1.5466501712799072	-0.35797539353370667	0.9088106155395508	-0.9473060369491577	-0.582450807094574	-0.6127145290374756	-0.15264892578125
0.4565946161746979	1.0438904762268066	1.2439111471176147	-0.6154806017875671	2.3346974849700928	1.3657890558242798	0.11954699456691742	-0.09979899227619171	-0.7314119338989258	0.1416514366865158	-0.2035442441701889	-1.6379978656768799	1.0637245178222656	-1.1814885139465332	-1.0507903099060059	0.39249199628829956	0.6738577485084534	-0.5850489735603333	1.273810863494873	-1.3318990468978882	-0.46671873331069946	0.9245139360427856	-1.4580013751983643	0.36064672470092773	0.936246395111084	0.18558479845523834
0.888460099697113	-0.7571824789047241	1.0357972383499146	-0.9854939579963684	0.6695802211761475	-1.1406419277191162	-0.8187137246131897	0.06158013269305229	-0.06881273537874222	1.7491159439086914	0.19688260555267334	-0.38659560680389404	0.16343975067138672	0.262465238571167	-1.1154011487960815	-0.6571066975593567	-0.2522658407688141	0.35599952936172485	0.11898226290941238	-0.27577170729637146	0.19840064644813538	-0.23522122204303741	0.7329884767532349	-1.3165901899337769	-0.08023373782634735	-0.2543067932128906
-0.9369825124740601	0.16565655171871185	0.0012272426392883062	-1.79798424243927	-0.9880765080451965	0.5677348971366882	-1.0777593851089478	0.43261978030204773	-0.1620008796453476	-0.2309405356645584	-1.3676645755767822	-0.9830626845359802	0.041246019303798676	2.168896436691284	1.3949555158615112	-1.07766592502594	0.7603151798248291	-1.5557537078857422	-0.2668936252593994	0.8608893156051636	-0.09460340440273285	0.3736797869205475	-0.4414325952529907	0.20675767958164215	1.0124893188476562	-0.8589116334915161
-1.2115943431854248	0.5636648535728455	-0.1447899043560028	0.526731014251709	-1.080211877822876	0.5784263610839844	-2.420093536376953	0.48597925901412964	-0.3455790877342224	0.6192501783370972	-0.2222249060869217	-0.018976543098688126	0.0018823751015588641	0.0883292406797409	0.19944199919700623	-0.4472595155239105	0.1615947186946869	-1.733458399772644	0.6456922888755798	-0.35930100083351135	1.2563953399658203	1.0841360092163086	0.5954844355583191	2.324324369430542	-2.127537488937378	0.7780102491378784
-0.8781715035438538	-1.467558741569519	1.049086093902588	-0.41394299268722534	1.2977699041366577	-0.29624029994010925	-0.09454936534166336	1.7288615703582764	-0.5418984889984131	-2.6279637813568115	0.8574494123458862	-0.5232664346694946	-0.6684976816177368	0.6015639305114746	-0.2330605685710907	0.5951882004737854	-0.45699480175971985	-1.106635332107544	-0.2806103825569153	-0.26374244689941406	-0.24758678674697876	0.48871877789497375	-0.8453338146209717	0.5765334963798523	0.1515665054321289	-0.4306966960430145
-0.8569930195808411	0.21547240018844604	-0.711519718170166	-0.33293697237968445	0.06491076946258545	-0.9842879772186279	-0.481884241104126	-0.23030918836593628	-0.3547605574131012	1.7721716165542603	0.7570559978485107	0.9484426975250244	1.0310654640197754	0.280388742685318	0.6777511239051819	-0.27886903285980225	-1.1454983949661255	-0.4403679370880127	-0.4913219213485718	0.5510992407798767	-0.3175678551197052	1.5854182243347168	0.2407282292842865	-0.9568524360656738	-0.709416389465332	0.1595247983932495
-0.034014564007520676	-0.13643670082092285	-0.21918725967407227	-1.6562607288360596	1.0473523139953613	-0.006008661352097988	0.9552780985832214	0.4006263017654419	0.08149338513612747	1.5315181016921997	1.47010338306427	0.05479571595788002	0.2566336393356323	1.2670581340789795	1.4573745727539062	-1.3509173393249512	1.6504971981048584	0.019011273980140686	-0.1156809851527214	1.794476866722107	-1.1869844198226929	1.733463168144226	2.1435487270355225	0.5591736435890198	0.6443911194801331	0.8818557858467102
0.05612664669752121	0.42210790514945984	0.5485150814056396	-1.0653581619262695	-1.0605136156082153	0.7550414204597473	0.0807752013206482	0.10483349859714508	-0.0872645303606987	-1.2517598867416382	0.9140369892120361	1.9385275840759277	-0.31170374155044556	-0.37708160281181335	-1.3398733139038086	-0.0177543256431818	0.03979703038930893	0.9295499920845032	0.04823567345738411	1.9762885570526123	-0.19568991661071777	-0.9467310309410095	0.002195187145844102	2.093744993209839	0.7591477632522583	0.9757779240608215
-0.47764548659324646	0.1475905328989029	-0.45930179953575134	0.5329678058624268	0.48106858134269714	3.1397979259490967	-0.8590283989906311	0.9770110249519348	1.190900206565857	0.7154239416122437	-0.9432587027549744	1.860829472541809	0.5923876166343689	0.10711174458265305	-0.1853352040052414	-0.8288315534591675	-1.1353198289871216	0.02012808993458748	0.6491249799728394	1.6373569965362549	0.35766279697418213	-0.6310999989509583	1.5615746974945068	-0.04600295051932335	0.1261819750070572	0.29459652304649353
0.8636595010757446	0.9211831092834473	-0.019475461915135384	-1.3682280778884888	0.7647437453269958	0.3921576738357544	-1.197007179260254	0.5012333989143372	-0.5863479971885681	0.45692208409309387	0.029677286744117737	1.223748803138733	-1.5030567646026611	1.5787063837051392	-0.9806564450263977	1.8456940650939941	0.6495155692100525	-0.14485642313957214	0.6877937316894531	0.7586405873298645	-0.6463466286659241	-0.87312912940979	0.5178449153900146	-0.789381206035614	0.30459171533584595	-0.13563469052314758
-0.801899254322052	-0.7424936890602112	-1.5346189737319946	-1.36775803565979	-0.27374526858329773	1.1437638998031616	-1.5200037956237793	-0.23067884147167206	-0.9898137450218201	1.3649088144302368	-0.05194390192627907	-1.3300042152404785	2.524111747741699	-2.294391393661499	0.9461986422538757	0.4022347033023834	1.235318899154663	-1.2995796203613281	-2.0537192821502686	0.5229799747467041	-0.733915388584137	-0.19496917724609375	1.1405333280563354	-0.017093634232878685	2.1411266326904297	0.7287737727165222
0.975041389465332	1.4364140033721924	-0.5178232192993164	0.9753352403640747	-0.1990583837032318	1.464511752128601	0.7512883543968201	-0.0530078299343586	0.030791370198130608	0.1971428394317627	0.30014997720718384	0.037311043590307236	0.8302357792854309	0.3065004050731659	-0.07033062726259232	0.80994713306427	0.6482628583908081	1.3623775243759155	-1.3777092695236206	-0.38788411021232605	1.2882314920425415	-1.434157133102417	0.4094082713127136	0.32514074444770813	-0.02565111592411995	-0.8681442737579346
-0.2698706090450287	-1.1024301052093506	-0.5115692019462585	0.23251241445541382	0.04676854982972145	0.6112052798271179	-1.680723786354065	-1.4338932037353516	-1.2108315229415894	-0.3069167137145996	1.733690857887268	1.7081660032272339	-0.3095170259475708	0.1740179806947708	-1.463833212852478	-0.522016704082489	-0.4282989203929901	0.36766862869262695	-0.21520079672336578	-0.3774277865886688	-0.1187666803598404	-0.7627339959144592	-2.1097443103790283	-0.4568788409233093	0.921215832233429	0.19084571301937103
1.1178902387619019	-1.486897587776184	0.18355143070220947	0.7436872720718384	0.37711215019226074	0.49289581179618835	-0.6391187906265259	-0.6049866676330566	-0.38614803552627563	-0.7911383509635925	-2.668001413345337	-0.2633933424949646	-1.5322225093841553	0.3799970746040344	-2.1071157455444336	-0.24698889255523682	-1.015738844871521	0.8671355843544006	2.34881329536438	1.5785034894943237	0.40889522433280945	0.1495634764432907	-0.9808459281921387	-0.4690934717655182	-1.043105125427246	0.0499936118721962
-0.5276873111724854	-0.8000338673591614	0.565279483795166	0.7310613393783569	0.4109576642513275	1.1182372570037842	-0.6234195828437805	-0.2254171520471573	-0.3519259989261627	-0.9933651089668274	-0.25785696506500244	-0.909889280796051	0.23533672094345093	-0.1561187505722046	1.3416556119918823	0.9563095569610596	-1.1002492904663086	-1.9219141006469727	0.37413570284843445	0.31079694628715515	-0.6062198877334595	-1.2597519159317017	-0.16972872614860535	0.34942546486854553	-0.049045778810977936	-0.34296324849128723
-1.602010726928711	0.814611554145813	1.9472343921661377	0.8234700560569763	-0.2541486322879791	3.001936912536621	-2.369595766067505	-0.18466438353061676	-1.1525627374649048	0.16988936066627502	0.8845628499984741	-1.258641004562378	0.9120014309883118	0.9823020100593567	-0.11998069286346436	0.12411480396986008	0.1354021430015564	0.003742445958778262	-0.6519604325294495	-0.5489593148231506	-0.22546255588531494	-0.4950723350048065	0.39292505383491516	0.10494443029165268	1.7378307580947876	-0.349984735250473
0.28299084305763245	0.3328190743923187	-1.31562340259552	0.44390273094177246	-0.12375963479280472	-1.8295820951461792	0.3101770877838135	1.6059768199920654	1.2242627143859863	0.9269444942474365	1.4778859615325928	1.6174060106277466	-0.6476466059684753	0.2616748809814453	0.6447692513465881	1.810317039489746	-1.3100897073745728	0.16277843713760376	-0.6841657161712646	-0.34865665435791016	1.4299943447113037	-0.12569379806518555	-0.7193399667739868	-1.0867340564727783	0.9341016411781311	-1.314489483833313
-0.297554612159729	2.1070938110351562	-0.034204501658678055	2.3492181301116943	-0.10101065784692764	1.3893606662750244	0.3435923159122467	-0.8028651475906372	0.6184070110321045	-2.052201747894287	-0.10701269656419754	-1.9736040830612183	0.6312927603721619	-0.33694571256637573	0.5948023796081543	0.636231005191803	-1.572295904159546	2.142214059829712	-0.28052693605422974	0.4525918960571289	1.213792324066162	-0.8642609715461731	1.5688449144363403	0.5145576000213623	-1.8818247318267822	-1.7001246213912964
0.13789381086826324	0.8464391827583313	-0.544731855392456	-0.011413779109716415	-0.22223547101020813	-0.892600953578949	-0.12126553803682327	-0.19893057644367218	-0.7691373825073242	1.8620303869247437	-0.9869235754013062	-0.181043803691864	0.9550759792327881	1.2069144248962402	0.47216182947158813	-0.9430525898933411	0.7263665199279785	-1.2013332843780518	-0.9142695069313049	0.36505749821662903	0.8875640630722046	0.28003716468811035	0.23400866985321045	1.2869089841842651	1.3405091762542725	-1.5625735521316528
-2.109485149383545	0.39204898476600647	1.1469050645828247	-0.28385868668556213	1.4348320960998535	-0.5099191069602966	0.502926766872406	0.9186439514160156	-1.420012354850769	2.164721965789795	1.49563729763031	-1.3089141845703125	0.11210896074771881	-0.4959603548049927	0.8055025935173035	1.8357720375061035	-0.7193565368652344	-0.8123892545700073	1.5879098176956177	1.600135087966919	-0.036652885377407074	0.4017908573150635	0.21492545306682587	1.2801933288574219	-0.02136913314461708	0.7137739062309265
0.07417948544025421	-1.7677868604660034	-0.06941568106412888	0.7321240901947021	-0.5905498266220093	-1.3355424404144287	-0.544670045375824	0.634436309337616	-0.11932933330535889	1.3608574867248535	-0.5753114223480225	-0.7849614024162292	0.40929344296455383	-1.0943799018859863	-1.7706376314163208	0.642851710319519	0.9513792395591736	-0.004656362812966108	0.5510812401771545	1.6755244731903076	0.42916184663772583	0.6738125681877136	1.5350245237350464	-0.09875846654176712	0.013602578081190586	-0.3548918068408966
-0.13926838338375092	1.1098626852035522	-0.3121657967567444	0.6191407442092896	0.30091479420661926	0.19121229648590088	2.1170458793640137	-0.05458365008234978	1.4035871028900146	-0.3988212049007416	-0.48794546723365784	1.346932053565979	-0.24463827908039093	-0.5650769472122192	0.9571067094802856	-0.3073674738407135	0.002788142766803503	0.25912708044052124	1.086550235748291	-0.17300117015838623	1.277985692024231	-0.6367873549461365	-0.2364479899406433	0.04193679243326187	0.2039634734392166	-1.9445064067840576
0.7449473142623901	0.023275109007954597	-0.7334080338478088	-0.7178832292556763	-0.3203877806663513	-0.47049859166145325	-0.41772472858428955	1.2494831085205078	-1.1625772714614868	-0.5749267935752869	0.0813099667429924	-1.2289929389953613	0.5314092636108398	-1.0518414974212646	0.519207775592804	0.18616680800914764	0.9836031198501587	0.7905600070953369	-0.8676894903182983	0.011584373190999031	0.5589398741722107	-0.9686947464942932	0.8285878896713257	0.026365671306848526	-1.0842088460922241	1.1382664442062378
0.2706332206726074	0.01196234580129385	1.2429139614105225	-0.3033909201622009	-0.8365844488143921	0.29917269945144653	0.08089114725589752	-0.5136115550994873	-0.9037773609161377	-0.7371120452880859	0.5901322960853577	0.48691871762275696	-0.7939521670341492	-1.3204960823059082	1.7972192764282227	2.0919735431671143	-0.3080633580684662	0.15759864449501038	-0.5131576061248779	-0.45682889223098755	-0.46156302094459534	-0.27096936106681824	0.1321331113576889	-0.15274858474731445	2.081238031387329	-0.46128278970718384
0.8086540699005127	-0.047955915331840515	0.29960060119628906	0.818302571773529	-0.7261258363723755	1.1287643909454346	0.5928316712379456	-0.02169501595199108	-0.5020974278450012	-0.8926442861557007	0.5942473411560059	-0.9177273511886597	-0.4879527688026428	-0.9218938946723938	1.1029099225997925	0.24711747467517853	0.43926456570625305	-0.7366965413093567	-2.5052032470703125	1.4515262842178345	-0.5739200711250305	-0.1359708309173584	-0.8941574692726135	-0.33906838297843933	0.22925786674022675	-0.9739552736282349
-0.8332517743110657	-1.206098198890686	-0.5928140878677368	-0.5788891315460205	-0.6998670697212219	-0.774716317653656	0.5821265578269958	1.932393193244934	0.9398007392883301	1.0324008464813232	0.12869791686534882	0.7783846259117126	0.11609847843647003	0.9329466819763184	-0.06889244168996811	0.07653836905956268	-0.23688605427742004	-0.3898947536945343	-0.40114477276802063	0.6233289241790771	0.1669445037841797	-0.5719070434570312	-0.5420947074890137	-2.771216630935669	-1.2727642059326172	0.06760991364717484
-0.9803869724273682	1.7188184261322021	-0.1848827600479126	-0.9598092436790466	-0.32880502939224243	-1.311750054359436	-0.18448008596897125	-1.1372573375701904	-0.5232609510421753	-0.8881986141204834	-2.6700949668884277	0.6574641466140747	0.013894270174205303	0.6750777363777161	0.9474034309387207	-0.37861520051956177	0.5905134677886963	1.0515402555465698	-1.5703157186508179	-0.9697777628898621	1.7086575031280518	0.23929201066493988	1.8651372194290161	0.09968393296003342	-0.9291384816169739	0.8721413612365723
0.0043550352565944195	1.2194830179214478	1.058486819267273	-1.4088630676269531	-0.2414296418428421	0.7132554650306702	1.1117339134216309	1.9763668775558472	0.5136740803718567	-0.7240273952484131	1.6194020509719849	0.5770448446273804	-0.06398830562829971	-0.019931351765990257	0.674999475479126	-0.033634960651397705	-1.0538101196289062	0.35370171070098877	1.151085615158081	0.3459414541721344	-1.5115269422531128	0.5489546060562134	0.2865859270095825	1.4379913806915283	-0.054753489792346954	-0.3946908712387085
-1.7191388607025146	0.4146965742111206	-1.3805618286132812	0.08939703553915024	1.9370412826538086	1.7878464460372925	-0.1046731099486351	-2.1974339485168457	-1.3908947706222534	0.5035357475280762	-0.9009624719619751	-0.22579552233219147	2.175795793533325	1.4911072254180908	0.42636045813560486	-1.207258939743042	0.6817758679389954	1.0014417171478271	-0.1342659741640091	1.9405604600906372	-0.19756025075912476	0.33661824464797974	0.35142582654953003	2.1323189735412598	-0.38276854157447815	-0.8816736936569214
-1.8675779104232788	-0.4734729826450348	0.3012459874153137	0.04473156854510307	-0.6599920988082886	1.0321463346481323	-0.8870669603347778	-1.9361943006515503	0.3292433023452759	1.0002201795578003	1.5511894226074219	-2.202988624572754	1.1436874866485596	0.2069227546453476	1.5512632131576538	0.6774492263793945	-0.8213738203048706	0.16314247250556946	0.8138980865478516	-0.9181134104728699	-0.5140967965126038	-2.6195592880249023	-0.017163610085844994	-0.6928727626800537	1.4953744411468506	-0.5326969027519226
0.5710496306419373	0.841865599155426	-1.2848211526870728	0.17757482826709747	-0.0665946751832962	-1.1083177328109741	-1.3837450742721558	-0.6404271721839905	-0.6510985493659973	-1.056994080543518	-0.16022762656211853	-0.38050153851509094	-0.6226409673690796	-0.8370233774185181	0.3694526255130768	-1.454002857208252	0.5889731049537659	-0.920102059841156	-0.21675746142864227	-1.387791633605957	-0.07780998200178146	-2.174914836883545	0.6709217429161072	0.0005103216390125453	-0.5825300812721252	-1.1025753021240234
0.0035580929834395647	1.14693021774292	-0.5755327939987183	-0.5634148120880127	0.10250556468963623	0.1255597323179245	-0.66521817445755	-0.748690128326416	0.899100124835968	-0.6934163570404053	2.592440366744995	0.6510037779808044	-0.6234282851219177	-0.9703250527381897	-0.8857470750808716	-0.3815736174583435	-1.5884813070297241	0.787489652633667	0.9533796906471252	-0.32049113512039185	0.03480875864624977	1.3109917640686035	-0.1094699501991272	-0.658707320690155	1.7348673343658447	-1.4963597059249878
-0.06275852769613266	-1.2169121503829956	1.3196465969085693	-0.850355863571167	-1.9822622537612915	1.9979928731918335	-2.146435022354126	0.1471247375011444	0.6033393144607544	-0.8668279051780701	0.4487249553203583	-0.6963451504707336	-0.32828012108802795	-0.3845125436782837	-0.24416585266590118	-0.4270520508289337	-1.4366443157196045	0.4112274646759033	-1.094039797782898	0.4109509587287903	-1.2161470651626587	-0.7759135365486145	0.019187811762094498	0.7831600904464722	-0.4813815653324127	0.2742097079753876
-1.097872018814087	-0.06420978158712387	2.0232951641082764	-0.43278294801712036	-1.0877975225448608	1.2253483533859253	0.38937753438949585	0.35086411237716675	-1.1393533945083618	-0.07746055722236633	1.778186559677124	-0.5628954768180847	-0.751408040523529	-0.1423574686050415	0.030560795217752457	-1.6056954860687256	0.23686343431472778	1.0279446840286255	1.2533296346664429	-0.715305745601654	1.2152854204177856	-0.27593085169792175	-0.30301105976104736	-0.5083631277084351	-1.7359492778778076	0.6978057622909546
-0.108320452272892	-1.4763283729553223	0.32595300674438477	-0.46507224440574646	-0.4159979820251465	-0.12290706485509872	-1.9491158723831177	-1.5061535835266113	-0.44988328218460083	-0.05993712693452835	0.1551893800497055	-0.26030802726745605	0.3656257688999176	-0.5498121976852417	0.6954604387283325	1.4426780939102173	1.9139297008514404	0.7991623878479004	-0.22797968983650208	-0.4680788516998291	0.12284194678068161	1.1917872428894043	0.14299288392066956	-0.01755857653915882	-0.16685456037521362	1.4627526998519897
0.15240128338336945	-1.2588732242584229	0.2667407989501953	0.6665919423103333	-1.0092257261276245	0.010712389834225178	-2.206249237060547	0.8113448023796082	-1.0810048580169678	1.2003384828567505	1.6128309965133667	0.2686806619167328	-1.2466953992843628	-0.03317135199904442	0.24856145679950714	-0.4645070731639862	0.21869462728500366	0.21402275562286377	0.27049899101257324	-0.07595106214284897	0.21795058250427246	0.16497264802455902	-0.2740708291530609	-0.5004421472549438	1.8552255630493164	0.7181061506271362
-1.258755087852478	-1.0013219118118286	-0.26956066489219666	-0.25246283411979675	-2.558455228805542	-0.6089326739311218	-0.28418537974357605	-0.22865116596221924	-0.257526695728302	1.0790354013442993	0.004699115641415119	0.31147560477256775	-0.0009473717072978616	-0.07824690639972687	0.30344855785369873	-1.199738621711731	0.27876177430152893	0.3359510898590088	2.0557944774627686	-1.5453895330429077	-0.2070903778076172	0.12913957238197327	1.1497523784637451	-0.1927054226398468	0.8227866888046265	0.39993882179260254
