-0.42264848947525024	1.2756696939468384	-1.233723759651184	-0.7172492742538452	0.2191637009382248	-0.8611716032028198	2.144545793533325	-1.383359432220459	1.8707619905471802	1.4193938970565796	-0.3570542633533478	-0.9460355639457703	-1.4250284433364868	-1.1756501197814941	-1.4928362369537354	0.04999487102031708	-1.6208380460739136	-1.4318374395370483	-1.899184226989746	0.31392696499824524	0.8928623795509338	-0.33254626393318176	3.342524290084839	-0.012796171009540558	0.9174827337265015	-0.4409404993057251
-1.0052576065063477	-0.00012005637108813971	0.547774076461792	-0.5613484382629395	0.822163999080658	2.1654000282287598	0.343109130859375	-0.7622092962265015	-0.661670982837677	1.4784691333770752	-0.4877548813819885	1.6325323581695557	-0.11930739879608154	0.8467645049095154	0.3412461280822754	-1.0997458696365356	0.0960492342710495	0.38347136974334717	-0.4018317461013794	0.6983139514923096	0.23477143049240112	0.017076535150408745	0.7948834300041199	1.0257893800735474	0.32143035531044006	-0.4228919446468353
1.6270767450332642	-0.5181601643562317	-1.0315935611724854	-0.778455376625061	-2.269333600997925	-1.4066948890686035	0.29282620549201965	0.23628149926662445	-0.8587735891342163	-0.25435397028923035	0.8900488615036011	-1.959072470664978	1.358608603477478	1.1248842477798462	0.06079190596938133	1.184903621673584	0.6997708678245544	0.06925911456346512	-0.4569763243198395	-0.011364702135324478	2.3369219303131104	-0.24516882002353668	-0.6452835202217102	-2.1857235431671143	0.7659805417060852	1.3276007175445557
-0.754111647605896	0.8987711071968079	-0.2061116248369217	-0.8414182662963867	-0.4653483033180237	1.648891568183899	0.45376721024513245	-0.0011955820955336094	-0.4882524609565735	1.137015461921692	-1.2775391340255737	0.19381700456142426	-0.39912912249565125	0.2695043385028839	1.1182187795639038	-0.08398476243019104	-0.0016517791664227843	0.2513570189476013	0.5088069438934326	1.5330779552459717	0.3858461081981659	0.8042409420013428	-1.5552417039871216	-0.7677233815193176	-0.644746720790863	-1.3472431898117065
-0.026852751150727272	-0.8373267650604248	0.5540162920951843	-3.121656894683838	0.26688575744628906	1.2089383602142334	1.535171389579773	-0.09486044198274612	-1.7031865119934082	1.7283881902694702	0.9100661873817444	-0.9224812984466553	0.6095888018608093	-0.7969046235084534	0.39228206872940063	-0.6735804080963135	-0.0857418030500412	0.06726057827472687	-0.9541525840759277	-0.1517474502325058	0.40732526779174805	1.0518662929534912	0.2153262197971344	1.0058356523513794	0.6407099962234497	-0.6869240403175354
-0.17136485874652863	0.8675938248634338	-0.0028225542046129704	-0.6486803889274597	0.7720345258712769	0.7670838236808777	0.6476860642433167	-0.13697092235088348	-2.1680338382720947	1.3893674612045288	0.13885679841041565	-1.4504263401031494	0.49955078959465027	-0.8147687315940857	-0.2658468186855316	-0.03323102369904518	-0.4146091639995575	-0.15914085507392883	-0.09501725435256958	1.0208165645599365	-2.028844118118286	-0.1527009904384613	-0.6987950801849365	0.21653962135314941	0.1765684336423874	1.0933998823165894
0.03108558990061283	-0.38595300912857056	-0.7512266635894775	-1.1589833498001099	-0.8939866423606873	0.12114685028791428	-0.35727033019065857	-0.26657259464263916	0.12836962938308716	-1.448751449584961	-1.5280402898788452	0.5543347001075745	0.317647784948349	0.1991630345582962	0.827430009841919	0.3826253414154053	0.4291197657585144	-0.20618677139282227	2.082775354385376	0.5293867588043213	-0.3307342827320099	0.8059905171394348	0.18424980342388153	1.1357958316802979	1.3257328271865845	0.7623977661132812
1.3728220462799072	-1.407048225402832	0.5833799839019775	0.6705509424209595	-0.13077138364315033	-1.6568009853363037	-1.5019782781600952	0.20330853760242462	0.5720138549804688	-0.9607610106468201	-1.1082569360733032	-0.45071035623550415	-0.5567646026611328	0.3614538311958313	0.17513932287693024	1.778131127357483	-0.45777323842048645	-1.2556071281433105	0.40251314640045166	-2.763732433319092	0.6740134954452515	0.6995406746864319	0.3723220229148865	-0.32892486453056335	-0.345917671918869	-0.9982074499130249
0.15550357103347778	-0.599025547504425	1.5035368204116821	0.6243948936462402	-0.43350303173065186	0.6108729243278503	0.4891371726989746	0.8814626336097717	-0.09297920018434525	-1.0453630685806274	-0.3352965712547302	-0.34807083010673523	-0.14030610024929047	0.023022253066301346	-2.265533208847046	0.8439328074455261	0.054461605846881866	-0.6281839609146118	0.3503084182739258	-0.9593350291252136	0.21482238173484802	1.5364385843276978	-0.7069078683853149	1.1022088527679443	-0.09580567479133606	1.8196567296981812
0.33326905965805054	-0.995246946811676	1.1548997163772583	-0.23947295546531677	0.7332116961479187	-1.6013412475585938	-0.1528504639863968	-0.6532279253005981	0.42947548627853394	0.4764796793460846	-0.7662681937217712	-0.754118800163269	-0.9285244941711426	2.23707914352417	1.265181541442871	-0.3355552554130554	0.9417149424552917	0.21689675748348236	1.0100922584533691	0.5473169088363647	-0.11073028296232224	0.37089720368385315	1.1461095809936523	-2.8363447189331055	0.012669532559812069	1.3033638000488281
0.3180301785469055	-1.2863178253173828	-0.1383882313966751	0.556648850440979	0.3079138994216919	-1.635326623916626	0.36472320556640625	1.0348707437515259	-0.12956517934799194	-0.7140573263168335	-0.7169817686080933	0.4241505265235901	-0.6642212271690369	0.4838927686214447	0.8201735019683838	0.09754291921854019	1.6789278984069824	-0.853983461856842	0.06204073131084442	0.3561137616634369	0.38056617975234985	1.466803789138794	-1.713267207145691	0.12396296113729477	1.1597611904144287	-0.2466868907213211
0.7462412714958191	0.9179711937904358	-1.2177653312683105	0.39754605293273926	1.2706812620162964	-1.0237740278244019	1.2400010824203491	0.7483825087547302	0.4688247740268707	-2.137239456176758	-0.5262897610664368	-1.42574143409729	-0.23396383225917816	-0.5245515704154968	0.18761023879051208	1.3094415664672852	0.6734894514083862	0.9766768217086792	0.5188697576522827	-0.08371806144714355	-1.2416770458221436	1.1424270868301392	-1.3793556690216064	-0.20533613860607147	1.1785048246383667	0.47608304023742676
-0.2508322298526764	2.8229219913482666	0.7146798372268677	0.42950358986854553	-0.6293573975563049	-0.9353348612785339	0.09282857924699783	0.6402289271354675	0.995979905128479	0.8677429556846619	1.0211689472198486	0.22058993577957153	0.8892233371734619	0.9058982729911804	0.6933377385139465	-0.6504983305931091	1.3750945329666138	-0.06623360514640808	-0.2826553285121918	0.38557425141334534	1.2061853408813477	-1.0199378728866577	-0.5919330716133118	-0.7587688565254211	0.4225922226905823	0.09140708297491074
0.5423566102981567	0.024228524416685104	-2.751396417617798	0.8651229739189148	0.5093593001365662	-0.6963939666748047	-1.1872223615646362	0.4443749785423279	-0.12328848242759705	-1.439365267753601	0.7102328538894653	-2.0332353115081787	0.23657333850860596	-0.06823690980672836	-1.0193469524383545	0.13813838362693787	-1.7366611957550049	0.05898917093873024	-0.20372259616851807	0.2429504096508026	-0.6853305101394653	0.6098964214324951	-0.5382881760597229	-0.5551982522010803	-1.2389601469039917	-0.7422809600830078
0.6168103218078613	0.12862873077392578	-0.014045489951968193	0.1343928426504135	1.0855919122695923	1.79875648021698	-0.06515002250671387	0.5046003460884094	0.5376293063163757	-1.0035845041275024	0.9981905817985535	1.4912172555923462	0.3152172267436981	1.8182060718536377	1.7788060903549194	0.4426431655883789	-1.8157533407211304	0.5748908519744873	0.29050925374031067	-0.7357723712921143	0.19098494946956635	0.7056058645248413	-1.336366057395935	0.09555859863758087	-0.545301079750061	0.5737150311470032
0.6031842231750488	-0.03775591403245926	-0.11404861509799957	0.30147624015808105	1.7855092287063599	-2.172532796859741	-1.0401948690414429	-0.3397141993045807	1.245459794998169	-1.5986794233322144	0.513934314250946	-0.5452101230621338	-0.6638467907905579	-0.46614378690719604	-0.17216596007347107	-1.793870449066162	-0.18674571812152863	0.5084389448165894	1.610956072807312	-0.08668112754821777	0.6729466319084167	-1.8352972269058228	0.22009414434432983	-0.8191491961479187	-0.11724855750799179	0.1700134426355362
0.6908520460128784	-0.10369843244552612	-2.731618881225586	0.906398594379425	-0.3477986752986908	-0.44180116057395935	-0.9369745850563049	0.06799490749835968	0.8897383213043213	0.8925699591636658	-0.7782602906227112	-0.39200302958488464	-1.7231988906860352	1.8123226165771484	0.601370632648468	0.03243710473179817	0.9992280006408691	0.1044495701789856	0.3249861001968384	0.20101182162761688	1.1051695346832275	0.580119788646698	-0.03854823485016823	1.0027137994766235	-0.7328370809555054	0.4896931052207947
0.304627388715744	-1.3112081289291382	0.2325519472360611	-0.7840222716331482	-0.8928647041320801	-0.9321241974830627	0.6728957295417786	0.5003625750541687	-0.5268515944480896	0.7986486554145813	-1.405901312828064	-0.186756893992424	-0.4582904577255249	-1.054456353187561	3.4423840045928955	0.3608192503452301	0.667382001876831	0.18646547198295593	0.28213703632354736	-0.5292305946350098	0.26518651843070984	1.3778793811798096	1.1973084211349487	-0.7412682175636292	-0.5800104141235352	-0.16264210641384125
0.5588026642799377	-0.26459285616874695	0.6520823240280151	2.0276129245758057	0.30358749628067017	-0.16690397262573242	0.022394727915525436	1.6073580980300903	0.29793792963027954	0.27667897939682007	-0.8239432573318481	0.5088297128677368	-0.14658671617507935	0.6821188926696777	-1.3309530019760132	-1.210965633392334	1.5092058181762695	-0.48237472772598267	0.6869462728500366	-0.7900868654251099	1.3971062898635864	-0.1386914998292923	-0.19184580445289612	1.6233330965042114	0.5625338554382324	-0.8087005615234375
1.2892630100250244	-0.28860390186309814	-0.09357409179210663	-2.1947641372680664	1.6085444688796997	0.6133139729499817	-0.7107763886451721	-0.43358075618743896	-1.4524317979812622	0.49409377574920654	-0.5887444019317627	0.8999797105789185	-1.4761192798614502	0.6058335304260254	2.2743964195251465	0.9910294413566589	1.120671033859253	0.10709278285503387	0.7339891195297241	-2.471576690673828	1.46021568775177	1.1347918510437012	-1.968144178390503	-1.3102408647537231	1.5650928020477295	-0.4160729944705963
1.0665578842163086	-0.7761619091033936	-1.1732497215270996	0.19379565119743347	0.7014879584312439	-0.6726784706115723	1.5298540592193604	0.639125406742096	2.3205626010894775	1.0994828939437866	-1.3387727737426758	1.1686437129974365	0.9912874102592468	1.0246477127075195	-0.8559049963951111	2.0361719131469727	-1.874136209487915	0.6848025321960449	1.1259849071502686	0.5152319073677063	-0.05684276670217514	-0.48713570833206177	1.2296099662780762	0.669428288936615	-0.8021136522293091	-1.5118930339813232
1.3370741605758667	2.4993374347686768	-0.9846575856208801	-1.2547166347503662	-1.1346391439437866	-0.623745322227478	0.9894411563873291	-0.3366766571998596	0.9519282579421997	-0.25479742884635925	0.3172674775123596	0.44835445284843445	-0.008023606613278389	-0.6650193929672241	-0.8197816014289856	0.4571223556995392	-1.1275233030319214	0.680700957775116	0.08444595336914062	0.5672304034233093	1.7080150842666626	0.360086590051651	2.4983363151550293	-1.4143257141113281	-0.33548665046691895	-1.9180948734283447
1.5748422145843506	-0.7144020795822144	-0.7018260359764099	0.6206484436988831	0.7435013055801392	-0.12268878519535065	-1.7515891790390015	0.25994428992271423	-0.8021512627601624	-0.007699321489781141	1.0177581310272217	0.6649665832519531	0.7307778000831604	1.5370604991912842	2.3189857006073	-0.6731880903244019	-0.1419198364019394	-0.9242096543312073	0.3764179050922394	-0.5137174129486084	0.34293410181999207	-0.3896069824695587	0.8342977166175842	0.15466664731502533	1.2700756788253784	-0.08234188705682755
1.5507400035858154	1.5077166557312012	-1.041745901107788	0.14392049610614777	-0.4633985757827759	-1.826823353767395	-1.0467541217803955	0.9444290399551392	-1.6818594932556152	1.5810569524765015	-0.11535491049289703	0.5147407054901123	-0.10367652028799057	-0.3531716465950012	2.4233851432800293	-0.6034353375434875	-0.9134310483932495	-0.5942686796188354	-0.47084134817123413	-0.4343233108520508	-0.3516479432582855	0.16878023743629456	0.6868618130683899	-0.4797235131263733	0.24693892896175385	1.0845530033111572
-0.7209406495094299	-0.1969127506017685	0.356404572725296	0.11493106931447983	0.9793132543563843	1.1353847980499268	-0.8439916372299194	0.9471768140792847	0.450142502784729	-1.805681586265564	0.2243098020553589	0.5548654198646545	-1.6703873872756958	1.537415623664856	0.09463441371917725	-0.1468580812215805	1.4223514795303345	-1.5043970346450806	0.36745980381965637	1.0689412355422974	0.20429019629955292	-0.3273187279701233	0.7338369488716125	-0.11178810894489288	-0.4002252221107483	-0.7260642647743225
-0.266722708940506	-0.44848376512527466	-0.9747429490089417	-0.026337426155805588	0.540655255317688	1.5295147895812988	0.365183025598526	0.18896783888339996	-1.1465495824813843	-0.7417199611663818	-0.732618510723114	0.1616370528936386	-0.907198965549469	0.1028861403465271	-0.747144341468811	0.0049873399548232555	0.4675476551055908	1.9514460563659668	1.4980933666229248	-0.3505217730998993	-1.6436761617660522	0.963365375995636	0.03655828908085823	0.4109732508659363	0.3465369939804077	0.8857530951499939
-0.018777765333652496	-0.050045549869537354	-0.6665065884590149	-0.2511309087276459	0.7622976303100586	-0.38846150040626526	0.09536542743444443	0.28767630457878113	0.3118564486503601	-0.40611863136291504	1.4481571912765503	1.4447665214538574	-0.9991875290870667	-0.7597905397415161	0.9971795678138733	0.34418827295303345	-0.2007867395877838	-0.4527413547039032	0.05533779412508011	0.43286827206611633	0.6852965950965881	1.1336979866027832	0.6750386953353882	0.6690824627876282	2.3756067752838135	1.2033406496047974
-1.0506139993667603	1.368421196937561	0.9118404984474182	0.6423022150993347	-1.2851980924606323	0.3521954119205475	0.8786454796791077	-0.15519022941589355	0.17483241856098175	-0.7591420412063599	-0.2656038999557495	-1.601125717163086	-0.3387540876865387	0.4316658079624176	-0.4469924569129944	-0.8676473498344421	1.0491725206375122	2.5766706466674805	-0.5451778769493103	0.3730786442756653	0.7052518129348755	-2.5722904205322266	-1.8452731370925903	1.4645934104919434	-0.7843402028083801	-0.02621283009648323
0.3717290759086609	-0.5281873345375061	-0.9518401622772217	-0.8588561415672302	1.1635044813156128	0.1868804395198822	-0.12256116420030594	0.7017279863357544	0.20149581134319305	0.3745952546596527	-0.37829917669296265	-0.5923883318901062	-2.5765397548675537	1.4477076530456543	-0.26624947786331177	1.1763907670974731	0.34340280294418335	2.4324841499328613	-0.8538501262664795	-0.11074158549308777	-0.5851247906684875	-1.4605650901794434	0.5704508423805237	-0.597072422504425	0.1423269510269165	0.199564591050148
-0.8553675413131714	0.45564839243888855	-0.2877641022205353	0.035974856466054916	0.31375399231910706	-0.2046370953321457	1.85932457447052	1.0571413040161133	1.4838353395462036	1.2278573513031006	-0.8170346021652222	0.9811055064201355	1.246881365776062	-1.1018704175949097	1.3690769672393799	1.110588788986206	-1.4887875318527222	-0.89546138048172	-0.6816583871841431	-1.6924831867218018	0.683824360370636	1.1489657163619995	-1.0809099674224854	1.8231223821640015	0.19564862549304962	0.21426621079444885
1.0358506441116333	0.5469586253166199	0.29370081424713135	0.4205983877182007	0.2025209367275238	2.4575624465942383	-0.09258617460727692	-0.4016093909740448	-1.023941159248352	-0.09418846666812897	0.10008127242326736	-0.565558910369873	1.3975058794021606	-2.4365599155426025	-0.6189522743225098	0.9320232272148132	-0.21295076608657837	-1.1848797798156738	0.9242052435874939	0.14841219782829285	0.13353495299816132	0.2493928223848343	-1.4650684595108032	-1.0683614015579224	-0.4328305125236511	2.6701951026916504
-1.5771416425704956	0.31150731444358826	-0.1362895965576172	-0.7645177841186523	1.3169258832931519	0.29657673835754395	0.7084847688674927	0.06318862736225128	-1.9786278009414673	0.8685896992683411	2.0797786712646484	-0.2394149899482727	0.9886959791183472	-1.318894386291504	-0.8682346940040588	0.5806732177734375	0.6523790955543518	-1.249515414237976	-0.8240601420402527	1.813522219657898	0.3277728259563446	0.6795039176940918	0.5384904742240906	0.26156970858573914	-0.5952546000480652	-0.5282591581344604
0.10590998083353043	-0.1880817860364914	1.3399330377578735	0.013679098337888718	1.6750755310058594	1.3786566257476807	-0.7433368563652039	0.40357697010040283	0.6258776187896729	-0.789205014705658	0.5830044150352478	0.18645358085632324	-0.3261699080467224	1.0210297107696533	-0.1494002491235733	-1.8592405319213867	1.673717737197876	1.577372431755066	0.8850351572036743	1.3729692697525024	-0.7010425329208374	-1.5149123668670654	-1.5465664863586426	0.7331581115722656	-0.6371434926986694	1.1057754755020142
1.7445663213729858	1.7870806455612183	0.040192414075136185	0.7659043669700623	0.9833396673202515	-0.5946786403656006	0.9607611298561096	0.3318583369255066	1.002923846244812	-0.5913296937942505	0.2396950125694275	0.6652582883834839	-1.3726481199264526	-1.1524100303649902	2.202552556991577	0.3972007632255554	-0.30067965388298035	-1.7568409442901611	-1.7175463438034058	-0.69704270362854	1.6939795017242432	0.8000147938728333	-1.22942316532135	0.4054257571697235	-0.14434832334518433	-0.4243791997432709
0.5182914137840271	-1.316717267036438	-0.8371490836143494	0.002746681682765484	1.3894274234771729	0.757121205329895	-1.5209393501281738	0.4504239559173584	-0.18895429372787476	-0.18582592904567719	-0.5306075215339661	-2.4203708171844482	-0.7125896215438843	-0.17902053892612457	-0.8679159879684448	-0.09075883775949478	1.0905715227127075	0.4824060797691345	1.4431630373001099	-1.8289453983306885	-0.6952395439147949	-0.49344784021377563	-0.05316052958369255	-0.7700046300888062	-0.005992578342556953	1.0749537944793701
1.9130159616470337	0.6359545588493347	-0.2692633867263794	1.1814688444137573	-0.8206467032432556	-0.16762681305408478	0.07051178067922592	0.5274333953857422	2.5020790100097656	-0.31677812337875366	0.36218780279159546	-0.31162387132644653	0.7844852805137634	-1.2498053312301636	-0.8691210746765137	-0.7603582739830017	-0.4828096330165863	-0.6292018294334412	-0.8054928183555603	-0.492152601480484	1.20671808719635	0.01634758897125721	-1.3107682466506958	1.3744018077850342	-1.0071111917495728	-0.17953552305698395
0.48600178956985474	0.2447887361049652	-0.37461256980895996	-0.3130120635032654	-0.5359945297241211	0.906640350818634	-1.119737982749939	-0.8326321840286255	-0.4093990623950958	-0.5971447825431824	-0.38098371028900146	0.03979728743433952	-0.4457045793533325	-0.05564934387803078	-1.6579312086105347	0.4467947781085968	-0.1207907646894455	-0.34447914361953735	0.758033037185669	-0.6498484015464783	-0.9210218787193298	-1.0301779508590698	1.452789068222046	1.9056849479675293	0.024191778153181076	-1.3496625423431396
-0.6340394616127014	1.6756153106689453	0.3707208037376404	-0.25875306129455566	1.3567558526992798	0.2842501997947693	-0.7886991500854492	-1.0362845659255981	0.7886830568313599	-0.2767789363861084	0.8766027092933655	0.28382107615470886	-0.7498420476913452	-0.7126775979995728	2.508653163909912	-0.3946205675601959	0.2645728588104248	0.5305103063583374	-0.5864371657371521	0.9376102089881897	0.6334726214408875	0.32273542881011963	-0.8519698977470398	0.5239779353141785	1.203645944595337	0.3906691372394562
0.20031854510307312	-1.8701584339141846	-0.2868768870830536	0.42547765374183655	-1.6562306880950928	0.610938310623169	0.639184832572937	0.4522817134857178	1.7333977222442627	1.154571294784546	-1.10708749294281	1.5129804611206055	-1.2210369110107422	-1.9752455949783325	-0.5918185114860535	-0.13169442117214203	0.8117443323135376	0.8927366137504578	0.7445128560066223	-0.6632448434829712	-0.2781156003475189	1.053511381149292	-0.08144080638885498	-0.8610545992851257	1.3145265579223633	0.6177948117256165
-0.07073088735342026	-0.057878341525793076	1.4938870668411255	-0.7939767837524414	-1.0816266536712646	-0.253151535987854	2.129673957824707	-0.36925312876701355	0.7298271059989929	-1.720452904701233	-0.3436645567417145	-1.169776201248169	0.756476640701294	1.7351480722427368	-0.5449761748313904	-0.4149633049964905	0.5680994987487793	0.7902187705039978	0.6950420141220093	-0.19742922484874725	-0.16031531989574432	0.8701029419898987	-0.6556040644645691	-1.303292155265808	0.521679699420929	-0.6716861724853516
-0.764499843120575	-0.9792606234550476	-0.8648197650909424	-0.174601212143898	0.4398975968360901	-0.36430221796035767	-0.5728228092193604	0.6779724359512329	1.5560814142227173	1.2096141576766968	-0.21004925668239594	-0.4456435441970825	-0.46232014894485474	-2.5245864391326904	0.7661930918693542	0.1588032841682434	-0.314240038394928	-0.614055871963501	1.5606528520584106	-0.5315430164337158	0.5802264213562012	-0.7822147607803345	0.9002636671066284	0.42785677313804626	-0.17188456654548645	-1.3945709466934204
-1.1712281703948975	-0.6980403065681458	-1.1340270042419434	0.2311604768037796	-1.8434971570968628	1.1332144737243652	0.9925172328948975	0.7419535517692566	0.6486741304397583	0.5005112886428833	-0.862497866153717	0.6284390091896057	-0.49222296476364136	1.067841649055481	-0.3411713242530823	0.39940884709358215	-1.7218528985977173	1.2638309001922607	1.9356679916381836	0.3328871428966522	-0.23925615847110748	0.33213552832603455	-0.48023027181625366	-1.0946394205093384	1.1351897716522217	1.353869915008545
-1.0825949907302856	-0.7478575706481934	1.4144659042358398	1.2975448369979858	-0.0842430368065834	-1.9626541137695312	-1.175492763519287	0.38743314146995544	-0.9082638621330261	1.4526349306106567	-0.3701847791671753	-0.2887450158596039	-0.3367904722690582	0.5435541272163391	-0.6361164450645447	0.06443674862384796	1.3125149011611938	0.8001177906990051	0.08903784304857254	-0.5288576483726501	-0.0862695649266243	-0.586473822593689	1.7708806991577148	0.503594160079956	-0.10296251624822617	0.07063034921884537
0.590420126914978	-0.651727557182312	-0.6516068577766418	-0.3514705300331116	-1.169907569885254	0.9966422319412231	-0.34372392296791077	-0.07152381539344788	0.9822434186935425	0.1969314068555832	-0.5110516548156738	-1.5175426006317139	-0.44259247183799744	-0.667070209980011	0.09597218036651611	0.1109863892197609	-0.3873944580554962	-0.9446355700492859	-1.4611999988555908	-0.09603094309568405	-0.09378580003976822	1.0545876026153564	1.5314209461212158	1.0391672849655151	1.9697755575180054	0.4902244210243225
-0.35930177569389343	0.09052571654319763	0.15398810803890228	0.34272873401641846	0.8618369102478027	0.4017221927642822	0.6679219603538513	0.6544557809829712	-2.0368494987487793	-0.2213488668203354	0.3774063289165497	-0.08709127455949783	0.872241199016571	-0.2561957538127899	-0.008032100275158882	-0.4675144553184509	-0.7850160598754883	0.9661555290222168	0.6641555428504944	0.3131311535835266	-2.266519784927368	0.8037299513816833	-1.1570378541946411	1.3091198205947876	-0.5299652814865112	0.0650814101099968
0.8494256138801575	0.5630253553390503	-1.1192470788955688	-0.028954438865184784	-1.5682648420333862	0.7656794190406799	1.122207522392273	0.3929923474788666	-1.3458298444747925	-0.8660861253738403	2.1084375381469727	0.9039456248283386	-0.47023576498031616	1.6923292875289917	-1.3577799797058105	1.1784690618515015	1.8117926120758057	-0.9010810852050781	0.49831607937812805	-0.9011507630348206	1.280590295791626	0.3578413724899292	0.15414489805698395	1.7481672763824463	0.4953853189945221	1.1051390171051025
-2.3028674125671387	-0.9342353940010071	0.4214327037334442	0.428050696849823	0.4919339716434479	0.28711381554603577	-0.5280486345291138	0.2678791880607605	0.6505678296089172	-0.3252658247947693	0.7772555947303772	-0.005448812618851662	2.053201198577881	-0.022613786160945892	-1.383800983428955	0.777472972869873	-1.3627665042877197	-0.3805675804615021	0.28876012563705444	-0.4552873373031616	1.1386609077453613	-1.7612053155899048	-0.5683693885803223	-0.0035085068084299564	-1.0647789239883423	-1.1594887971878052
-1.4094970226287842	0.12713950872421265	0.8488839268684387	-0.14174394309520721	0.009241141378879547	-0.17042577266693115	-0.48775625228881836	2.7018227577209473	-0.3151165544986725	-1.8391180038452148	0.28265416622161865	-1.474177360534668	-0.3805120289325714	0.13314583897590637	-1.3141852617263794	-0.14710845053195953	0.38920164108276367	-1.119213581085205	1.4547669887542725	-0.945736825466156	1.2638670206069946	1.6111068725585938	0.3969365060329437	0.3678497076034546	-2.465365171432495	0.48726028203964233
0.819858968257904	-0.989978551864624	-0.9985066652297974	-1.0248103141784668	-0.16337209939956665	1.1108053922653198	0.3972800374031067	0.3498333990573883	0.1989394575357437	2.9008679389953613	-1.7105424404144287	0.7905356884002686	0.9545849561691284	-1.7980324029922485	0.3531631827354431	-1.2084879875183105	-0.07838992774486542	0.24425116181373596	0.9665368795394897	-0.058927640318870544	-0.36699801683425903	-0.7535553574562073	-0.5426074862480164	-0.31828927993774414	0.49479904770851135	0.607482373714447
-1.7552038431167603	-0.16668666899204254	0.5804696679115295	0.14529064297676086	-1.4262518882751465	-1.2063037157058716	1.7051095962524414	0.8205109238624573	1.4826709032058716	-0.9274787306785583	-0.5776682496070862	-0.8217782378196716	0.32039451599121094	0.32080844044685364	-1.1761044263839722	0.9674593806266785	0.636286735534668	2.098170757293701	0.324641615152359	0.5629999041557312	0.8285107016563416	-0.6506874561309814	-1.2182518243789673	2.174119234085083	0.05688374117016792	-1.2853784561157227
1.457897424697876	-1.4362406730651855	-0.019093161448836327	1.0355545282363892	0.22766081988811493	-1.7209283113479614	-0.4083874821662903	-0.5763146281242371	0.8747473359107971	-0.06095180660486221	-0.49936121702194214	-0.9480825066566467	-0.3723757863044739	-1.3094511032104492	-1.9750696420669556	-0.08130311965942383	1.3507120609283447	0.9473595023155212	0.9242455959320068	-0.2499266266822815	-0.3069233298301697	0.3240789771080017	0.7785471677780151	-0.10468891263008118	0.6953617334365845	-0.04845580831170082
0.046366263180971146	-0.07847326993942261	0.7674114108085632	0.16649621725082397	1.1112698316574097	0.1475255787372589	0.09199400246143341	-1.3509929180145264	0.431501179933548	-0.5312216281890869	0.15663303434848785	-0.1525302231311798	0.2519068121910095	-0.5711030960083008	-0.2489406317472458	-1.6509060859680176	0.990381121635437	-0.904370129108429	0.8397871255874634	-0.8819007277488708	-0.7671598792076111	-0.9948254823684692	0.3103870451450348	-1.7526861429214478	0.21581138670444489	0.192938894033432
1.0353734493255615	-0.7477773427963257	-1.9032498598098755	-1.2436439990997314	0.6041704416275024	1.8170443773269653	-0.7731652855873108	0.5927578806877136	0.2846314311027527	-0.4873826503753662	-0.809739887714386	-1.628432035446167	0.08845695853233337	1.4912728071212769	-1.198535442352295	0.08132463693618774	1.8296314477920532	0.6475583910942078	-0.2515924572944641	-0.08401024341583252	-0.1469915360212326	0.8104440569877625	0.17744658887386322	2.308824300765991	0.7293828129768372	0.0037171500734984875
0.7041575312614441	-0.38024473190307617	-0.9523221850395203	2.534491777420044	-0.8895457983016968	0.5878568887710571	-1.068217158317566	0.9826602935791016	-0.954200804233551	-1.3412007093429565	0.385538250207901	0.6959916353225708	1.3870205879211426	-0.7062413692474365	0.4711734354496002	-1.311941146850586	-1.5107260942459106	1.936484932899475	0.9836078882217407	0.6784761548042297	-0.7891499996185303	-0.07583147287368774	0.7411739230155945	0.3862307667732239	-0.47347292304039	0.2697179317474365
1.7610496282577515	0.011798295192420483	-0.8116331100463867	-0.236992746591568	-1.2977361679077148	-0.5018914937973022	-0.6886659860610962	-0.8969764113426208	-0.1660490781068802	-1.3122098445892334	0.6961590647697449	-1.2097722291946411	-0.3788875341415405	0.8379348516464233	-1.6731395721435547	-0.3099656105041504	-1.9521331787109375	1.6640805006027222	-1.067049264907837	0.6929848194122314	-1.7832881212234497	0.18868756294250488	0.7733007669448853	1.0012151002883911	0.975183367729187	1.9367238283157349
1.0671162605285645	1.6471748352050781	0.8280546069145203	0.1483725756406784	0.0751078724861145	0.14977115392684937	-0.8426696062088013	0.5952207446098328	-1.2800877094268799	-0.926066517829895	-0.19546766579151154	-0.5808151364326477	0.5658891201019287	-0.1639081984758377	0.6436017155647278	-0.6383998990058899	0.8489753007888794	0.22900353372097015	-0.07164102047681808	-1.591820240020752	-0.23703092336654663	-0.5539456009864807	-1.0367552042007446	-0.7256389260292053	0.8080340027809143	-1.7452380657196045
0.6389689445495605	-1.0659615993499756	1.2445286512374878	0.7057989239692688	0.024805083870887756	-0.8483090996742249	0.7879904508590698	0.8367853164672852	-0.9043461680412292	0.6489511132240295	0.8019473552703857	1.469181776046753	0.6260362267494202	-1.3368386030197144	1.3163251876831055	0.128513902425766	0.7580434083938599	-0.17147496342658997	0.3425453305244446	2.2647197246551514	0.6203333139419556	-0.3080832064151764	-0.4251958429813385	-0.6983293294906616	0.031017914414405823	-0.7598499059677124
-0.3740394413471222	-1.1466805934906006	-0.6445092558860779	-0.18945902585983276	0.2082275003194809	0.1801549196243286	0.3352174460887909	0.47556301951408386	0.35057827830314636	-0.5762560963630676	-0.20194727182388306	-0.8444267511367798	-0.5754609107971191	2.0646049976348877	-0.4923526346683502	-0.48570337891578674	0.4797073304653168	0.7674608826637268	0.8023674488067627	0.5157262682914734	0.8410206437110901	0.5470618605613708	-0.9912434220314026	-0.2851693630218506	-0.14980833232402802	-0.4282568693161011
0.46426957845687866	-1.2236772775650024	-0.03748773783445358	-0.3862389922142029	-0.5275142788887024	0.07687702775001526	2.4936001300811768	-0.38017892837524414	1.4244734048843384	-0.6395224928855896	0.34019386768341064	1.8334522247314453	0.47216796875	0.012488463893532753	1.238987922668457	0.3197900354862213	0.35309889912605286	0.752596378326416	1.0318772792816162	-0.45370909571647644	1.014656901359558	0.34063026309013367	-1.1002901792526245	-0.08649986982345581	-0.4288271367549896	0.887078583240509
1.5573583841323853	0.17660553753376007	1.759746789932251	0.17371687293052673	-0.2846328616142273	-1.0779975652694702	1.633954644203186	0.32258668541908264	-0.5768406987190247	0.594642162322998	1.0014479160308838	0.2512870132923126	0.380472332239151	0.2636833190917969	-0.46456199884414673	1.0881246328353882	0.10144765675067902	0.6395685076713562	1.7666727304458618	0.8479591012001038	1.2902071475982666	0.03480939194560051	-1.098989486694336	-0.6430357098579407	0.2661632299423218	1.2974815368652344
-0.435724675655365	-1.7124159336090088	0.16564232110977173	-0.5313589572906494	0.978940486907959	-0.10476389527320862	0.1641899049282074	1.3708019256591797	0.2807844281196594	-1.287031888961792	0.60242760181427	1.1981087923049927	-0.7053813338279724	-0.2886376976966858	0.5496628880500793	3.1144959926605225	0.266541987657547	0.048270903527736664	0.48304224014282227	-0.3573434352874756	-0.3170279264450073	-1.501721978187561	-0.5430753231048584	0.3318752944469452	-0.08724136650562286	-0.7974334955215454
1.7359479665756226	0.5401977300643921	0.7159321904182434	0.4237070381641388	-0.546999990940094	0.21556462347507477	0.7998051047325134	1.191036581993103	-0.6830374002456665	-1.2206755876541138	0.00037378291017375886	-2.031341075897217	-0.8274165987968445	1.3115571737289429	-2.530024528503418	0.3440486192703247	-1.1445780992507935	2.9708075523376465	-0.14009332656860352	-0.11252626031637192	-2.01725172996521	-3.7550926208496094	1.1153794527053833	0.594741702079773	-0.4327082931995392	0.31139278411865234
-1.4047274589538574	1.1022132635116577	-0.7187382578849792	-0.18753060698509216	-0.5052015781402588	-0.5148274302482605	-1.544789433479309	-1.2673659324645996	-0.6698983311653137	0.9412447214126587	-0.9776413440704346	-0.09008856117725372	0.01980738155543804	-0.9482002854347229	0.2933952510356903	-0.9679887890815735	-1.422116994857788	0.5276415348052979	0.6617951989173889	-0.0027881478890776634	2.8495535850524902	0.46808895468711853	-1.1057449579238892	0.18804241716861725	1.6368839740753174	-0.13686932623386383
0.8663697838783264	-1.5749309062957764	0.0923193022608757	0.6575762629508972	0.7981941103935242	0.5422278046607971	0.6131525039672852	-0.8406611084938049	0.4445960819721222	0.482551634311676	0.09169522672891617	2.3710153102874756	1.0586230754852295	-1.2858119010925293	1.7130534648895264	0.6083702445030212	0.5028407573699951	-0.8707283139228821	-0.729432225227356	0.18055051565170288	-0.747683584690094	-0.7291628122329712	1.236939787864685	-1.4685767889022827	-2.414391279220581	-0.9490525722503662
1.3358075618743896	1.6230601072311401	-1.7245261669158936	-1.8292696475982666	-1.1333595514297485	-0.5887017846107483	2.1483731269836426	1.7713953256607056	-1.6354641914367676	-0.5257489681243896	-0.9722884893417358	-1.4674168825149536	0.6790127158164978	-0.21826884150505066	-0.5950204730033875	-0.47108641266822815	-2.204949140548706	0.1667652577161789	0.465305358171463	0.8959569334983826	-1.7130730152130127	-0.5781951546669006	-0.011936093680560589	1.0475795269012451	-0.7371506690979004	0.45969831943511963
-1.2820755243301392	0.8263223767280579	0.2958599030971527	-0.046926937997341156	0.3502143919467926	-0.2716465890407562	-1.0049594640731812	-1.0617220401763916	0.15467624366283417	-0.39513343572616577	0.2849913537502289	0.2942557632923126	-1.2313944101333618	0.6570903062820435	-1.5091397762298584	-0.5678527355194092	-0.5006320476531982	-0.3257683217525482	0.11261902749538422	0.4158204197883606	-1.0529245138168335	0.05594218149781227	0.392077773809433	-1.044506311416626	0.6532284021377563	0.27303454279899597
-0.47799739241600037	1.0293165445327759	-1.0408397912979126	-1.0104202032089233	-0.782367467880249	0.5180923938751221	-1.241902232170105	-0.9638854265213013	-0.6309043765068054	0.8106645345687866	0.631726861000061	-1.652500867843628	1.8994011878967285	0.46032118797302246	0.8655816316604614	-0.05822040140628815	-0.38572797179222107	0.21870878338813782	-1.102557897567749	-0.362819105386734	-0.1031481996178627	0.5437185764312744	0.32720911502838135	0.2814037501811981	0.054060522466897964	-0.5635443925857544
1.1207859516143799	1.9446802139282227	-0.45467278361320496	-1.0343927145004272	-1.674983263015747	-2.2833306789398193	1.542473554611206	-0.4460735023021698	0.24494655430316925	0.4443736970424652	0.5526083707809448	-2.244844436645508	-0.08087363839149475	-1.089388132095337	-2.3747706413269043	-1.3202000856399536	-0.9045220613479614	-2.0451273918151855	-0.1943148374557495	-1.8281785249710083	0.3070087432861328	-1.7741543054580688	-1.2872333526611328	-0.025075023993849754	1.5598074197769165	1.2922970056533813
0.34087857604026794	1.2870652675628662	-1.0167877674102783	-0.8204976916313171	-0.19587145745754242	1.4425225257873535	-0.9454600811004639	-1.0408262014389038	-0.010615847073495388	0.918158769607544	0.0925666093826294	-0.2207784205675125	1.0902143716812134	-0.5621255040168762	-0.0071299197152256966	-0.23984180390834808	2.419365644454956	0.1941898912191391	-0.5050383806228638	-0.805048942565918	0.24156050384044647	-0.2835182249546051	0.11431341618299484	0.9178595542907715	-0.2535451352596283	-1.3643481731414795
0.46344149112701416	0.39710167050361633	1.4040800333023071	0.3494636118412018	-0.013972040265798569	-0.47770532965660095	-0.36916807293891907	-0.1251423954963684	2.514389753341675	-0.8264834880828857	0.5949307084083557	0.6477148532867432	-0.6945036053657532	0.2720867991447449	-0.6776725053787231	-0.8414797186851501	-0.46291491389274597	-0.3966231048107147	2.4329800605773926	-0.8332028985023499	0.04628791660070419	-0.260809987783432	-0.6659501194953918	1.2234667539596558	0.8379552960395813	-0.39003223180770874
-1.9280598163604736	-1.0200831890106201	-1.4874545335769653	-1.1712560653686523	-1.7269142866134644	-0.6370965242385864	-0.04332411661744118	-0.16365738213062286	-0.7743707895278931	-1.5090913772583008	0.6691126227378845	0.6403942108154297	-0.638273298740387	-0.7337205410003662	-0.08336924016475677	-1.0612324476242065	1.4382833242416382	-0.4692481458187103	0.6673331260681152	-0.15844497084617615	0.941321849822998	-0.47672975063323975	0.18858502805233002	1.7644553184509277	-0.680446445941925	1.479393482208252
-1.3018348217010498	2.30670428276062	0.48251470923423767	-0.5804212093353271	-0.5242082476615906	-0.7111228704452515	0.8300909996032715	0.08659937232732773	0.3640426993370056	1.3052821159362793	1.3132332563400269	0.9591701030731201	0.20277385413646698	-0.7009434103965759	-0.325395405292511	0.4517185389995575	1.543709397315979	-0.7778789401054382	-0.17263878881931305	-0.008704605512320995	-0.912373960018158	0.5512973070144653	0.9225173592567444	0.45803648233413696	-3.339606761932373	-1.5636814832687378
-1.0729541778564453	1.115521788597107	1.3722153902053833	-1.9545549154281616	1.3647741079330444	0.6257584691047668	-0.5779030919075012	0.05629665032029152	-0.4761308431625366	-1.0985288619995117	-0.5345417857170105	0.7874041795730591	-1.309389352798462	0.13626931607723236	-0.022274769842624664	-0.44163647294044495	-1.0099233388900757	-0.033503830432891846	-0.30152010917663574	-0.8505154848098755	0.005878780502825975	-0.10736564546823502	1.144932508468628	0.47966182231903076	-1.798255205154419	-0.6207722425460815
0.3835695683956146	-0.5402590036392212	0.5237919688224792	0.3638879060745239	-1.2279894351959229	0.1536789983510971	0.5602493286132812	0.5195301175117493	1.161404013633728	0.40998315811157227	0.07104609906673431	-0.5736200213432312	-1.4799400568008423	1.2778514623641968	-0.4619048535823822	-0.2859310209751129	0.22365744411945343	1.584244966506958	-0.9752814769744873	1.031287670135498	-0.4464617669582367	-1.1629136800765991	-0.9933069348335266	-0.9345174431800842	-0.8711723685264587	1.7602643966674805
0.6751922369003296	0.3839794993400574	1.3344703912734985	1.8167085647583008	-1.0933326482772827	0.6316474080085754	-0.3675895929336548	-0.4121859073638916	0.9123044610023499	-0.23220226168632507	1.175997018814087	1.5913424491882324	1.757904291152954	1.4885152578353882	-0.6745886206626892	-0.1661534607410431	-0.4425678849220276	0.6914125680923462	-0.9396598935127258	-0.6148104667663574	0.018366916105151176	0.4272587299346924	-0.8216108083724976	-1.5271064043045044	0.5061923265457153	0.2064913660287857
-2.2147116661071777	0.7076525092124939	-0.8103252053260803	0.463082492351532	1.3708113431930542	0.083579421043396	-1.541506290435791	0.2884822487831116	-0.08974828571081161	0.5787128210067749	0.5029553174972534	-0.8619093298912048	2.218256950378418	0.1751314401626587	0.3184557855129242	-0.6413449048995972	0.5395119190216064	-0.25801119208335876	0.575363278388977	-0.8288698196411133	1.0486162900924683	1.226472020149231	-0.4273640811443329	-1.8690199851989746	-0.4874305725097656	-0.4206119179725647
-0.25304824113845825	1.597579836845398	0.6205170154571533	1.2833999395370483	-0.1957954466342926	-0.7579339742660522	-1.5074970722198486	0.11606013029813766	-0.34519463777542114	-0.9886724948883057	-1.9686678647994995	0.18439500033855438	1.5369619131088257	-0.8296226263046265	-0.7851905226707458	2.1655056476593018	-0.3631061315536499	0.9734076857566833	-0.6823734045028687	-0.7224387526512146	0.2183791548013687	-0.2574033737182617	-0.5980643630027771	-0.33035826683044434	-1.8571648597717285	2.318896770477295
-1.6046713590621948	1.874201774597168	-0.09997386485338211	-0.05859420448541641	-0.4480694532394409	-1.1206703186035156	0.5575318336486816	0.18475192785263062	-1.4840168952941895	-1.2150046825408936	-2.599104166030884	-0.9317725300788879	-1.4097421169281006	-0.9528049230575562	-0.7123130559921265	0.2140135020017624	2.2964138984680176	-1.6127815246582031	-0.5398850440979004	1.7477314472198486	-2.0668785572052	0.8624920845031738	0.3064015507698059	0.6016964912414551	0.7644352912902832	-1.042586088180542
0.15463006496429443	0.6667997241020203	0.09694844484329224	-0.21216101944446564	2.067967653274536	1.0484726428985596	-0.3183968663215637	-1.2690924406051636	-0.1670268028974533	0.436623215675354	0.13114479184150696	0.8539637923240662	0.43100404739379883	0.8773762583732605	-1.798231601715088	0.5469761490821838	1.4154715538024902	0.15955308079719543	-0.3317635655403137	-0.4988515377044678	0.47717106342315674	0.22532224655151367	-0.27465057373046875	0.6735832095146179	0.1705426126718521	0.18405365943908691
-0.06654299795627594	-1.040999174118042	0.026949286460876465	1.631964087486267	-0.06005644425749779	-0.3330702781677246	-1.1067866086959839	-1.0855292081832886	0.2629736363887787	-0.5312426090240479	-0.6246557831764221	-0.4880236089229584	-0.1197943389415741	0.9472464919090271	-0.4590604603290558	0.5755181908607483	-0.5393287539482117	-0.32600685954093933	-0.6894576549530029	-0.0479123555123806	0.009701883420348167	-0.4603326916694641	-1.511770248413086	-1.9517614841461182	-1.0646988153457642	0.7513570189476013
-0.41117140650749207	-0.787365198135376	-0.9882782101631165	-0.7646058797836304	-1.0436732769012451	1.2424012422561646	-1.070829153060913	-0.36933913826942444	-0.43091443181037903	0.9158090949058533	0.6059735417366028	-1.0939737558364868	0.262931764125824	1.133538842201233	-0.06533285230398178	-1.6171468496322632	-0.7669315338134766	-0.6438244581222534	1.9157222509384155	-0.7838186621665955	-0.5840053558349609	-1.603052020072937	-0.7672451734542847	0.9023625254631042	-0.364898681640625	-1.5894711017608643
-0.02686714194715023	0.16637827455997467	-1.3969911336898804	0.4698236584663391	0.3107703626155853	0.10915188491344452	-1.0135786533355713	1.0542731285095215	-0.2506343722343445	-1.0123653411865234	0.6787059307098389	-0.6667190194129944	-1.2925422191619873	-0.20095597207546234	0.6402251124382019	0.7545022368431091	-0.47819486260414124	-0.4728710949420929	-0.6980251669883728	-0.9192013740539551	1.1231857538223267	-0.05141561105847359	0.5754640102386475	0.8883242607116699	0.061972517520189285	-1.440340518951416
2.1689395904541016	-2.405365467071533	0.6125556826591492	-0.4791422486305237	1.1116214990615845	0.38218146562576294	-0.9986598491668701	-0.3619117736816406	0.914588451385498	-0.9456443786621094	-0.3072271943092346	-0.13945189118385315	-1.5439144372940063	-0.7722151279449463	1.098929524421692	1.0217331647872925	-0.16063831746578217	1.174310326576233	0.15922929346561432	0.0018427164759486914	1.8941888809204102	1.3929698467254639	-1.5422595739364624	-0.7366130352020264	-0.4974563419818878	-0.09181427955627441
0.4608289897441864	0.6728431582450867	1.355433464050293	-1.3991235494613647	-1.4890810251235962	0.5016461610794067	-0.9732977151870728	-0.5488791465759277	0.20892758667469025	-0.14196036756038666	1.0175583362579346	-1.0936754941940308	-1.216458797454834	1.4503130912780762	0.36321890354156494	0.7757969498634338	-0.7033904194831848	0.25929251313209534	0.3216562867164612	-0.15070560574531555	-0.07275460660457611	1.4299402236938477	-0.18287551403045654	-1.3694484233856201	-1.1855591535568237	0.50770503282547
1.394159197807312	-0.15374159812927246	0.3242306411266327	-0.30552902817726135	1.3329689502716064	-0.035813748836517334	-0.8470805287361145	-2.0424892902374268	-1.4285956621170044	-0.28397873044013977	1.4242874383926392	0.2894779443740845	-1.1627790927886963	-1.2861801385879517	-0.6452310681343079	0.003572594141587615	1.058125615119934	1.71635103225708	1.1005771160125732	0.4766804575920105	-0.01947726681828499	-0.21285565197467804	0.046202652156353	-1.4232591390609741	-0.3654947876930237	-2.3045225143432617
1.4223514795303345	-1.3635971546173096	-0.4465179145336151	0.15414825081825256	-1.7776446342468262	-1.4165292978286743	0.8147294521331787	-1.1427000761032104	1.1621222496032715	-0.9355341792106628	-0.5762926340103149	-0.6555235385894775	-0.3182504177093506	-0.38072469830513	0.647225022315979	0.40139955282211304	0.9969357848167419	1.180840253829956	-0.8121700882911682	0.3448871970176697	-0.8035454154014587	1.525964379310608	-0.6266536116600037	0.9283491373062134	-0.771711528301239	-0.3675837516784668
0.6570281982421875	-0.9581261277198792	1.8437796831130981	-0.8675423264503479	0.1553628295660019	0.07257970422506332	-0.36454635858535767	-0.035243503749370575	-0.5390549302101135	-1.2563120126724243	0.2732885181903839	-0.6947358846664429	0.15087229013442993	0.33427518606185913	-1.0711628198623657	0.6936588287353516	0.374375581741333	-0.11397324502468109	-1.3066325187683105	-0.41908398270606995	1.1323554515838623	0.5829398036003113	-3.3231112957000732	-0.588886022567749	-0.2746717929840088	0.7260962128639221
0.6296080350875854	-1.3246890306472778	0.47459307312965393	0.5921283960342407	0.36931535601615906	1.2226858139038086	2.366394281387329	-0.024530913680791855	0.4767835736274719	-0.6070162653923035	0.5031833648681641	-0.5083396434783936	1.9716094732284546	1.192763090133667	0.03732020780444145	-0.4121050536632538	1.0646542310714722	-0.25936707854270935	-0.7462466955184937	0.8047810792922974	0.1649063229560852	-0.8037967681884766	-0.13242459297180176	1.5826257467269897	-0.08854027837514877	-1.2336630821228027
0.11254946887493134	-0.0633319839835167	0.6277127861976624	-0.5443950891494751	0.10850707441568375	1.8820427656173706	0.08859805762767792	-0.8870168924331665	0.3563331067562103	-0.41019296646118164	-0.09290260076522827	-0.11889883875846863	-0.14675581455230713	-0.9937182068824768	-1.5451653003692627	2.1265902519226074	-2.2380452156066895	1.06226646900177	0.9371788501739502	-1.721187710762024	-1.3176592588424683	-1.0105843544006348	0.9015132188796997	0.03247612714767456	-0.031449977308511734	1.6860318183898926
-1.678652048110962	-0.5152092576026917	0.6460088491439819	1.4881881475448608	0.34378781914711	0.014316119253635406	0.65883469581604	0.8989514708518982	0.6799025535583496	1.132531762123108	0.7970474362373352	-1.0663905143737793	1.1085556745529175	0.21519221365451813	0.13599027693271637	-0.13660328090190887	0.5566028952598572	-0.13816776871681213	0.3786986470222473	0.1812860518693924	0.11585798114538193	-1.524269700050354	1.512263536453247	2.0024945735931396	-0.5557700991630554	0.3509313762187958
0.7140916585922241	-0.20613287389278412	-0.3927100896835327	-0.33564358949661255	-0.8114972114562988	-0.2358233630657196	0.18658803403377533	-0.9004516005516052	-0.6670295000076294	-0.9033366441726685	0.7864513397216797	-1.3186143636703491	-0.5255679488182068	0.13074448704719543	-0.056853946298360825	1.2420799732208252	-2.019195795059204	0.32767418026924133	-1.2804313898086548	-0.5677366256713867	-0.6164082884788513	-0.8152980804443359	-0.053958095610141754	1.874671459197998	-2.5890629291534424	-1.1699309349060059
0.972207248210907	0.4394069015979767	-1.2076436281204224	-0.955677330493927	1.9364683628082275	-1.6434452533721924	1.0295048952102661	-1.6488946676254272	-1.2515227794647217	-0.6555770039558411	0.14399906992912292	-1.4000802040100098	0.6004133224487305	-0.31519338488578796	-0.16938461363315582	-0.3233937919139862	-0.18125024437904358	-0.01755165308713913	0.02755153551697731	-0.010074970312416553	0.18537215888500214	0.1517341136932373	0.44662898778915405	2.3253698348999023	0.1275315135717392	0.3696829080581665
0.2076997458934784	-0.33195072412490845	0.03310264274477959	-1.0521925687789917	1.0496009588241577	0.321247935295105	0.523587167263031	0.07119092345237732	0.35695403814315796	1.7163764238357544	-0.8907977342605591	0.4328914284706116	-1.3829097747802734	0.21592813730239868	-0.12863615155220032	0.2368331104516983	-0.8486989736557007	0.7530761361122131	-1.022728681564331	-0.40424829721450806	0.8904778957366943	0.19595928490161896	-1.3616394996643066	1.2519391775131226	1.125069260597229	-1.2203856706619263
-1.942814588546753	0.1926989108324051	0.9613249897956848	0.23972128331661224	0.08184600621461868	0.3423977494239807	-0.1984415054321289	-0.04255099594593048	0.47781261801719666	-1.0802451372146606	0.7451164126396179	-0.47863221168518066	0.8167464733123779	1.1783381700515747	-0.8162437677383423	1.4606038331985474	-0.3931627869606018	0.05427166447043419	0.9381152391433716	-0.6132330894470215	-0.9782710075378418	-0.24679094552993774	-0.6073578596115112	-0.4381241202354431	-0.3738791346549988	-0.5040526390075684
-0.455904096364975	0.2091231644153595	0.7276269793510437	0.9871494770050049	0.6147468686103821	-1.366799235343933	0.2654549777507782	0.6986019015312195	0.7403333187103271	-0.2848483622074127	-1.4316400289535522	-0.5759549736976624	0.8621139526367188	0.5430369973182678	0.17555958032608032	0.3294696509838104	0.39647895097732544	-0.36758196353912354	-0.3306141495704651	-1.8761510848999023	-0.41173234581947327	0.3315224051475525	0.015119737945497036	-0.3000086545944214	0.2142072319984436	-0.029240993782877922
0.8875179290771484	-1.1214544773101807	-0.300509512424469	-0.17370004951953888	-0.1609928458929062	-0.38867223262786865	2.4766035079956055	1.0653992891311646	-0.6918314099311829	-2.5384764671325684	0.17059285938739777	0.14650550484657288	-0.6852051019668579	1.1252692937850952	-2.3177759647369385	-0.6436578631401062	1.797637701034546	0.7762153148651123	-0.9301494359970093	-0.5093951225280762	-1.0859074592590332	-0.3804144859313965	-0.06799503415822983	-0.5105395913124084	-1.0698535442352295	-0.4390221834182739
0.7040176391601562	-0.8188249468803406	0.897049605846405	1.3396058082580566	-0.3478204607963562	1.241858720779419	-0.14520807564258575	0.11814428120851517	0.5978165864944458	1.4541139602661133	2.6746573448181152	1.6216161251068115	0.07798512279987335	1.0511105060577393	-0.07790108770132065	0.5261273980140686	-0.6035282611846924	1.148298740386963	1.365602731704712	-0.6812322735786438	0.6062275171279907	-0.40494298934936523	-0.3487236201763153	-0.34832748770713806	1.2411975860595703	0.8663142919540405
-0.5194238424301147	-0.8907501101493835	-0.06333666294813156	-0.9642530679702759	-2.802082061767578	2.082899808883667	0.4578019380569458	1.8922039270401	0.19767728447914124	0.3997836112976074	0.8161950707435608	0.09872622042894363	-1.297646403312683	-1.9968557357788086	-0.3846498131752014	-1.219009518623352	0.8801090717315674	-1.0281891822814941	-0.3320307433605194	1.7730967998504639	-0.14432618021965027	0.12450578808784485	2.3079564571380615	0.8702207803726196	0.9163035750389099	1.5199934244155884
0.17093616724014282	0.5051146745681763	-0.1488802582025528	-0.4346396028995514	-1.4161510467529297	-0.17832066118717194	-1.1195673942565918	-0.11736704409122467	-0.21482937037944794	1.092795968055725	-0.2739383578300476	0.8697491884231567	1.4238861799240112	-0.4639791250228882	-1.1358641386032104	1.589302659034729	1.5072994232177734	-0.3314601480960846	-0.5018637180328369	-1.1835577487945557	-1.288230061531067	0.28085988759994507	0.45576906204223633	0.236435204744339	0.31988951563835144	-0.35855424404144287
0.9930736422538757	1.4037446975708008	1.2855653762817383	0.3914169669151306	-0.8062333464622498	0.8698775172233582	-1.3249285221099854	3.2141623497009277	0.3423556983470917	-1.7350603342056274	1.8376657962799072	0.025126121938228607	0.8328917622566223	0.5674986243247986	0.14183549582958221	2.2319843769073486	-0.051832348108291626	-0.7480401992797852	1.5701733827590942	-1.1573169231414795	0.043926920741796494	-0.2693987190723419	0.16118289530277252	-0.6342207193374634	1.0978853702545166	-0.029680203646421432
0.9297916293144226	0.46266958117485046	1.4223803281784058	0.1981068104505539	0.6036862134933472	-1.8554632663726807	-0.1786433309316635	-0.998931348323822	2.366701126098633	-0.5832149386405945	1.600246548652649	-0.9997069835662842	-0.36106935143470764	0.4348596930503845	0.04610181972384453	0.49339166283607483	0.18878759443759918	-1.9369970560073853	1.5382859706878662	1.0243085622787476	1.073617696762085	-0.6750624179840088	1.0635861158370972	0.28294825553894043	0.6121553778648376	-0.23756316304206848
-2.8845198154449463	-0.33855241537094116	-0.4834539294242859	-0.9624390602111816	-0.17000225186347961	-1.2583235502243042	0.10711447149515152	0.05523288995027542	0.19612322747707367	-0.3571130931377411	-1.8908298015594482	-0.2930018901824951	0.18367239832878113	-1.360151767730713	-0.28118932247161865	-0.3119869828224182	-2.500380277633667	0.5679396390914917	-0.8958244919776917	1.6003797054290771	-0.4764332175254822	-1.9601209163665771	1.18635892868042	0.1413903832435608	0.4544706344604492	-0.8587669730186462
-1.2297031879425049	0.910803496837616	0.42691901326179504	0.8216423392295837	1.2350504398345947	0.8152416348457336	-1.1203328371047974	0.7119244933128357	-0.4451386034488678	-1.1560695171356201	-0.5052508115768433	-0.21999399363994598	1.1651209592819214	1.378445029258728	1.0370858907699585	0.13322998583316803	2.87591290473938	-1.5607112646102905	-0.05699040740728378	1.3020057678222656	0.2462640255689621	0.8195286989212036	-0.7513818740844727	0.5880727171897888	-0.17061029374599457	0.8985984325408936
0.20300734043121338	-0.38456693291664124	-0.628643810749054	-0.24691016972064972	1.6522108316421509	-0.3076516389846802	0.11274201422929764	0.37786638736724854	-0.5509355664253235	-0.6880526542663574	-0.842146098613739	0.030654288828372955	0.26071614027023315	-0.18213766813278198	0.5670287609100342	0.3127848505973816	0.19567762315273285	-0.2241261750459671	0.27215278148651123	0.43398037552833557	1.4638216495513916	0.20533692836761475	-1.0253301858901978	-0.27652356028556824	1.4644511938095093	0.983855128288269
-0.522063136100769	-0.7023589015007019	-1.0869758129119873	1.490904450416565	-0.15018682181835175	1.5055800676345825	-1.2939220666885376	1.0135151147842407	0.5920557379722595	0.28850483894348145	0.09989966452121735	-0.6099355220794678	0.8039485812187195	-0.43590202927589417	-0.42483142018318176	0.5540133118629456	-0.3525373637676239	-0.5130151510238647	-0.8859031796455383	-0.10641855746507645	-0.2646355926990509	0.5836377739906311	-1.6385196447372437	0.4560668170452118	-1.6745762825012207	1.493630290031433
0.34337472915649414	0.7026150822639465	-0.17732654511928558	-0.04813138395547867	-1.1401729583740234	0.8792338967323303	1.1825019121170044	1.0831804275512695	1.5189805030822754	-0.4761209487915039	-0.11964379251003265	-0.6678745150566101	1.4410091638565063	-0.6820580959320068	2.083595037460327	-0.2932226061820984	0.14531241357326508	0.5710090398788452	0.7103514075279236	0.9219653606414795	-0.9669492244720459	0.7270712852478027	2.83367657661438	2.5895254611968994	0.1476835012435913	-0.8537139296531677
-0.868829607963562	0.9612722992897034	-0.9907562136650085	1.5387684106826782	2.0333943367004395	-2.2193939685821533	-1.4150009155273438	-0.9489826560020447	-0.02375764399766922	-0.27987805008888245	0.8601540923118591	1.3474371433258057	-0.3719828128814697	0.42138561606407166	-0.642266035079956	-1.2285436391830444	2.256861925125122	0.16768211126327515	-0.45032060146331787	-0.11024224013090134	1.3552119731903076	-0.9254063367843628	-0.8856785297393799	-0.8953593373298645	0.1564091444015503	0.3738004267215729
-0.7009390592575073	1.545670747756958	1.7036514282226562	1.5778683423995972	1.5156058073043823	-0.49823126196861267	-0.555712878704071	-0.24179396033287048	-1.2984473705291748	0.3428106904029846	-0.31220680475234985	-0.8109138011932373	0.8002455234527588	-0.32126978039741516	0.2658872902393341	-0.0601968988776207	0.0018373519415035844	-0.4144348204135895	-0.38915517926216125	-0.5059245228767395	-0.6353098154067993	0.8843348026275635	0.2631213366985321	0.2921638786792755	-1.0923420190811157	-0.4731290936470032
-2.3812663555145264	-0.44856616854667664	0.27272042632102966	-0.5790546536445618	-1.3859288692474365	-0.27774620056152344	-0.15975165367126465	-0.877003014087677	0.1680050492286682	-0.11702672392129898	0.47410935163497925	-0.26427584886550903	-0.10206671059131622	-0.17108885943889618	-1.7839527130126953	-0.7077996730804443	0.6649259924888611	0.07067020982503891	1.252333402633667	-0.33727988600730896	-0.3094096779823303	-1.2271441221237183	-1.0525203943252563	-0.0048926337622106075	-0.4402602016925812	0.7994349598884583
-1.3561702966690063	-0.12397948652505875	-0.6411448121070862	0.321917861700058	0.7215633988380432	-1.6273220777511597	0.9382606148719788	-0.48470228910446167	-0.14896738529205322	-0.9147132635116577	1.314618706703186	1.1307960748672485	-0.6156133413314819	-0.01451156660914421	1.5673940181732178	-0.4615405201911926	-0.10119686275720596	0.7878456711769104	0.600960373878479	-0.06445995718240738	1.669942021369934	-1.9354922771453857	-0.27425140142440796	0.8106701970100403	-0.2517201900482178	0.14830441772937775
-1.6897363662719727	0.9006438851356506	-1.130076289176941	1.147419810295105	0.20732475817203522	-0.668590247631073	1.3482577800750732	0.23020236194133759	0.9715685248374939	-1.6150563955307007	-0.5472723841667175	0.08468236029148102	0.8741874098777771	-0.7181994915008545	0.49134811758995056	-1.2686290740966797	0.8723675012588501	0.6225606203079224	-0.9139752984046936	-0.34283196926116943	-0.39960792660713196	-0.8127107620239258	-0.7843125462532043	0.12392269819974899	0.9334160089492798	-0.2165353149175644
1.8486216068267822	-0.395748108625412	0.4779799282550812	-0.06996199488639832	1.4248982667922974	-0.5270270705223083	-1.9171901941299438	-0.31029969453811646	0.5178230404853821	0.4698920249938965	0.6019384860992432	-0.017879437655210495	0.9385937452316284	-1.09434175491333	0.22719857096672058	-0.7905347943305969	-0.15192009508609772	0.3476470708847046	1.1011987924575806	-1.150937795639038	1.059155821800232	-0.938449501991272	0.48767024278640747	-0.4263565242290497	-2.105475902557373	0.7891931533813477
1.441788911819458	0.6051197648048401	-0.6308175325393677	1.863512396812439	-0.7854486703872681	-0.8585280179977417	0.02295341156423092	-0.9718289971351624	0.5204910635948181	-0.4209662973880768	-1.2453303337097168	-0.07771509885787964	0.3456340730190277	0.4693484902381897	1.8533376455307007	-0.005649883300065994	-0.8249355554580688	0.6154190301895142	0.8373098969459534	-0.8804818987846375	0.10201732069253922	0.5327395796775818	0.22668078541755676	-0.7950225472450256	-0.042904242873191833	-1.781214714050293
-2.503023624420166	-0.6693986058235168	0.08226030319929123	-0.8661450147628784	-1.125840663909912	0.22494745254516602	-0.6688736081123352	0.8203048706054688	0.8447046279907227	1.1379883289337158	-1.3587015867233276	-0.4870883524417877	0.04749369993805885	-1.7712513208389282	-2.199164867401123	1.3030527830123901	0.0651884451508522	-0.338117778301239	-0.4737907648086548	-0.3061133027076721	-0.6302133202552795	1.1230690479278564	-0.8320459723472595	-0.9277490973472595	0.019773487001657486	-0.3300706446170807
0.9434168934822083	-1.2156916856765747	-0.9364482164382935	0.8330551385879517	0.6789534091949463	-0.33370211720466614	1.2549055814743042	-1.2097840309143066	0.6867339015007019	-0.00802165549248457	0.4731309413909912	-0.5006147623062134	-1.0245206356048584	1.2163861989974976	0.23644769191741943	-0.6665230989456177	-1.4711711406707764	-1.2463005781173706	0.6284431219100952	0.6870522499084473	0.48804131150245667	-0.6508021950721741	-0.6756300926208496	-0.6768568754196167	-0.0014333451399579644	0.7005938291549683
-0.13848406076431274	0.6080296039581299	1.1108002662658691	-0.18610990047454834	0.08271005749702454	1.2810368537902832	0.5629081130027771	-0.12363797426223755	-0.3975139856338501	1.4488422870635986	0.8667777180671692	-0.4686013460159302	-0.7030590772628784	-0.26917022466659546	0.7169992327690125	-0.1512608379125595	-0.40712592005729675	0.6047331690788269	-0.2247759848833084	-1.1044915914535522	-0.15444152057170868	1.0030484199523926	1.2305299043655396	-0.41634637117385864	2.6218934059143066	1.069365382194519
-1.2646515369415283	-0.4356064796447754	-0.22736866772174835	-0.29542872309684753	-0.8335633873939514	2.1432578563690186	0.6501705050468445	-0.15436814725399017	-1.7422246932983398	0.3147457540035248	0.4698694944381714	-0.16480223834514618	-1.709196925163269	-0.5661165714263916	-1.6169259548187256	1.0808686017990112	-1.7797203063964844	0.286226361989975	0.49122533202171326	0.7100955247879028	-0.9024699926376343	1.1496021747589111	-0.8766748905181885	0.899932324886322	-0.7932299375534058	-0.35854023694992065
-0.3498859107494354	1.2285890579223633	1.746443510055542	0.7557339072227478	0.2971198260784149	1.7741303443908691	-1.6262612342834473	-1.3981518745422363	1.0244145393371582	0.5431638956069946	-0.241781547665596	-2.472482919692993	-0.9971923828125	-0.6826620697975159	0.1845552623271942	-0.5365331172943115	-1.486798882484436	-0.16129595041275024	-0.7619969248771667	-0.13135099411010742	0.4920177459716797	0.8745062351226807	0.8207340836524963	-0.2072063535451889	-0.24764622747898102	0.04024166241288185
-0.8017587661743164	-1.251158595085144	-0.23262600600719452	0.020881371572613716	-0.6734122633934021	-1.0789785385131836	-0.6581019163131714	0.46765878796577454	1.839292287826538	0.10757910460233688	-0.2839357554912567	-1.1998062133789062	1.0815701484680176	-1.443729043006897	-0.21201495826244354	-0.8708565831184387	-0.2710874676704407	-1.1105595827102661	2.170846462249756	0.15960487723350525	0.3370181918144226	1.4845664501190186	-0.17535971105098724	-1.4045438766479492	1.3112213611602783	-0.9055168628692627
-0.7048673033714294	1.0332297086715698	-1.291212558746338	-1.0729336738586426	0.09561864286661148	-2.421811580657959	-0.6507795453071594	-1.1324669122695923	-0.291043221950531	-1.4157750606536865	0.6951980590820312	0.2957976758480072	0.29852625727653503	0.4842161536216736	0.18646688759326935	-1.1399004459381104	-1.4849778413772583	-0.020568273961544037	-0.422730416059494	-0.04722331836819649	0.7142627835273743	-0.16197508573532104	1.5876736640930176	2.0099399089813232	1.3604143857955933	0.5912979245185852
-1.2023160457611084	-0.926724910736084	0.32281553745269775	1.2197160720825195	-0.05310872569680214	-0.7030544877052307	0.9207450747489929	1.1853739023208618	0.6165695190429688	-0.5196380019187927	-2.345386266708374	-1.26815664768219	-0.254429429769516	0.5671003460884094	-0.869485080242157	0.30372998118400574	-1.7017896175384521	-0.2812424302101135	-0.12509199976921082	-0.5912687182426453	-1.434903860092163	1.314046025276184	0.26300475001335144	0.12158257514238358	0.15677747130393982	-0.784208357334137
1.0634801387786865	0.17724508047103882	-2.1018903255462646	-0.47522473335266113	-1.9076714515686035	-0.8703931570053101	0.00877817440778017	-1.4083266258239746	-0.6930553317070007	-1.5940759181976318	0.5609210729598999	-1.1713789701461792	0.21591249108314514	-1.0444821119308472	-0.22796042263507843	-0.0992734506726265	-0.08745837956666946	-0.8987565636634827	0.6125921607017517	0.24561867117881775	0.7579633593559265	1.1244730949401855	-0.20612367987632751	-1.0827288627624512	-1.3812772035598755	0.67582768201828
-0.9868130683898926	0.7119357585906982	0.3622944951057434	0.40188151597976685	-0.21101680397987366	0.2023882418870926	-1.241685390472412	-0.2045280933380127	-0.07890333235263824	-1.6949396133422852	0.7263498902320862	1.5045177936553955	-0.6318695545196533	-1.5006699562072754	0.1149773970246315	-0.4788891673088074	1.069292426109314	0.5621995329856873	0.16095706820487976	0.12639324367046356	1.8704739809036255	0.6794952750205994	-0.07591626793146133	3.108921527862549	0.3373332619667053	-0.12517929077148438
0.36639466881752014	-0.6280653476715088	-0.45060816407203674	-0.5412366390228271	2.1748335361480713	1.6665000915527344	0.722067654132843	1.0695537328720093	-1.4578263759613037	-1.332896113395691	1.5415806770324707	-0.17399969696998596	-1.143351674079895	-0.2890907824039459	-0.49911829829216003	-1.30423903465271	-0.23844404518604279	0.6188964247703552	1.9997910261154175	1.1880210638046265	-0.5472286939620972	0.044624846428632736	-1.0493520498275757	-1.180122971534729	0.6372435688972473	-0.44096964597702026
0.9240429401397705	1.0421226024627686	1.0136871337890625	0.7607951760292053	0.42546817660331726	1.3101292848587036	1.170101523399353	0.051371265202760696	2.1446287631988525	0.9999456405639648	-0.29393360018730164	1.211440086364746	-0.2811814248561859	1.6724178791046143	-0.5885535478591919	-0.9641220569610596	-0.597133457660675	0.5677056908607483	-0.7771622538566589	-0.3249163329601288	1.8822073936462402	-1.3265154361724854	-0.43635258078575134	-0.6817672252655029	0.5458470582962036	0.5330572128295898
1.5855268239974976	0.8883965015411377	1.6576061248779297	-2.036388635635376	0.6353335380554199	-1.6747299432754517	0.13492348790168762	-2.253094434738159	-0.8707669973373413	0.8641949892044067	0.8118695020675659	0.7284862995147705	-1.2775710821151733	0.68901526927948	0.04586338996887207	0.2810901701450348	0.17522965371608734	0.596174955368042	2.7565011978149414	0.009573903866112232	0.1571878343820572	0.536632776260376	-0.7762241959571838	0.45473983883857727	0.1988898664712906	-0.7360805869102478
0.3737640976905823	0.09284290671348572	-1.410783052444458	3.1988420486450195	-0.7761337757110596	-0.12701421976089478	-1.8766683340072632	-0.8858492374420166	-0.2954316735267639	0.2673899233341217	-0.4593803882598877	-0.4687654972076416	-0.14980852603912354	-0.6450260281562805	-1.6595510244369507	-2.66821026802063	1.946820855140686	-0.9885067343711853	0.2077990621328354	-0.3325096070766449	0.07487279176712036	0.49465441703796387	0.3452676832675934	-0.46103769540786743	-0.7820512652397156	-1.37908136844635
1.3456380367279053	0.782504677772522	1.8460135459899902	-1.7688655853271484	0.3100651800632477	1.0280954837799072	0.2904021441936493	-2.000248432159424	0.272128164768219	-0.7065899968147278	1.0945411920547485	-1.9708346128463745	0.7221274971961975	0.8599759340286255	1.3779137134552002	0.3014872074127197	-0.27399688959121704	0.3367033004760742	0.8885278105735779	-1.0697962045669556	-0.5578423738479614	-1.182700276374817	0.6961115002632141	0.2168976068496704	-0.31510108709335327	-0.6743581891059875
1.4135522842407227	0.3065190613269806	0.2932965159416199	-0.23883900046348572	1.1950715780258179	0.9896073341369629	0.9239814877510071	1.4316080808639526	0.38628169894218445	0.8576096296310425	0.3381204903125763	-0.2748543620109558	0.817801296710968	0.46121156215667725	1.0575228929519653	0.042150966823101044	-0.09329669922590256	0.9704015851020813	-0.6424976587295532	0.7455111742019653	-0.10594218969345093	0.21882940828800201	-0.2637019753456116	-0.1599310338497162	-0.07370948791503906	0.1070893332362175
0.3674587309360504	-0.31811293959617615	2.299473762512207	-0.164293572306633	-0.4594172537326813	0.8372213244438171	-0.47075849771499634	0.38643819093704224	-0.20562313497066498	-0.19008173048496246	-1.344308614730835	0.7606766819953918	-1.159159779548645	-0.1773604303598404	-0.24798959493637085	0.6102390885353088	-0.8353528380393982	0.36630237102508545	0.2775368094444275	0.7383600473403931	0.09866596758365631	-0.1582658290863037	0.4699457883834839	1.2550299167633057	-0.3034779131412506	0.9092307686805725
-0.32323119044303894	1.3282681703567505	1.2643166780471802	0.4665295481681824	0.01788894645869732	-1.519562005996704	-1.4823261499404907	0.18844611942768097	-1.2599679231643677	0.6268318891525269	-0.8163294196128845	0.2773166000843048	-0.19555984437465668	-1.35033118724823	-0.9776472449302673	2.4029042720794678	-0.43618127703666687	-0.6240984797477722	1.1202421188354492	-0.08238979429006577	0.9587679505348206	0.16657452285289764	1.0829826593399048	1.7860665321350098	0.7375860810279846	0.7278478741645813
0.596676230430603	-0.2637436091899872	0.7162349224090576	-0.6535639762878418	0.3114050030708313	0.14161653816699982	2.0795700550079346	0.14874541759490967	-0.0012053133687004447	-0.15710045397281647	2.4639339447021484	0.29179689288139343	-1.4956215620040894	-0.39011773467063904	-0.04750068485736847	0.02540467493236065	-0.6097086071968079	-0.7506898641586304	0.9161270260810852	0.5669596195220947	1.2934117317199707	0.06319914013147354	-1.2251672744750977	-1.7123500108718872	-0.9115008115768433	-1.0175608396530151
0.36956101655960083	-1.461725115776062	-0.5332009792327881	0.14353328943252563	0.6316625475883484	-0.14974172413349152	0.2825861871242523	-2.037045955657959	-1.3641996383666992	-2.0098183155059814	-0.745712399482727	0.7370749711990356	1.462051510810852	0.35825634002685547	-1.699530005455017	-0.4941580295562744	-0.380620539188385	0.03184586390852928	2.0350801944732666	-0.7411191463470459	0.43406563997268677	0.0016568186692893505	-0.09950219094753265	1.1838245391845703	0.21941156685352325	-1.5732132196426392
0.621711015701294	0.5497347116470337	-1.7630523443222046	1.2236517667770386	1.5620931386947632	0.8248992562294006	1.8867956399917603	0.19326113164424896	0.980023980140686	-0.23267193138599396	-0.5242042541503906	0.522056519985199	-0.4064771831035614	0.7016040682792664	0.5723461508750916	-0.2294754981994629	2.400129556655884	-0.16294477880001068	-0.2386893928050995	-0.7598502039909363	-0.1467621773481369	1.0635911226272583	-1.5655921697616577	0.8861923217773438	-0.5822029709815979	-1.0836104154586792
-0.2575506865978241	-0.0919223502278328	1.136385440826416	-0.6328310370445251	-0.3231040835380554	-1.7403335571289062	-1.0892055034637451	-0.9306680560112	-0.43217137455940247	1.339559555053711	1.8392469882965088	0.6428325176239014	-0.4714396297931671	0.13587471842765808	-0.4046056270599365	0.47663217782974243	-0.9112458229064941	-0.5665950775146484	-0.27130037546157837	-0.5468100905418396	-0.30940717458724976	0.950671911239624	0.2051168531179428	0.41687899827957153	1.2930541038513184	-0.20374146103858948
-0.6280140280723572	0.4032635986804962	0.10436400771141052	0.3684387803077698	1.176453709602356	1.2973592281341553	-0.46476760506629944	-0.265177458524704	0.7132534384727478	1.076923131942749	-2.7628307342529297	-0.32930877804756165	-0.9828861951828003	-0.7695820927619934	-0.026175295934081078	0.7011249661445618	-1.0559049844741821	-1.319565773010254	-0.1514536440372467	-0.2361815869808197	1.094559907913208	0.3282712996006012	0.12318190932273865	-0.40535879135131836	-1.6552789211273193	0.6346920728683472
1.0636115074157715	0.05671800300478935	2.191438913345337	-0.46396225690841675	-0.5420233607292175	0.2657879590988159	1.8072274923324585	-0.5020231008529663	0.21394644677639008	0.09809806942939758	1.4950941801071167	1.3587887287139893	-0.6767814755439758	-0.307750403881073	0.7941726446151733	0.6244480013847351	1.0759791135787964	-0.34599852561950684	-0.06338831037282944	-0.028723808005452156	-0.8463575839996338	0.28061172366142273	-1.4544882774353027	0.5849285125732422	-0.6938409805297852	-0.10236210376024246
-0.6736236214637756	0.5736926794052124	0.5170329809188843	-0.26339611411094666	-0.03410794213414192	-0.5095102787017822	-1.0863481760025024	2.97710919380188	-0.6207190155982971	1.3134791851043701	-0.04070587828755379	-0.6993703246116638	-0.7904192209243774	-0.4854070246219635	1.091052532196045	-1.1057147979736328	0.5680055618286133	1.5997358560562134	1.0999524593353271	-0.418450266122818	-1.1692196130752563	-0.24611613154411316	-1.2352118492126465	0.5339199304580688	-1.1698769330978394	2.1764097213745117
-0.3820834755897522	0.44362616539001465	0.5271168947219849	0.5132089257240295	0.9653049111366272	-2.0089919567108154	0.8997222781181335	0.5157232880592346	-0.6498285531997681	-0.703554630279541	0.23881755769252777	-0.15349982678890228	-0.15979982912540436	-0.1841462254524231	0.9256002306938171	0.5800794363021851	-1.502653956413269	-1.1001147031784058	1.1332615613937378	-0.5011435747146606	-0.1709001362323761	-1.2506901025772095	0.6041185259819031	0.03984081372618675	-0.6639180779457092	-0.36972928047180176
0.322041779756546	0.7157758474349976	-0.1956753134727478	-1.233967661857605	1.4583202600479126	1.592613697052002	-0.44728633761405945	-1.099055528640747	-1.6728508472442627	-0.5319772362709045	0.9396308064460754	1.7433768510818481	1.0601104497909546	0.24082662165164948	-0.7769579291343689	-0.31456655263900757	-1.0284417867660522	-0.7732536792755127	-0.3589901626110077	0.011170093901455402	-0.5251245498657227	-1.1276543140411377	1.1420682668685913	0.6323479413986206	-0.47785747051239014	-0.7481433749198914
-0.9661794304847717	2.922348737716675	-1.4074589014053345	-0.29225394129753113	-1.1405720710754395	-0.2342028021812439	1.1921360492706299	2.4593210220336914	-0.5681934952735901	1.2504050731658936	-0.35565298795700073	-0.22745367884635925	0.8122585415840149	1.6865562200546265	-0.4495079219341278	-0.1995634138584137	0.9703783988952637	-0.9206576943397522	-0.14321008324623108	0.8885762095451355	0.7337645888328552	-0.04208831116557121	0.3016676902770996	-0.3899580240249634	-0.4464710056781769	0.4379604160785675
2.011253833770752	1.544456124305725	0.6770007014274597	-1.0633635520935059	1.0671156644821167	-0.37098050117492676	-0.7933054566383362	-0.5326288342475891	-1.3061296939849854	0.5865987539291382	-0.10516964644193649	1.6675130128860474	-1.1446025371551514	1.024634599685669	0.3007453382015228	2.614091634750366	1.0140302181243896	1.0671688318252563	-0.3502873182296753	1.025460124015808	0.4191036820411682	-1.0648610591888428	0.1788201481103897	0.4061143100261688	-0.039102453738451004	-0.9351905584335327
-0.5154224634170532	0.2942173182964325	0.8896681070327759	1.9098445177078247	0.30161333084106445	0.519648551940918	0.09695728868246078	-0.37744808197021484	-1.653651237487793	-0.9886612296104431	-0.4932718873023987	0.283097505569458	-0.628722608089447	-0.778916597366333	-1.2715212106704712	-0.2834286689758301	-1.5446959733963013	0.1267966479063034	-1.4720897674560547	-0.24907253682613373	-1.366560459136963	-0.3535880446434021	1.0800944566726685	-0.386417031288147	-1.0278805494308472	0.30302169919013977
