-0.32667699456214905	-0.5458884835243225	0.03138930723071098	0.6693301796913147	0.25809091329574585	0.6319182515144348	-0.5519549250602722	1.7330893278121948	-1.2659493684768677	-0.24466116726398468	2.018374443054199	1.0591479539871216	-0.17125117778778076	-0.2812979221343994	-1.4656097888946533	0.2843245565891266	0.14605043828487396	-0.0010157710639759898	0.19034475088119507	0.4025798738002777	-0.8325594067573547	0.01945570856332779	-0.8298408389091492	-1.099967122077942	-1.8872456550598145	0.7887471318244934
-0.22507348656654358	0.8505851030349731	-0.7975671887397766	-0.31267961859703064	-1.838658332824707	0.9140936732292175	1.9608629941940308	1.0267726182937622	0.8194788694381714	0.8460379242897034	0.6366630792617798	-0.010115337558090687	0.11576537042856216	-1.6840181350708008	-0.8831523656845093	-0.41653287410736084	1.128766417503357	0.10496886074542999	0.6637613773345947	0.7851567268371582	0.8293188810348511	0.20084984600543976	0.2809681296348572	-1.0273500680923462	1.0415418148040771	-0.4445090591907501
1.100565791130066	0.7770493626594543	0.5534982681274414	1.0007857084274292	0.8307366967201233	-0.5929610133171082	0.8611546754837036	-0.19481952488422394	-0.17648978531360626	0.49984458088874817	-0.6930440664291382	0.6927797794342041	0.8011052012443542	0.815742552280426	-0.37081289291381836	2.1430931091308594	-0.348848819732666	1.6775977611541748	1.0654730796813965	0.08487581461668015	0.3016525208950043	1.3845484256744385	0.02973511628806591	1.7775508165359497	0.05619167909026146	-0.98399418592453
-0.5074424743652344	0.19548597931861877	-0.07829922437667847	-1.1808522939682007	0.17653608322143555	-0.24846473336219788	2.0941452980041504	0.13452304899692535	-1.0936813354492188	0.8430051803588867	1.1616435050964355	0.18806761503219604	2.0000369548797607	-0.09356208145618439	-0.748769998550415	0.0725221037864685	-0.4869118928909302	-0.7315224409103394	-0.4079425036907196	-1.0889661312103271	-1.9277812242507935	0.5319632291793823	-0.9615052938461304	0.6841735243797302	0.8474597930908203	2.2708585262298584
0.8844688534736633	-0.25636371970176697	-0.6999656558036804	-0.10797159373760223	-0.5850030779838562	0.3003119230270386	0.5318368673324585	-0.0966426283121109	0.1193024143576622	-1.0353049039840698	-1.0227108001708984	-0.06774307042360306	0.9676236510276794	-0.2713553309440613	-0.2659039795398712	0.8349467515945435	-0.9539135694503784	-0.12426745146512985	-0.17982499301433563	0.9749944806098938	-0.5631317496299744	1.4739254713058472	-0.11940328031778336	-0.8576990962028503	0.8970974087715149	-1.4162291288375854
0.7954295873641968	0.17423206567764282	1.2348378896713257	-1.2199680805206299	-0.7187610864639282	-0.49893808364868164	1.3049075603485107	1.6748499870300293	1.0396301746368408	-1.1336441040039062	0.591636061668396	-1.260466456413269	1.2332361936569214	0.07035940885543823	0.7175668478012085	0.07361014932394028	0.09989174455404282	-0.5361437797546387	0.0054906075820326805	0.9204720854759216	-0.4867265224456787	1.8863511085510254	0.26665931940078735	1.1654831171035767	-0.5134952664375305	-0.3149438798427582
0.7653987407684326	0.8756933212280273	0.7474439144134521	0.290499210357666	2.3001315593719482	0.23727479577064514	-0.12127476930618286	1.420798420906067	-0.766529381275177	0.9931311011314392	-0.2478652447462082	-0.41710153222084045	0.03505272790789604	-0.9951130151748657	-0.19851690530776978	0.9804914593696594	-1.8726449012756348	-2.0235164165496826	-0.5566877126693726	2.7225136756896973	-1.6752839088439941	0.5025314092636108	-0.9342980980873108	-0.6242426037788391	-0.38014569878578186	-1.3879075050354004
-0.6000458598136902	0.7371154427528381	1.9056060314178467	0.4714708626270294	0.03933024778962135	-1.091188907623291	-0.9016686677932739	-1.2647805213928223	1.2273837327957153	-0.3206791281700134	-0.2158299684524536	0.12460070848464966	-0.02216363325715065	-0.4451139569282532	0.13113728165626526	1.1147198677062988	-0.6446088552474976	1.0220142602920532	0.8324252367019653	-1.8367488384246826	1.6200436353683472	-1.7914589643478394	-0.9104548096656799	-0.056221820414066315	1.4844201803207397	-0.039618149399757385
1.094778299331665	0.7399622797966003	-0.5922554731369019	-0.4649302065372467	0.26327353715896606	0.06929562985897064	-0.17617855966091156	1.5578829050064087	0.8698751330375671	0.16247883439064026	-0.4104986786842346	1.271650791168213	1.1078369617462158	-0.14001546800136566	-0.6608697175979614	3.5082337856292725	1.2940250635147095	-0.04333362355828285	-0.31768783926963806	-1.323928713798523	-1.4672245979309082	0.49768468737602234	0.8539077639579773	-0.37190327048301697	-1.3901945352554321	1.1008630990982056
1.0217458009719849	0.602874755859375	-0.8744284510612488	0.07442459464073181	-0.46402958035469055	-0.935634434223175	-0.5681685209274292	-1.3071503639221191	-0.11817777901887894	1.1944749355316162	-1.1070274114608765	-0.6329842209815979	-1.1147584915161133	-0.931008517742157	0.8147115707397461	-0.9632343649864197	1.1340950727462769	1.7173937559127808	-0.7983095645904541	-1.422464370727539	0.2165824919939041	1.345162272453308	-1.566119909286499	1.3891832828521729	-0.008152630180120468	-0.7836987972259521
1.5251703262329102	-0.009013662114739418	0.21983282268047333	-1.099250078201294	-0.4426647126674652	0.8192978501319885	0.5368279814720154	0.9214043021202087	-0.306282103061676	0.7519265413284302	-0.8359267115592957	-0.9863293170928955	-0.8610068559646606	0.8032471537590027	0.3957425653934479	-0.1442120224237442	0.5632907152175903	-0.8004791140556335	-1.2094988822937012	0.47462695837020874	1.1555975675582886	0.9261778593063354	0.26040467619895935	-0.2596141993999481	-1.311061978340149	0.9538736343383789
0.8339146375656128	-2.3315138816833496	-0.2198631763458252	0.02279934659600258	1.9363757371902466	0.6705242395401001	0.19597840309143066	-0.1934865415096283	0.4010343551635742	-1.5432491302490234	0.6009222865104675	-9.983165364246815e-05	1.9093118906021118	-0.7272519469261169	-0.15436363220214844	1.052823781967163	0.22853317856788635	0.05513538047671318	-2.226550340652466	0.5658876299858093	0.47360724210739136	0.5747116804122925	-0.47872957587242126	-0.3698926568031311	0.6177068948745728	-0.0448266863822937
-0.650359034538269	-0.8803920149803162	-0.9519854784011841	0.015142797492444515	-0.6619715094566345	0.23133154213428497	0.7427929639816284	-1.2100361585617065	-1.207689642906189	-0.9204426407814026	0.5551928877830505	-0.007427053060382605	0.7173560857772827	1.2949035167694092	0.03487354516983032	-0.4287930428981781	0.635979950428009	0.5298771858215332	1.2278103828430176	-1.7241727113723755	0.05250753462314606	-0.41064453125	0.30140841007232666	0.008807603269815445	-0.24884381890296936	0.9323185086250305
-0.40102797746658325	-0.9184123873710632	-0.2951655983924866	-0.050347939133644104	2.100618600845337	0.19855977594852448	-0.7135108113288879	1.2677010297775269	-0.6497130393981934	-2.9178061485290527	-0.5256502032279968	0.5294012427330017	0.3389929533004761	-0.15678273141384125	-0.26514583826065063	-0.3864910304546356	-1.1316686868667603	-0.6185007691383362	-0.3997536897659302	-1.2078888416290283	0.5836700201034546	1.6880396604537964	0.4794134795665741	-0.8074820637702942	0.5858092308044434	-0.0650254637002945
-1.990975022315979	1.6882591247558594	-0.5235099196434021	-2.242950677871704	-0.3487642705440521	0.2449142038822174	-0.16429610550403595	-1.032537579536438	0.5662754774093628	0.9886526465415955	-0.41489654779434204	0.2886553108692169	1.0143165588378906	-0.9678000211715698	-1.2423491477966309	0.7302939891815186	1.7587960958480835	0.16510717570781708	-0.5335950255393982	0.6630131006240845	1.5435165166854858	-0.16572269797325134	-2.205702781677246	-2.0249786376953125	1.1017630100250244	0.1922963261604309
0.8166319727897644	0.05609624832868576	-0.6763384938240051	-1.0623208284378052	0.5598508715629578	0.505861759185791	-1.1420118808746338	-1.262459397315979	1.0149755477905273	0.7942668199539185	1.3423794507980347	0.35811758041381836	-0.8246543407440186	-0.7919894456863403	0.7450799345970154	-1.640109658241272	-0.5124950408935547	-1.2032639980316162	-0.3065699338912964	1.1038163900375366	-0.9108379483222961	-0.15979301929473877	-1.2119965553283691	0.561831533908844	1.0535743236541748	-1.2002782821655273
0.4812013804912567	-0.7124472260475159	0.2225823998451233	1.0179519653320312	-1.510998249053955	-0.44014787673950195	-0.49773508310317993	0.4832559823989868	-0.199651300907135	0.9182125926017761	-0.8011742830276489	-1.3270294666290283	-1.873415470123291	0.8947173953056335	1.0657544136047363	-1.8045703172683716	-0.8914138674736023	0.35352611541748047	1.858087182044983	0.2826071083545685	-0.7354331016540527	-1.7398499250411987	1.4566400051116943	1.1544560194015503	-0.13127416372299194	-1.691281795501709
-0.7933927178382874	-0.15415415167808533	-0.22323274612426758	-0.9118561148643494	0.5032179951667786	0.7591222524642944	0.7393065690994263	-0.2401382178068161	-1.2885483503341675	-0.1455824375152588	-1.6524107456207275	-1.590806484222412	-1.114388108253479	0.22746646404266357	-0.04842747747898102	-1.944496750831604	1.051165223121643	-1.227379560470581	-0.42989814281463623	0.08420950174331665	2.131279230117798	0.3278527557849884	1.455878496170044	1.1589053869247437	-0.02020425722002983	0.48864054679870605
0.41100969910621643	-1.7843317985534668	-0.08609576523303986	1.3770184516906738	0.8575055599212646	-0.40896061062812805	-1.2180980443954468	0.9606618881225586	1.3761693239212036	-0.8761705756187439	-1.2616478204727173	-0.20032823085784912	1.0054996013641357	0.08151936531066895	-0.17980341613292694	-0.4958038330078125	-0.4590614140033722	-0.29005077481269836	0.09963426738977432	0.6997641324996948	-0.3216792345046997	0.7551349401473999	-1.2150696516036987	1.1760438680648804	0.4620774984359741	-1.2452949285507202
-1.1683868169784546	0.2650288939476013	-2.6054587364196777	0.7401874661445618	1.6379181146621704	0.35436099767684937	-0.8897113800048828	0.32259121537208557	0.3931056559085846	2.289290428161621	-0.42944827675819397	0.020807720720767975	-0.6127801537513733	2.017395257949829	0.669380784034729	0.7717685103416443	0.7358577847480774	-0.36016061902046204	-1.902474284172058	-0.6129779815673828	0.4851408898830414	-0.4136277139186859	0.12403543293476105	-1.1048424243927002	0.14845922589302063	0.5391079783439636
0.5295640230178833	-1.1748205423355103	-1.1654868125915527	-3.0699894428253174	-0.5906644463539124	-0.8459682464599609	-1.4779716730117798	0.3499588370323181	-1.1842445135116577	-0.6034119725227356	-1.300223469734192	2.1878890991210938	-1.0017937421798706	0.48764216899871826	0.24771690368652344	-1.9798966646194458	1.4717892408370972	-0.33584243059158325	0.018206803128123283	0.03555019572377205	-0.9216117858886719	-0.013366219587624073	-1.4629210233688354	-0.7444086670875549	-0.41641196608543396	0.46297773718833923
0.017780300229787827	0.22366398572921753	0.8959633708000183	-0.6450014114379883	-0.6033620834350586	-0.38710618019104004	-0.5425683259963989	-0.014537698589265347	-0.5919187664985657	-0.6031240820884705	-0.528235912322998	0.7444575428962708	-0.05705555900931358	0.08580181747674942	-0.7741843461990356	1.07822847366333	2.3411073684692383	-0.9810200333595276	0.3488048017024994	1.968077301979065	-1.359846830368042	1.3161648511886597	-1.6660783290863037	-0.43724867701530457	1.514396071434021	-1.1106078624725342
0.9715948104858398	0.40776172280311584	-0.5781606435775757	-1.137848138809204	0.0168156735599041	0.1776818186044693	0.8546040654182434	0.9641139507293701	-1.5167597532272339	0.821347713470459	1.0870195627212524	-0.36197343468666077	0.8544363379478455	-1.591257095336914	-0.2907969057559967	-0.8960273861885071	-1.8386788368225098	0.9591767191886902	-0.9365409016609192	-0.33224353194236755	0.4855746328830719	-0.2594154179096222	-0.5397855639457703	0.42319390177726746	0.6250736713409424	-1.7369099855422974
-0.9252493381500244	0.20902960002422333	-1.4765732288360596	1.3572030067443848	1.4812179803848267	0.5060272216796875	-0.8628676533699036	1.6359986066818237	2.2192423343658447	0.31916382908821106	1.7329785823822021	1.7640783786773682	-1.2748501300811768	-0.07898690551519394	-1.1543145179748535	1.5712964534759521	1.6501121520996094	-1.0717549324035645	-0.5977756381034851	0.16534163057804108	-1.2506921291351318	0.5896450281143188	-0.09540420025587082	-1.601109266281128	0.1649610698223114	0.4225825369358063
0.21076913177967072	0.2626519799232483	-0.5006698966026306	-0.8999008536338806	1.201951503753662	0.5150055885314941	0.826930046081543	0.2910013794898987	-0.13548044860363007	0.1917659342288971	-1.0754956007003784	0.30252039432525635	0.13007225096225739	-0.9270930886268616	-0.041552986949682236	0.06716911494731903	-0.45151641964912415	1.6796728372573853	-0.2245703488588333	0.7154789566993713	-0.705988347530365	-2.5066332817077637	-1.3511241674423218	0.1742108017206192	-1.0382192134857178	0.7935169339179993
-0.2997957170009613	0.6875892877578735	1.1440587043762207	0.06621408462524414	-1.3450649976730347	-0.6554639935493469	-0.4644409716129303	-0.9420929551124573	-0.4251236617565155	0.49736887216567993	0.3915538191795349	-0.7964181303977966	0.07553058862686157	-0.45113804936408997	-0.2759648561477661	-0.45094382762908936	1.1560202836990356	1.1436824798583984	-0.5917074084281921	0.7701131701469421	-2.106640338897705	-0.059123918414115906	0.8240523934364319	0.4487837255001068	-0.9204312562942505	1.3173292875289917
-0.9019812345504761	0.43997514247894287	0.37591832876205444	0.7355512976646423	0.0009957603178918362	0.8401865363121033	-0.06051989272236824	-0.039527859538793564	-0.33491072058677673	1.7213499546051025	-0.0325116291642189	-0.7120030522346497	-0.6682294011116028	-0.4189166724681854	-0.07607026398181915	-0.5006901025772095	-0.3766259551048279	0.24067100882530212	0.3274962902069092	1.130853295326233	0.4994620680809021	-0.3872654139995575	0.3906603157520294	0.005572107154875994	-0.4692469835281372	-0.05009302869439125
0.28880491852760315	0.6044142842292786	-0.8017345070838928	0.11332216113805771	-1.039955973625183	-1.6414752006530762	0.8225193619728088	0.3445800542831421	-0.1364111453294754	-0.2683282494544983	-0.012322981841862202	-0.47779273986816406	1.3085675239562988	-0.008446737192571163	-0.07506625354290009	-1.5339735746383667	-0.7879464626312256	2.0279381275177	-0.8899357318878174	0.9808908700942993	1.074957013130188	-0.5497307777404785	-0.8052198886871338	1.000884771347046	-0.5442594289779663	1.3581714630126953
0.729314386844635	-0.8853972554206848	1.7295775413513184	2.0990443229675293	-0.8822306394577026	0.6886849403381348	1.6202222108840942	0.5492742657661438	0.9607336521148682	2.0112967491149902	0.7001044154167175	0.7877662777900696	1.510453462600708	0.22499485313892365	-0.6609848141670227	-1.3881453275680542	0.7352829575538635	-0.9105232954025269	0.5635594129562378	0.5530717968940735	-0.334385484457016	0.5121152400970459	2.0707991123199463	1.1899240016937256	-1.4633023738861084	0.3172217309474945
0.24406908452510834	2.530949354171753	0.11709558218717575	-0.5059487223625183	-0.871482253074646	-1.105639100074768	1.4026126861572266	0.23348061740398407	0.5159896016120911	-1.7897486686706543	0.43965381383895874	-0.04408610612154007	-2.2840352058410645	0.9078736901283264	-0.8815821409225464	1.607656717300415	0.22024722397327423	-0.06088167428970337	1.416400671005249	-0.8710623383522034	-0.7902613282203674	0.21853236854076385	-0.2932857871055603	0.9133756756782532	-0.6013792157173157	-0.8914471864700317
1.3150794506072998	-0.6936121582984924	-2.4528632164001465	0.9681684970855713	0.7527533769607544	1.3878130912780762	-0.43182286620140076	0.021804561838507652	1.321536660194397	0.9498704075813293	-0.6149301528930664	1.1989803314208984	0.05469604954123497	-0.3250507116317749	0.8875109553337097	-0.23517680168151855	0.2882598042488098	0.21513627469539642	-1.4923534393310547	1.2643259763717651	-1.8378832340240479	0.11488217860460281	0.6682295799255371	1.703141450881958	1.2326756715774536	0.4509144723415375
-0.040518924593925476	0.2479708194732666	-2.1764867305755615	-0.38941189646720886	0.2287558764219284	1.1575171947479248	-1.1527131795883179	0.4943486154079437	-0.25578200817108154	0.6262023448944092	1.494719386100769	0.16717921197414398	-2.91383695602417	-0.624916136264801	0.7196528911590576	0.9656506180763245	1.5756988525390625	-0.3814782202243805	0.3792782723903656	0.09504009038209915	0.6569966077804565	-0.4279393255710602	-0.795055091381073	0.06419941037893295	-1.9869681596755981	0.6417874693870544
0.466284841299057	-0.14722253382205963	-0.6213404536247253	2.652787685394287	-3.0140819549560547	1.2705116271972656	0.4539090692996979	-0.03189389035105705	0.6631818413734436	-1.8034383058547974	-2.5260090827941895	-1.0191277265548706	-0.3880714774131775	0.4743277132511139	0.08059138804674149	0.6973870992660522	-0.35658687353134155	1.3769526481628418	0.8121546506881714	0.2847582995891571	-1.9911210536956787	0.7386408448219299	-1.1186976432800293	0.45838120579719543	0.04494339972734451	-0.509498119354248
-0.14557883143424988	0.6702680587768555	1.7340415716171265	1.115845799446106	-0.7731337547302246	2.0068933963775635	-0.2672036290168762	1.4469847679138184	0.2234780192375183	0.5837713479995728	-1.7231943607330322	0.5813180208206177	0.07930120825767517	-0.04336632415652275	-1.0474553108215332	1.48233962059021	1.5765018463134766	-0.2927994430065155	1.4957125186920166	-0.041949864476919174	-0.12193816900253296	0.34385234117507935	0.5622197985649109	-1.9031147956848145	0.4938194155693054	-1.3124524354934692
-0.30403491854667664	-0.6551030874252319	-1.6215394735336304	0.3665880262851715	1.04574453830719	0.7474939823150635	1.6360371112823486	0.08109834045171738	1.978731632232666	-1.2479922771453857	-0.3679288923740387	-2.2405319213867188	-0.6223684549331665	0.7473936080932617	1.7008460760116577	0.39903509616851807	-1.133551836013794	1.6310560703277588	0.4971184730529785	0.38251370191574097	2.074580430984497	0.23520490527153015	0.2807256281375885	-0.6881546378135681	-1.43450129032135	-0.4683859050273895
1.2940865755081177	-0.4535540044307709	0.40574365854263306	0.5754421353340149	-0.20770004391670227	-0.9716076254844666	0.554113507270813	2.0394089221954346	0.07729047536849976	0.4993068277835846	-0.02834940515458584	0.5432987213134766	0.8657369017601013	-0.4227212071418762	-0.2626550793647766	-1.0999172925949097	-0.6855958104133606	0.2863541841506958	-0.524386465549469	0.75955730676651	-0.403452068567276	1.1797828674316406	0.9158830642700195	-1.9166855812072754	1.4710133075714111	-1.4560014009475708
0.9250891804695129	0.4257952868938446	1.3201855421066284	1.59325110912323	-0.46300819516181946	1.0120807886123657	-0.958310067653656	-0.68597811460495	-0.1930341124534607	0.4821738004684448	-0.5343673825263977	0.666825532913208	0.8084431886672974	1.1119531393051147	-0.6216817498207092	0.4825451076030731	-1.005210518836975	0.8189164400100708	1.273543357849121	0.9677594900131226	-1.9444960355758667	0.41153523325920105	0.5472033023834229	-0.3338316082954407	0.19277383387088776	-0.9587778449058533
0.6262282729148865	-0.24453982710838318	0.39844241738319397	-1.0001311302185059	-1.9818341732025146	-0.455912709236145	1.561309576034546	0.9237247109413147	-2.0097100734710693	1.1295005083084106	0.6451055407524109	0.015328905545175076	0.921658992767334	0.8375065326690674	-0.9105778336524963	0.3488225042819977	0.24588841199874878	0.2605511546134949	-0.4039081335067749	-0.9371851086616516	0.1071310043334961	1.8987358808517456	-0.5574691295623779	-0.9338141083717346	-0.0965469628572464	0.21136264503002167
0.934568464756012	0.21250306069850922	2.0928797721862793	-0.41898688673973083	1.0487186908721924	0.4368811845779419	0.22789603471755981	-0.15124209225177765	1.8462926149368286	0.015188373625278473	-1.5169183015823364	0.5397471785545349	-0.8486731052398682	0.8738474249839783	-2.020801067352295	0.19984541833400726	-0.8227315545082092	-0.047682732343673706	0.01927166059613228	1.2445122003555298	-0.2119574248790741	0.5162191987037659	0.8960058093070984	0.22960975766181946	0.6882736086845398	1.7645072937011719
0.3287294805049896	0.09278707206249237	-0.890844464302063	-0.2171247899532318	-0.2999556064605713	0.46435967087745667	0.5034546256065369	1.2081879377365112	-0.7012552618980408	0.18379570543766022	-1.8641972541809082	0.027508730068802834	1.3918834924697876	1.0208648443222046	0.7317317128181458	-0.06958650052547455	-0.32327529788017273	-0.6479223966598511	0.5294256210327148	-1.472446322441101	-0.003018279792740941	0.4266505539417267	-0.10554563999176025	-0.7653176188468933	3.4874608516693115	-1.6249207258224487
-1.1114383935928345	-0.31319859623908997	-0.5110659599304199	0.5384030938148499	-0.8572521209716797	0.3236052393913269	0.7909374237060547	1.9011759757995605	1.1763536930084229	1.0373539924621582	-0.8705282211303711	-0.1362067461013794	-0.5639328956604004	2.6712539196014404	-0.3334478437900543	0.25176534056663513	0.25277286767959595	-0.27374714612960815	-0.6941410899162292	-0.3700867295265198	1.8039413690567017	0.991632342338562	-0.2591584324836731	1.088140606880188	-1.018983006477356	1.4948899745941162
-0.19265742599964142	0.8275229930877686	-0.903577446937561	-0.4974961578845978	0.429801344871521	-0.7086917161941528	-0.4088701903820038	-0.42060768604278564	1.2482742071151733	0.32868218421936035	1.4843907356262207	0.23241931200027466	-0.48774465918540955	0.750534176826477	0.5267204642295837	-0.9348222613334656	0.7832046747207642	0.31620916724205017	1.137294054031372	0.0030535305850207806	0.6356480717658997	0.3679385781288147	-0.3933414816856384	0.2935534119606018	-0.1169644147157669	0.48480647802352905
-0.09578542411327362	-0.16915977001190186	0.9192377328872681	-1.6785674095153809	-1.095037817955017	0.0447576642036438	-1.5559478998184204	0.03939942270517349	-0.3394143581390381	-1.6138347387313843	1.513783574104309	-0.6837584376335144	1.1707737445831299	-1.3222452402114868	1.1655256748199463	2.081350326538086	-1.0112065076828003	-0.24816851317882538	1.0051416158676147	-0.4245208501815796	-1.7952271699905396	0.3590823709964752	0.8709601163864136	1.4152183532714844	1.1385780572891235	-1.7393112182617188
2.1387383937835693	-0.263332724571228	0.49899911880493164	-1.5373269319534302	-0.32221516966819763	-0.09866536408662796	-1.1772253513336182	0.28690430521965027	-0.4936782419681549	1.490941047668457	-0.6651563048362732	0.22068628668785095	-0.10487411171197891	2.043605327606201	-0.9663944840431213	0.2796780467033386	-1.0466113090515137	0.9191515445709229	-0.7463064789772034	0.6141803860664368	-1.0874438285827637	-0.6953151226043701	-0.09224262088537216	2.9694933891296387	-0.7972314953804016	-0.5766719579696655
-0.8708709478378296	-0.42896369099617004	-0.39464807510375977	-0.21650633215904236	2.2067911624908447	-1.0121318101882935	-0.5249833464622498	-1.314079999923706	0.8267583847045898	-0.1196826696395874	0.2025582492351532	0.6217142343521118	-0.8524200916290283	0.10236665606498718	-0.5452929735183716	-0.6374509334564209	-0.9167665839195251	-1.2465159893035889	-0.8561328649520874	-0.02739701233804226	-0.3070707321166992	2.100867748260498	0.5083943605422974	-0.10208358615636826	0.3224920630455017	-0.5642895102500916
-2.6852824687957764	-0.3734980523586273	-0.8977794647216797	-0.8870992660522461	-0.7033845782279968	-1.6449984312057495	0.3332880139350891	1.118360996246338	-2.28139066696167	-1.5955151319503784	-0.44917500019073486	-0.1223985105752945	-0.4259873926639557	-0.6629443168640137	0.21126402914524078	-1.899193525314331	0.5278447866439819	0.8231853246688843	1.6111643314361572	-0.12716352939605713	-1.1719732284545898	0.650669515132904	1.265329360961914	-1.4658195972442627	0.2116459459066391	0.91190505027771
-0.6209177374839783	0.06756394356489182	-0.39830559492111206	-0.5192301869392395	-1.0166627168655396	-0.3098161518573761	0.2337796688079834	-1.9623969793319702	-0.2736608386039734	-0.41185641288757324	0.778884768486023	0.8443684577941895	-1.774432897567749	0.59833824634552	-0.27660509943962097	-0.477068156003952	0.6000930070877075	-0.9573687314987183	0.8436613082885742	-1.2642135620117188	0.18660274147987366	-0.6280910968780518	0.6746283173561096	0.022357257083058357	0.6960991024971008	-0.07093951106071472
-0.45962902903556824	0.03947495296597481	-1.635880947113037	1.5822813510894775	0.507773220539093	1.8259116411209106	2.6088716983795166	1.7943090200424194	-1.0142573118209839	-0.5451774597167969	-0.035674139857292175	-0.6475399732589722	1.5699132680892944	-1.428193211555481	0.9821908473968506	-0.35302552580833435	-1.2531929016113281	-0.8001195192337036	1.8123842477798462	0.5007716417312622	0.344048410654068	-0.8272736668586731	0.046993691474199295	-0.20575445890426636	-0.5239787697792053	0.14607903361320496
0.09606167674064636	-0.8183149695396423	1.2425806522369385	-0.16870661079883575	-0.37941738963127136	0.1393464356660843	0.22001898288726807	1.9543657302856445	0.8159038424491882	-0.6442555785179138	1.411199688911438	-0.9926364421844482	-0.05811278522014618	-1.560063362121582	1.1004188060760498	-0.5135770440101624	-0.007768961135298014	0.4947134256362915	-0.9923838973045349	0.43374085426330566	-0.9265328049659729	1.2436240911483765	0.4112718403339386	1.0778857469558716	-0.7135751843452454	-0.2874034643173218
-1.3317022323608398	-1.8210489749908447	0.7925646901130676	0.2489534169435501	1.2982687950134277	-1.0107429027557373	-0.38649842143058777	-0.8133177161216736	0.282105028629303	-0.3629077970981598	1.3687949180603027	0.7360420227050781	-0.6052130460739136	0.5993178486824036	-0.25166237354278564	1.558474063873291	0.2514342665672302	0.9833435416221619	1.9536558389663696	0.34853890538215637	0.037128277122974396	0.31932488083839417	-0.9711867570877075	-0.9519791603088379	-1.2939934730529785	1.3107526302337646
3.0713822841644287	-0.5391717553138733	0.9805005192756653	0.870001494884491	0.05062566697597504	1.1181203126907349	-0.11186778545379639	-0.11314283311367035	-1.2593761682510376	0.33303073048591614	1.5279366970062256	-1.2703887224197388	-1.0816055536270142	0.11013393849134445	1.4885443449020386	-1.37776517868042	1.160566806793213	0.017041770741343498	0.7250778079032898	-0.25064823031425476	-1.5442068576812744	1.7298831939697266	-1.6284130811691284	1.4089056253433228	0.7426236271858215	0.6836548447608948
0.5735369920730591	-1.909057855606079	-1.6209168434143066	0.03624797984957695	-0.9342309236526489	-1.059470772743225	0.6605220437049866	0.3564457893371582	1.045451045036316	1.9102225303649902	-0.7628344893455505	1.0587520599365234	1.8768950700759888	0.45859938859939575	0.3870163857936859	-0.5287014245986938	-0.3845612704753876	-1.2472279071807861	1.0871821641921997	1.759306788444519	1.042280673980713	0.646998941898346	-0.3044940233230591	-0.27003252506256104	1.867706298828125	-0.03576568886637688
-0.3087656497955322	-1.1342600584030151	0.49392685294151306	0.8942482471466064	-1.0500454902648926	-0.7285023927688599	1.7505347728729248	-0.35061395168304443	0.40710994601249695	-0.23329246044158936	-1.0472811460494995	1.9923723936080933	0.1633954495191574	1.6170153617858887	0.9020760655403137	-2.343475341796875	-0.24319587647914886	-1.4477977752685547	-1.237671971321106	-0.10753817856311798	0.24729818105697632	-0.06746875494718552	0.08457880467176437	-0.19694684445858002	0.8299729228019714	-0.6795006394386292
-0.11857963353395462	0.9431496858596802	0.7281488180160522	-0.24652773141860962	-0.2406952977180481	3.215378522872925	-0.7800386548042297	-0.22741936147212982	0.5395905375480652	0.2828570604324341	-2.865703821182251	1.1352986097335815	0.1226678341627121	0.38230711221694946	1.876283884048462	-0.28579527139663696	-0.4716794788837433	1.0287537574768066	0.30721941590309143	-0.32491350173950195	-0.630945086479187	0.4960216283798218	-0.2656432092189789	-1.3099172115325928	-1.1824058294296265	1.6791324615478516
0.8532366156578064	-0.7655815482139587	0.6147705316543579	-2.341778516769409	-1.360155463218689	0.5634409785270691	0.6931639909744263	-0.7572340369224548	0.2101627141237259	-1.0239644050598145	0.9046314358711243	1.9424030780792236	-0.07764474302530289	1.1047654151916504	1.5050407648086548	-0.6830546259880066	0.3138309121131897	0.9724550843238831	-0.6121214628219604	-1.0304183959960938	1.9235082864761353	-1.3149893283843994	0.5770177245140076	0.9612049460411072	0.033109940588474274	-0.5000141859054565
1.038907766342163	-0.6103930473327637	0.5939038395881653	1.0423511266708374	0.2333918958902359	-0.8863672614097595	-0.3595009446144104	-1.3828047513961792	-0.11099895089864731	-0.4372982680797577	0.35237565636634827	-0.8162943124771118	-0.2663125693798065	0.8177907466888428	-0.2998892068862915	0.8413198590278625	2.687706708908081	0.959406852722168	0.0805664211511612	0.8414232730865479	-0.4374581277370453	-0.36323827505111694	-0.8579370379447937	-0.8459696173667908	-1.1725629568099976	-0.18027496337890625
0.39529484510421753	1.490800380706787	1.917922019958496	-0.804563045501709	-0.3611809313297272	-1.4851094484329224	0.11131677776575089	-1.3110756874084473	1.6809751987457275	-0.6323845386505127	1.7980639934539795	0.6166524887084961	-0.8385969996452332	-0.8705654144287109	-1.3856289386749268	0.5835567712783813	-0.28989213705062866	1.6612476110458374	-1.5701168775558472	0.49686211347579956	-1.2556263208389282	1.632118821144104	0.044141415506601334	0.5651454329490662	0.4731515347957611	0.23297137022018433
0.45689740777015686	-1.1147041320800781	-1.8660976886749268	-1.4200609922409058	1.2240058183670044	1.6085216999053955	-0.05737537145614624	0.8805279731750488	0.4038364589214325	1.5485658645629883	-0.3055645227432251	-0.4044664800167084	-0.45233476161956787	0.5580500960350037	0.6369138956069946	-0.9244064092636108	-2.407708168029785	-0.5599933862686157	0.43705689907073975	0.10993459820747375	-1.0069983005523682	1.758998990058899	0.29169541597366333	-0.36895623803138733	0.6641756892204285	0.3277387320995331
0.9457504153251648	1.8497055768966675	-0.10421537607908249	-0.6617541909217834	-0.547204852104187	0.5907295346260071	-0.4179607629776001	0.2800135910511017	-0.8132399320602417	0.6887209415435791	0.3967359662055969	-0.3321874141693115	-0.5778543949127197	0.07899371534585953	-0.8354564309120178	0.9385362267494202	-1.1368975639343262	0.6668295860290527	-0.4902116656303406	-1.6709256172180176	0.16663064062595367	0.23270189762115479	-1.5258675813674927	-0.20242314040660858	-0.2827052175998688	0.14086498320102692
-0.8061727285385132	1.3157962560653687	1.0028403997421265	0.6045497059822083	0.5452446937561035	-0.413235068321228	0.32291021943092346	-0.9333932995796204	-0.8338093161582947	0.6296266317367554	-0.03824775665998459	-0.9806686043739319	-0.341337651014328	0.1748863011598587	-1.3279821872711182	-0.5419209003448486	2.656184673309326	-0.17517291009426117	1.7254315614700317	-0.45442602038383484	-1.350509762763977	2.110653877258301	0.3471974730491638	-0.8127856850624084	2.0218255519866943	1.8563083410263062
0.021843623369932175	1.0424773693084717	0.5677766799926758	1.5934181213378906	0.0067786904983222485	-0.39806121587753296	0.15171317756175995	-1.9434152841567993	-0.25720101594924927	0.2158018946647644	0.4692603647708893	0.7949087619781494	0.737636387348175	0.7249158024787903	-0.12981951236724854	-1.52010977268219	-1.6603974103927612	-0.7111948728561401	2.0699703693389893	0.03836202993988991	0.3718881905078888	0.9652305841445923	-2.1519219875335693	0.29526641964912415	1.350517988204956	-1.009725570678711
-0.03394255042076111	-0.21838641166687012	-0.6816012859344482	-2.4305527210235596	-0.9027605652809143	-0.566230297088623	-1.7989979982376099	0.8660213947296143	-0.8240265846252441	0.9177728891372681	-0.8035793304443359	-0.5124119520187378	-1.7423988580703735	0.11814804375171661	0.7448557615280151	0.7136563062667847	0.8896455764770508	2.5475645065307617	-0.33025652170181274	-0.20415881276130676	0.24730485677719116	-0.471177339553833	0.23427195847034454	0.6055054664611816	-2.079296112060547	-0.7153078317642212
-0.26706811785697937	-0.09524811804294586	2.3672561645507812	-0.2466607242822647	0.34889647364616394	0.1088860034942627	-0.6017540097236633	0.08688396215438843	0.6029706001281738	0.3982565701007843	0.48725107312202454	1.0427768230438232	1.993028163909912	-0.10637027025222778	-0.09641093760728836	-0.9864248633384705	-0.6839964389801025	0.46697041392326355	-1.2956047058105469	0.5794090628623962	-0.9909304976463318	1.4514862298965454	1.2912665605545044	-0.42554566264152527	-0.9560324549674988	0.06992380321025848
-0.3468070328235626	2.600346326828003	2.0127036571502686	-0.5208995342254639	0.16225622594356537	1.2307628393173218	-0.02016432397067547	-0.1979983001947403	-1.2769485712051392	0.6860279440879822	-0.10083305835723877	-0.004409694578498602	0.7470934987068176	0.40219205617904663	-0.7249473929405212	0.8214342594146729	0.8608514666557312	0.5910757184028625	-0.3696031868457794	-0.3830467760562897	-0.4508979916572571	-1.5279768705368042	-1.1116187572479248	-0.4282664656639099	0.25451159477233887	-0.010370760224759579
-1.1909403800964355	0.6839715838432312	0.4345155954360962	1.7500677108764648	0.5952935814857483	-0.44804447889328003	0.3838188052177429	0.9621444344520569	-1.2995072603225708	1.6477410793304443	-0.23658889532089233	-1.03072988986969	-0.28943246603012085	0.14459013938903809	1.1410454511642456	-0.26799631118774414	-1.8000919818878174	0.3247726261615753	-0.1520506739616394	0.8536278605461121	-0.21155524253845215	0.8287922143936157	-0.2939656674861908	-1.0223429203033447	-0.8580150008201599	0.5341876149177551
0.259424090385437	1.6722862720489502	-1.0686240196228027	-1.6256977319717407	-0.5023043751716614	-0.39519938826560974	0.5307419896125793	-1.2568517923355103	2.0712051391601562	-0.48609867691993713	0.8977541923522949	-0.00961152371019125	-0.4863471984863281	-0.5758517384529114	-0.3670945465564728	-0.36742737889289856	-0.9358740448951721	-0.28758248686790466	1.1015403270721436	-1.4833705425262451	-0.7076312899589539	-0.6012656092643738	-0.3064591884613037	0.48076003789901733	1.3505772352218628	-1.7200134992599487
-1.9181712865829468	-2.018521547317505	0.7376684546470642	-0.7799739837646484	0.1777515858411789	-0.460367351770401	-0.0047653974033892155	1.2911044359207153	0.36102405190467834	0.04451252892613411	-0.6657981872558594	-1.2106127738952637	0.8126457929611206	-1.2298508882522583	0.40667280554771423	-0.7821606993675232	-0.17179007828235626	0.43203407526016235	0.1182742789387703	0.15009699761867523	0.17028123140335083	1.516450047492981	0.1319270133972168	1.507921576499939	-0.0299764983355999	1.2970435619354248
-0.8969618678092957	-0.5095071792602539	-0.35660746693611145	0.12271399796009064	-0.8125937581062317	1.7144585847854614	0.7991592288017273	-2.212813138961792	0.7445180416107178	0.08666519075632095	0.7737687826156616	-0.7175958156585693	0.4609330892562866	0.6859732270240784	1.1984888315200806	-1.3105331659317017	-1.3784675598144531	0.3858392536640167	0.08967358618974686	-0.2979382872581482	-1.753606915473938	2.348633050918579	0.7266166806221008	-0.4300369620323181	0.44386109709739685	-0.5035444498062134
1.1527856588363647	0.25226762890815735	0.1670360416173935	1.3679856061935425	0.21264837682247162	0.10197519510984421	0.018087247386574745	0.6024218797683716	0.6330634951591492	-1.1509889364242554	-0.04855552688241005	-0.8415018320083618	-0.9838890433311462	1.5346876382827759	-0.2731947600841522	0.4042392373085022	0.01292318757623434	-1.1089529991149902	-1.5365849733352661	1.329603910446167	0.0315728485584259	0.5964612364768982	-0.28614580631256104	-0.18980400264263153	-0.39382845163345337	1.4418272972106934
-1.5069655179977417	1.4931610822677612	1.2322903871536255	-1.1270467042922974	-0.9753137826919556	-0.15752798318862915	-0.7590213418006897	0.5959640741348267	1.4146384000778198	-0.43726494908332825	-0.8175052404403687	-0.30572614073753357	0.39753779768943787	3.3164596557617188	-0.7446686029434204	1.1907120943069458	-0.6973820328712463	0.41002926230430603	0.0877779871225357	0.6804051399230957	1.5999425649642944	-0.9347817301750183	1.2549076080322266	0.5450907945632935	1.1137511730194092	-0.19280636310577393
0.9789150357246399	-0.24069318175315857	-0.3534749448299408	-1.5203479528427124	0.4813644587993622	-0.9543898701667786	0.14861606061458588	1.1831797361373901	0.015305549837648869	0.2208775281906128	-1.4078962802886963	0.42680710554122925	0.4979080557823181	0.6314789652824402	-0.09663545340299606	-0.8650741577148438	-1.4163429737091064	-0.3548482358455658	-1.1610156297683716	0.15632934868335724	-0.6054745316505432	-0.9957208037376404	-0.026487495750188828	-1.8190112113952637	-0.2961329221725464	-0.20323042571544647
-1.9663137197494507	0.12335602194070816	-0.3292628526687622	0.8386075496673584	2.2803916931152344	-0.7021868228912354	-0.05900310352444649	0.7546446919441223	-1.5263888835906982	-0.13431306183338165	1.62846839427948	0.1260591298341751	-0.4803186058998108	-0.7259513139724731	1.6767998933792114	0.8781861066818237	-0.9597148895263672	1.504328727722168	-1.5508527755737305	-0.20824457705020905	-1.9513989686965942	0.015906233340501785	-1.5121885538101196	0.18226298689842224	-1.2691011428833008	-0.08289775252342224
0.9616748094558716	-0.3972232937812805	0.3914138674736023	1.112126111984253	0.2186867892742157	0.4444223642349243	1.1882587671279907	1.015207052230835	-0.14223060011863708	-0.8324874639511108	0.10662882775068283	0.9834853410720825	-0.8101766109466553	0.579453706741333	1.417432427406311	-0.5482164025306702	-0.1051950752735138	-0.28947487473487854	0.9828734397888184	0.17642612755298615	-0.9458938241004944	-0.033076900988817215	0.0031991463620215654	-0.3081972897052765	-0.12460751086473465	-1.1242755651474
0.14828385412693024	-1.0643210411071777	-1.3853631019592285	-0.8120683431625366	-0.8412331938743591	1.8316104412078857	-1.0849063396453857	1.867859125137329	0.11639273166656494	0.18470525741577148	-1.314963936805725	0.9181409478187561	-0.6025459170341492	-1.2545933723449707	0.2742535471916199	0.27502337098121643	-0.7130676507949829	-1.763176679611206	0.5967071056365967	-0.7046570181846619	3.0390636920928955	-1.569097638130188	0.19391314685344696	0.3399607837200165	-1.4690452814102173	-2.573517084121704
-0.8689140677452087	-0.1526990830898285	-0.0333905927836895	-0.7879247665405273	-0.9668998122215271	-1.2642706632614136	0.35919085144996643	-1.4375709295272827	0.2411864995956421	-0.1777527779340744	-0.384723961353302	-1.682053565979004	-0.03940489515662193	0.7459341883659363	1.154667854309082	-0.1181587502360344	-2.466641902923584	0.8688368201255798	0.11649607867002487	-0.6688557267189026	-0.7745006084442139	0.3154827058315277	0.860074520111084	0.05448378250002861	0.6825286149978638	1.772628664970398
-0.00019754628010559827	-1.9902852773666382	0.2839243710041046	-0.21038514375686646	0.0360993966460228	1.5365664958953857	-1.3019720315933228	0.12325172126293182	-0.9624659419059753	-0.19582945108413696	-0.5521204471588135	0.6192559599876404	-0.8566487431526184	-0.09874241799116135	1.1051608324050903	0.36032935976982117	-0.8077667355537415	-0.7657238841056824	-0.17045338451862335	-0.17571485042572021	1.781995415687561	0.1606462001800537	-0.9171494841575623	1.475476622581482	2.6516146659851074	-1.312228798866272
0.5872952938079834	0.9641263484954834	0.2488902360200882	-0.3420315086841583	0.04527350515127182	-1.1808124780654907	-1.3821545839309692	-0.31653067469596863	1.4930732250213623	-1.6687872409820557	-0.206464022397995	1.6641634702682495	-0.988095760345459	1.2427529096603394	-1.2604615688323975	0.4344497621059418	-0.6494618058204651	1.4138920307159424	0.03404278680682182	1.1261091232299805	-0.22363553941249847	-0.4323069453239441	-1.1923683881759644	0.23578079044818878	-0.8082787394523621	0.16980551183223724
-1.9670413732528687	-0.01971079409122467	-0.7614174485206604	1.3848285675048828	-0.28099554777145386	0.17483031749725342	-0.6073662638664246	-0.29165294766426086	-2.4181878566741943	-0.0054673138074576855	2.3781025409698486	-1.1168534755706787	-0.8607975244522095	-0.1304919719696045	-0.549712598323822	0.9869336485862732	-0.5290039777755737	-0.8150748610496521	1.9042856693267822	1.2276606559753418	0.8861656188964844	-0.6593590378761292	0.9640396237373352	-1.5298986434936523	0.07835402339696884	0.4003007113933563
-0.9068842530250549	0.995621919631958	0.18231116235256195	1.62642502784729	-0.015205571427941322	1.016046166419983	1.320435643196106	1.6951278448104858	-0.99649977684021	2.2733819484710693	0.4871600568294525	0.12193118780851364	0.31427353620529175	-2.190394163131714	1.1489078998565674	0.4464839994907379	-0.40325531363487244	0.9890579581260681	-0.719038724899292	-0.914696455001831	-0.22561109066009521	-0.4576295018196106	-0.12571725249290466	-0.7728573679924011	0.3569096028804779	-0.9185447692871094
-0.9553056359291077	-1.579453468322754	1.031798243522644	0.6978749632835388	-0.0499839223921299	0.0476900115609169	-1.6501377820968628	2.126535415649414	0.8068820238113403	-3.426206111907959	-0.7138611078262329	1.550363540649414	-0.5620952248573303	1.0944241285324097	0.22779260575771332	-0.5536413192749023	-0.47729942202568054	1.7540963888168335	-1.0612528324127197	-0.36566072702407837	-0.420920193195343	0.36032965779304504	1.283493995666504	-0.6367515921592712	2.2595927715301514	2.0532658100128174
1.3187708854675293	-0.09012903273105621	0.3975246548652649	-0.7838937044143677	0.1061742901802063	-0.17541591823101044	-0.5564877390861511	-0.3163413107395172	0.5414969325065613	0.569979190826416	-2.700624465942383	-0.7235223054885864	1.5907864570617676	-0.07523400336503983	0.30554699897766113	-0.47726231813430786	1.649213194847107	0.9930311441421509	1.0092211961746216	1.228891372680664	-0.7081255912780762	0.3463798761367798	-0.47158265113830566	-0.6601113677024841	-1.2385473251342773	0.04925183579325676
1.5884461402893066	-2.534454345703125	-0.33336782455444336	-1.1188108921051025	0.9600733518600464	-0.6574283838272095	0.5687698125839233	-0.2831653356552124	0.4260970652103424	0.0960555374622345	0.4888841509819031	-0.2508169114589691	-0.4566420614719391	3.2759804725646973	0.9365889430046082	0.7785927653312683	1.0364744663238525	-0.9668503999710083	-0.07277032732963562	0.16669447720050812	0.32605069875717163	0.07602866739034653	-0.018825802952051163	-1.2755813598632812	0.3924705386161804	-0.5787222981452942
0.3239223062992096	-0.11718561500310898	-1.2639186382293701	-0.5012730360031128	0.5440155267715454	-0.3194657266139984	1.4156250953674316	1.1460813283920288	-2.6844468116760254	0.7538682222366333	-1.1975910663604736	-0.3400510251522064	0.4160708487033844	0.0782506987452507	0.13159848749637604	0.37362411618232727	1.1383551359176636	1.131070852279663	-2.1060354709625244	0.44718146324157715	-1.8041315078735352	-0.6852465271949768	-0.8314096927642822	-1.238750696182251	1.5663880109786987	1.4898473024368286
2.3606340885162354	-0.4856370985507965	1.4416916370391846	0.858208179473877	-1.2570420503616333	0.7015897631645203	0.2627681493759155	1.0285229682922363	1.1258506774902344	-2.311697483062744	0.975334107875824	-0.6082333326339722	0.5496591329574585	1.3393070697784424	1.8339788913726807	0.5163445472717285	1.8079971075057983	-0.5586498379707336	-0.7541356682777405	1.1582354307174683	0.36266395449638367	0.48605138063430786	-0.6031000018119812	0.6711795330047607	-0.14862024784088135	0.925967812538147
0.3075605630874634	0.05663323402404785	0.35401153564453125	-0.8415693044662476	0.765387773513794	-2.6657416820526123	0.9219290614128113	-1.6767572164535522	0.6748207807540894	-0.5749791264533997	0.5373685359954834	1.3558028936386108	-0.8325690031051636	1.0279432535171509	-0.8645057678222656	0.24798160791397095	-1.1763403415679932	1.8052623271942139	0.726272463798523	-0.8555830121040344	0.2739047408103943	-2.2408528327941895	0.7093241810798645	0.077334463596344	-1.0381685495376587	0.381463885307312
0.8056939244270325	-1.4154919385910034	3.1416501998901367	-0.9208143949508667	-0.18012137711048126	-1.1748261451721191	0.8590297698974609	-0.5759780406951904	-0.19266065955162048	-0.7272093296051025	0.2578118145465851	-1.7198445796966553	-0.6227205395698547	0.5881385803222656	-0.3147416412830353	-0.5125703811645508	-0.31134843826293945	-1.4551388025283813	-0.5966771245002747	-0.9107866287231445	-0.7193417549133301	0.39102545380592346	-0.0487503819167614	-2.350987195968628	-0.7524102330207825	1.387831687927246
-0.9396408200263977	1.041427731513977	0.7711987495422363	-0.16933059692382812	-0.5207564234733582	-1.4214484691619873	-0.6324682831764221	1.1473900079727173	-0.22392521798610687	0.06368130445480347	-0.5977228879928589	-0.9649545550346375	-0.5569899678230286	0.13642725348472595	0.07929279655218124	0.04107354208827019	-0.1899789273738861	2.494715929031372	0.22583143413066864	0.4940287470817566	-3.154498338699341	1.8938031196594238	0.9838634133338928	-0.13227033615112305	-0.39967891573905945	0.9754173755645752
-0.25753334164619446	0.81590735912323	-0.6152405142784119	-1.1296582221984863	1.1418392658233643	-0.9787812232971191	0.5956389307975769	0.4377557635307312	0.275274395942688	-0.44264060258865356	1.7616349458694458	-0.4019274413585663	0.29602473974227905	-0.45320287346839905	0.7721089124679565	0.07792770862579346	1.305629014968872	1.0568300485610962	1.037114143371582	0.08710777759552002	-0.07351662218570709	-0.4952464699745178	-1.2420443296432495	-0.9741355776786804	0.6815600395202637	-0.8262971043586731
0.5342473983764648	0.4068298041820526	-1.096197485923767	-0.5394178628921509	1.2881916761398315	-0.6140077710151672	0.6098145842552185	-2.4984169006347656	-0.5476740002632141	-0.24909962713718414	-0.6325322389602661	1.0717381238937378	0.16157814860343933	-0.3625439405441284	-0.6885297894477844	0.5330541729927063	1.885787010192871	0.8451840281486511	0.4538934528827667	-1.246850609779358	0.6651647686958313	0.3606337308883667	0.7766355276107788	-0.12946708500385284	0.7498559355735779	0.004553036764264107
1.415223240852356	-0.2108655720949173	-0.5686812996864319	0.4830586016178131	1.0318623781204224	-0.024049893021583557	-0.35632064938545227	-0.5447547435760498	-1.864694595336914	-1.2362538576126099	1.1051506996154785	0.5384936332702637	-1.1122387647628784	-0.4372237026691437	-0.6594225168228149	-0.9066513776779175	1.076054334640503	0.795723557472229	-0.2740914523601532	-1.7943804264068604	0.14373598992824554	-0.501335084438324	-1.2065635919570923	1.0892324447631836	-1.0892270803451538	-1.1194995641708374
-1.1824676990509033	0.2269231528043747	-0.7449633479118347	1.0181690454483032	-0.4056840240955353	0.6820628046989441	0.1320369690656662	-0.3449844717979431	0.9650657176971436	-0.7699435949325562	0.9117291569709778	-0.9878518581390381	0.910904049873352	-0.11570045351982117	0.9612089991569519	0.6081604361534119	-0.6886281967163086	-2.272099256515503	-1.3626623153686523	-1.1973453760147095	-1.3024879693984985	-1.4067209959030151	-0.36046066880226135	0.2150864601135254	0.48257777094841003	0.3966183364391327
1.4252241849899292	-0.6364490389823914	0.2588346004486084	-2.1751716136932373	-0.46765729784965515	-1.2026206254959106	0.22150541841983795	0.5530881881713867	-1.1210774183273315	0.1510949730873108	2.1551730632781982	0.26769891381263733	0.031142069026827812	-0.4393165111541748	1.2751381397247314	-1.4398746490478516	0.3892868161201477	-1.060916543006897	-0.7141405940055847	-1.2005912065505981	1.9366358518600464	-0.4057028293609619	0.17449617385864258	1.144412875175476	-0.9206547737121582	1.1068878173828125
-0.040405191481113434	1.2243351936340332	0.32409393787384033	0.40422627329826355	-0.03959999606013298	0.42979490756988525	0.01075059175491333	-0.5284457206726074	1.8180099725723267	0.24616146087646484	0.11604376882314682	-0.1300758570432663	-0.6775351166725159	-2.595184564590454	-1.3583999872207642	-0.5881858468055725	0.3429934084415436	-0.40918442606925964	-0.6360068321228027	-0.2782127261161804	1.5851529836654663	1.0223768949508667	1.6259099245071411	0.574604868888855	0.7473075985908508	-0.03677193447947502
-0.5516435503959656	0.9105007648468018	0.19619645178318024	1.092026710510254	0.5302402377128601	0.7665992975234985	-0.7613197565078735	0.41593971848487854	0.9290271997451782	-0.6921120285987854	0.3934289515018463	-0.05680881440639496	1.1197640895843506	1.3029135465621948	-1.0013662576675415	2.080160617828369	0.040751855820417404	1.0554920434951782	0.2583729922771454	-0.32735151052474976	-2.1542303562164307	-1.4957154989242554	0.2336559295654297	-0.02657156251370907	0.35124683380126953	-0.5371149182319641
-0.5355600118637085	1.6026629209518433	-0.7147364616394043	1.9804580211639404	-1.0222563743591309	0.6776404976844788	0.41991111636161804	0.0034730597399175167	-0.6155463457107544	0.4704209268093109	-0.044904667884111404	-0.33437812328338623	1.2977808713912964	0.20434974133968353	-0.1347334086894989	0.6175711750984192	0.1436081975698471	-0.36496198177337646	0.10948404669761658	0.9889917969703674	-1.662721037864685	-0.30611279606819153	0.06031021475791931	-0.24701188504695892	-1.1364771127700806	-0.3759424686431885
-1.1872719526290894	0.869611382484436	-1.0419871807098389	-1.1397582292556763	-0.6016427874565125	-0.45833122730255127	1.1030669212341309	-0.09766300022602081	1.2418487071990967	1.309931755065918	0.22543218731880188	1.1640866994857788	2.11242938041687	-0.5563881993293762	0.3444596230983734	-0.24092571437358856	0.3460337221622467	1.1107314825057983	-1.0335983037948608	-0.9460182785987854	1.9588816165924072	-1.1786726713180542	-1.3806120157241821	1.217044711112976	0.1096177026629448	0.2920747995376587
0.8005149960517883	1.1940538883209229	0.21619616448879242	1.2487144470214844	1.0763530731201172	0.7137454152107239	0.25158974528312683	0.37614351511001587	-0.36894986033439636	-1.580411672592163	-1.1620713472366333	-2.3495712280273438	1.2765685319900513	0.7309162616729736	-1.000380516052246	0.23107922077178955	0.2645277678966522	-0.11747972667217255	0.46244844794273376	-1.082289457321167	0.8185752630233765	-1.0741232633590698	0.339290589094162	-0.21045690774917603	0.19928039610385895	-0.277889221906662
-0.21106787025928497	1.3444459438323975	0.6388499736785889	-1.417128086090088	-1.0272542238235474	1.7339098453521729	0.1661096215248108	0.6090285778045654	0.3731488585472107	-0.8694523572921753	0.22478604316711426	-0.1225292757153511	-0.3205591142177582	-1.2423009872436523	0.26555192470550537	0.3666386008262634	1.1083252429962158	1.5000791549682617	0.5936185121536255	0.8975826501846313	-0.8489447832107544	0.5328503251075745	-0.7059310078620911	-1.079258680343628	-0.7727013230323792	-0.945671558380127
-0.7169959545135498	-1.3626457452774048	1.8235994577407837	-0.49344944953918457	0.9659463763237	-0.3297133445739746	0.3076924681663513	0.1285579651594162	0.0031354951206594706	1.605665922164917	0.19306589663028717	2.394800901412964	-0.7861997485160828	-1.9727343320846558	-1.42185640335083	0.8445948362350464	-1.8237494230270386	0.6048744916915894	-0.30596300959587097	0.23937064409255981	-1.4739830493927002	-0.4978455603122711	0.064388707280159	0.614514172077179	0.5987381935119629	-0.7189001441001892
1.0148979425430298	-0.1348273605108261	-0.544545590877533	-0.6619967818260193	-0.5088132619857788	-0.22074826061725616	0.7722118496894836	0.7261859178543091	-0.7496922016143799	-0.8345277905464172	0.32307225465774536	0.10360611230134964	1.6495121717453003	0.5137245059013367	-2.974607229232788	-3.1585609912872314	-1.372799277305603	-0.0384545661509037	-0.38535040616989136	0.3700871169567108	0.18362994492053986	0.6916045546531677	0.521196186542511	0.33679068088531494	1.7740625143051147	0.20216144621372223
0.20077526569366455	-0.07162494957447052	-0.8997531533241272	-0.17854814231395721	-0.4796082079410553	0.3426379859447479	0.42764508724212646	-0.9059024453163147	-1.3181798458099365	-0.4186427593231201	-0.1768314093351364	0.8981781601905823	0.5560058355331421	0.5720001459121704	1.3006212711334229	0.9137316942214966	-0.4139072299003601	-1.1335620880126953	-1.0042402744293213	-0.5492814779281616	-0.14174799621105194	-0.5624138116836548	0.5892893075942993	0.6592427492141724	1.0856794118881226	-0.39859527349472046
-0.331480473279953	-1.6714686155319214	1.92561674118042	1.040918231010437	0.3903789818286896	0.20773933827877045	-1.0237606763839722	-0.5701133012771606	0.2123699188232422	0.34084805846214294	-0.22776231169700623	2.125077962875366	-0.5177821516990662	0.2710297107696533	0.0648639127612114	-0.9608362913131714	-0.5895834565162659	0.6844748854637146	1.9011495113372803	0.3515755236148834	0.5467799305915833	-0.26034972071647644	0.8073470592498779	-1.1434661149978638	1.8688538074493408	-0.04363061115145683
0.13704198598861694	0.5827593803405762	-0.2193116992712021	0.821955680847168	0.5592622756958008	0.1993265002965927	-0.24035993218421936	-0.6911101341247559	1.0298103094100952	0.6942896246910095	-0.2239466905593872	-0.3350553512573242	0.9548649191856384	-1.1412359476089478	0.5975179076194763	0.23778356611728668	1.3281244039535522	0.8003923296928406	0.30172663927078247	0.4056429862976074	-0.18456944823265076	0.9185583591461182	0.29578259587287903	0.7382262349128723	0.7756273150444031	-0.6052268743515015
0.4943367838859558	-2.1399588584899902	-0.1513354480266571	-0.460532546043396	0.05787915363907814	-0.06967349350452423	1.4044350385665894	0.857785165309906	1.369870662689209	1.024346113204956	-0.43335357308387756	1.0682040452957153	-1.8010469675064087	1.4368962049484253	0.8530595898628235	-0.4603620767593384	-0.1375136822462082	0.07398815453052521	0.34618017077445984	0.16826710104942322	-0.6393089890480042	-1.1760172843933105	-0.15855231881141663	-0.010719901882112026	0.8597118258476257	-2.0239498615264893
-1.123064398765564	-0.18892823159694672	-1.1681417226791382	-1.0254416465759277	1.5766159296035767	-0.6636607646942139	1.384893536567688	0.5406278967857361	-0.4160650074481964	0.6746886968612671	-0.28100475668907166	1.0032768249511719	0.5865368247032166	-1.0906953811645508	-0.20074698328971863	8.588173659518361e-05	0.4538237750530243	-1.111636996269226	-1.3360854387283325	1.674168348312378	0.40884384512901306	-0.05657751113176346	0.217845618724823	0.1926032453775406	1.7411049604415894	0.5639909505844116
1.0557284355163574	-1.5086960792541504	0.49838703870773315	-0.4650771915912628	-0.16032278537750244	0.9802204966545105	0.13560611009597778	0.8009756803512573	0.16326111555099487	0.28290411829948425	-0.8814548254013062	1.6207071542739868	1.9326022863388062	1.304055094718933	0.3173253536224365	-0.5914424061775208	-1.0561572313308716	-0.6761072874069214	1.7984615564346313	-1.2315804958343506	1.2206940650939941	0.6189436912536621	-0.4959997832775116	0.8627479672431946	0.025702960789203644	-0.018315836787223816
-1.1452752351760864	-1.103932499885559	-0.29860901832580566	1.3250610828399658	0.2399400919675827	0.5192195177078247	0.33300676941871643	1.3621423244476318	-0.5654614567756653	-0.034169793128967285	-0.19982993602752686	1.9461941719055176	-0.6808182001113892	-0.0771714448928833	-2.1509742736816406	-1.1482380628585815	0.10255908221006393	-0.5751792192459106	1.100812554359436	-1.3467133045196533	-1.68730890750885	-0.20323102176189423	0.22652311623096466	2.3907968997955322	0.2685161232948303	1.2608976364135742
1.700094223022461	1.538658857345581	0.48864907026290894	1.3932218551635742	1.7365235090255737	-0.09411104023456573	0.5232678055763245	-0.018338214606046677	0.2752206325531006	-1.6296647787094116	1.8357802629470825	-0.8019529581069946	0.532866895198822	-0.4708758592605591	-1.346949577331543	-2.1625146865844727	0.6797963976860046	0.052992455661296844	-0.34815895557403564	1.11246919631958	-1.4914257526397705	0.002213862258940935	-0.9148728847503662	-0.19701874256134033	0.1669122278690338	1.166536569595337
-1.864127278327942	-0.38795146346092224	0.19961415231227875	-1.392599105834961	1.4988681077957153	-1.2584213018417358	0.6487901210784912	-1.602502703666687	1.0885663032531738	-0.5853899717330933	-0.017538823187351227	0.13159647583961487	-2.0193002223968506	-1.4013334512710571	0.7076420783996582	-0.8210011720657349	0.6170377135276794	-2.069772243499756	-0.0796930119395256	0.06743678450584412	-0.20682412385940552	0.5493636131286621	0.20772375166416168	0.2980498969554901	-1.294784426689148	0.9001603722572327
1.1443990468978882	-0.7213637232780457	0.8681928515434265	-1.56489896774292	1.4135432243347168	1.9050989151000977	0.8514763116836548	0.581041157245636	-0.9544064998626709	-0.5739449858665466	0.5151531100273132	-0.06375400722026825	-0.5975477695465088	-0.2535952925682068	-1.1637632846832275	-1.0222865343093872	0.3519383370876312	-2.1470980644226074	0.2452903389930725	-0.11159592866897583	1.7531300783157349	-1.2452102899551392	-0.8760324716567993	1.199181079864502	-1.1685723066329956	0.8180410265922546
0.6015642881393433	1.0482500791549683	1.410843849182129	-0.08428391069173813	-0.7881743907928467	-0.05092950165271759	-0.6170952320098877	-0.34230732917785645	-0.1291695386171341	0.46585893630981445	-0.24362412095069885	0.9388061165809631	-0.19492670893669128	0.11930479109287262	-2.018770933151245	-0.7391820549964905	-0.04678305983543396	0.45433396100997925	0.9448648691177368	-0.3997141420841217	0.04592153802514076	0.2706359326839447	-0.5306848883628845	1.0988069772720337	-0.024087753146886826	-0.13148857653141022
-0.5765568614006042	0.4298374354839325	-0.7600429654121399	1.2903023958206177	-1.1111726760864258	-0.9255089163780212	-0.6719488501548767	-0.18572114408016205	1.5076088905334473	1.9736402034759521	-0.5771430730819702	-0.6579312682151794	0.937118411064148	-0.6878897547721863	-1.236116886138916	-0.19360055029392242	-1.0839519500732422	0.1100427657365799	1.159441590309143	1.8416098356246948	1.9463742971420288	-0.864776611328125	3.5533342361450195	2.452996253967285	1.7024883031845093	-0.45210257172584534
0.865979015827179	0.03381264582276344	1.1091632843017578	-1.4141428470611572	-0.8551820516586304	-0.9251748919487	1.8577567338943481	2.1625404357910156	0.4301052987575531	1.2491134405136108	0.14027057588100433	0.05285029858350754	0.18253366649150848	0.11836927384138107	-0.22418038547039032	-0.3063020408153534	0.2575864791870117	-1.2395567893981934	0.15233121812343597	0.589005708694458	0.024439308792352676	-0.6609230041503906	-0.5480859875679016	0.22551760077476501	0.7239490747451782	0.5519253611564636
-0.7802613377571106	-0.07169925421476364	1.27204167842865	0.7400364875793457	0.2932824492454529	0.6788511872291565	-0.20302991569042206	1.9722791910171509	0.286118745803833	-0.13987597823143005	0.03706837072968483	1.0289400815963745	-1.8284152746200562	-0.8860158920288086	1.0777790546417236	-0.7831611633300781	0.41440626978874207	-0.8691730499267578	-0.4534234404563904	1.1069945096969604	0.7372389435768127	0.5630109906196594	0.18167400360107422	-0.7642238736152649	-0.3359343707561493	1.1658779382705688
2.460663318634033	-0.3188212513923645	-1.4578276872634888	0.4884662628173828	1.5977849960327148	1.5933644771575928	2.2589852809906006	0.797969400882721	1.4105191230773926	2.7595114707946777	-0.6984930038452148	-1.3953394889831543	-1.3785148859024048	1.544260859489441	0.45818275213241577	0.16263195872306824	-0.3844417929649353	0.05641147121787071	1.8845007419586182	-0.22110944986343384	-0.48649168014526367	-1.1248893737792969	-0.1456388235092163	1.3400304317474365	-0.3947342336177826	-0.44926726818084717
-0.006090814247727394	-0.64735347032547	-1.7924495935440063	-1.359948992729187	0.6337383389472961	0.9636865854263306	-0.9723143577575684	-2.8974802494049072	-0.025919759646058083	0.7277618050575256	-1.2871545553207397	0.6848424077033997	1.1197253465652466	-1.0327378511428833	-0.6158170104026794	-1.3342045545578003	0.28529825806617737	1.187400221824646	-0.13938787579536438	1.5642083883285522	-1.2348823547363281	0.8569324612617493	-0.0390612967312336	0.9981665015220642	-0.9850267171859741	0.5178248286247253
-0.1257106363773346	1.2844635248184204	0.2936631441116333	0.5039873123168945	1.1139111518859863	0.23440709710121155	-0.5711610913276672	0.6603575348854065	1.1629574298858643	1.5487565994262695	2.138638496398926	0.10149368643760681	-0.21602492034435272	-0.5335016846656799	0.1894346922636032	0.10449177771806717	-1.314972996711731	0.36735254526138306	-0.5915724039077759	-0.19537962973117828	0.828574538230896	0.24226413667201996	-0.6558083295822144	1.1030634641647339	-0.8400226831436157	0.7405812740325928
-0.5738075375556946	-0.4878539443016052	-2.3854875564575195	-1.6703583002090454	0.271785169839859	-0.9027148485183716	-1.404702067375183	-1.7546186447143555	-1.0609278678894043	0.2778218984603882	0.6233380436897278	-0.15185506641864777	0.7399705648422241	-0.2416025996208191	-0.20895886421203613	-1.519373893737793	-2.254138231277466	-0.7894782423973083	0.11438976973295212	-1.2083299160003662	0.2218521684408188	0.0012627430260181427	0.9503859281539917	0.10216543078422546	-0.9218550324440002	0.08905870467424393
-0.24242690205574036	0.5584188103675842	-1.221340537071228	-1.8099857568740845	0.6934099197387695	-0.7699347138404846	-1.2963836193084717	-0.38443219661712646	-1.2817137241363525	-0.9023953676223755	0.5198679566383362	-0.007863630540668964	0.4745894968509674	-2.7450661659240723	0.39382314682006836	-0.48282575607299805	0.29438456892967224	1.777714729309082	-0.379513680934906	0.06867334991693497	0.07683923840522766	1.194596767425537	0.5545910596847534	-1.1109905242919922	0.14408107101917267	1.6484276056289673
0.15659335255622864	-0.45028698444366455	0.8234087824821472	0.0027291681617498398	0.8176754713058472	0.43101435899734497	-0.13318192958831787	-0.3588006794452667	0.28518787026405334	-0.5250831842422485	-1.0869853496551514	0.567936360836029	0.050641026347875595	-1.0926032066345215	0.027799103409051895	-0.4653429388999939	-0.29111772775650024	-2.0068581104278564	0.674842357635498	-0.5866746306419373	0.9321070313453674	0.35315176844596863	0.3801918625831604	1.2792696952819824	-0.033263906836509705	0.7411355376243591
-1.3028115034103394	-1.0009385347366333	-0.3443366587162018	0.06085639074444771	0.8314458131790161	0.44962698221206665	-0.347079873085022	-0.12579545378684998	-0.14754588901996613	-1.021855115890503	-0.2291419953107834	2.1387112140655518	1.685766577720642	1.2569141387939453	0.13619156181812286	-0.9286402463912964	0.005249159410595894	-1.3410810232162476	-0.9336109161376953	-0.8557941913604736	-0.9069768786430359	0.3893577456474304	1.3815317153930664	-1.3624330759048462	-1.3749189376831055	0.2091887891292572
0.5778059959411621	0.39110589027404785	0.7771198153495789	0.7186104655265808	-0.3701075613498688	-0.4119616746902466	-1.2374871969223022	-0.053137924522161484	0.24349024891853333	0.17884129285812378	-1.6132615804672241	-2.987651824951172	0.11576497554779053	-1.227276086807251	1.097188115119934	-1.3081481456756592	0.26446494460105896	1.5276768207550049	-1.258597493171692	0.1580822914838791	0.2583337426185608	-0.32260841131210327	0.23311255872249603	1.8305696249008179	0.5375805497169495	-0.19688673317432404
-0.44114527106285095	1.2658623456954956	-0.01555400900542736	-0.13371966779232025	-0.8633935451507568	-0.7810577154159546	0.4741653501987457	-0.23073865473270416	-2.151787757873535	-0.6114242672920227	-1.8395637273788452	-0.4230814278125763	-0.2048110067844391	-0.7345173954963684	-0.32445085048675537	-0.6029028296470642	1.837900161743164	0.8377532958984375	1.0555217266082764	-0.8309101462364197	-0.11891138553619385	-0.14757892489433289	-1.4477226734161377	0.7496290802955627	-0.3997490406036377	-2.3148915767669678
0.4929916262626648	-2.3664228916168213	-1.1991627216339111	-0.9405712485313416	-0.14766593277454376	0.14840145409107208	-0.33433839678764343	-0.7553900480270386	-0.5419056415557861	1.3734056949615479	0.5499099493026733	0.0042075300589203835	-0.660426914691925	0.08487764000892639	1.7207155227661133	0.6503543853759766	-0.8535662889480591	2.2208235263824463	-0.1676185578107834	0.46290871500968933	0.2759833037853241	0.05156814306974411	0.6069992780685425	-0.7253619432449341	2.251129388809204	1.1065653562545776
-1.9737937450408936	-0.3719704747200012	-1.3286771774291992	0.3671494126319885	-0.042963191866874695	-0.44206079840660095	-0.8170396685600281	-1.546162486076355	-0.7104145884513855	0.5301404595375061	0.3065586984157562	-1.266038417816162	-0.36687594652175903	2.1351613998413086	0.6812677383422852	0.706905722618103	-0.8297495245933533	0.12803073227405548	0.959549605846405	0.21859632432460785	-0.7064189314842224	0.8229561448097229	0.24383500218391418	0.9233703017234802	0.08435454964637756	-0.25326794385910034
1.3709110021591187	-2.3104846477508545	-0.33208373188972473	0.176189124584198	-0.04305373132228851	-0.7475998401641846	0.6867318749427795	-0.2781987190246582	-1.293095588684082	-0.042112212628126144	0.7933580875396729	-2.036921501159668	0.5577475428581238	-1.640836477279663	-0.8480615019798279	0.8711566925048828	0.23372653126716614	-0.8115555644035339	-0.8740640878677368	0.6152365207672119	-0.38751527667045593	0.7286651134490967	-0.14915680885314941	-1.4483622312545776	-0.46280768513679504	-0.8805538415908813
0.8455550670623779	-1.7607641220092773	-0.04806942120194435	0.44958311319351196	0.26239168643951416	-0.8428802490234375	1.4068913459777832	1.693556785583496	-0.6267160177230835	1.9721788167953491	-0.09336675703525543	-0.0005087110912427306	-1.3782618045806885	0.06391319632530212	-0.944831371307373	-0.7977145910263062	0.7814620137214661	1.2031787633895874	-0.3181503415107727	-0.39235755801200867	1.5187551975250244	-0.44388607144355774	-0.5449931621551514	0.19988131523132324	-0.15406526625156403	-0.7330782413482666
-0.8926327228546143	1.6039456129074097	-0.32361385226249695	-0.14014138281345367	0.7520455718040466	-0.3251699209213257	-1.0264794826507568	-1.1217976808547974	-0.27276143431663513	0.16021651029586792	1.9904239177703857	1.0610935688018799	-0.1360088437795639	1.486985683441162	1.169357180595398	0.1840563267469406	-1.365549921989441	-0.4253828227519989	-0.7095560431480408	-0.4216572642326355	2.4126014709472656	-1.242231011390686	-0.41427430510520935	0.39213138818740845	1.176021695137024	0.5641013383865356
-0.4437600076198578	-0.4912842810153961	-0.21670830249786377	0.8844713568687439	-0.7530364990234375	-0.7302268743515015	-0.13986046612262726	1.7078150510787964	-1.0993355512619019	1.1022042036056519	0.30109384655952454	-1.0268588066101074	-1.2452547550201416	-0.9235360622406006	-0.2163880169391632	0.7796556353569031	1.2885195016860962	-0.5776135325431824	1.5026367902755737	-0.06571537256240845	-1.5450397729873657	-0.13819999992847443	0.8045315742492676	0.6510521769523621	0.23550641536712646	-0.10306990891695023
0.2988811433315277	0.2551564574241638	0.9453774094581604	0.4387959837913513	0.018524035811424255	-1.4004801511764526	-1.1689631938934326	-1.6190530061721802	0.026095356792211533	-0.8941605091094971	1.0242398977279663	-0.5513288378715515	-0.6898714303970337	1.833496332168579	0.40510979294776917	0.02546035498380661	-0.24712763726711273	-0.934497594833374	1.2776930332183838	0.5938584804534912	0.9994490742683411	0.3388842046260834	-1.5549052953720093	-0.2133934050798416	0.23287612199783325	-0.10779542475938797
-0.3949386775493622	0.9517846703529358	0.9502023458480835	0.07950984686613083	-1.3209168910980225	-0.6602281332015991	0.730575680732727	-0.7917048335075378	0.04869327321648598	-0.40948036313056946	-0.023825611919164658	-0.93576580286026	-0.0400838740170002	0.11428318172693253	-0.641764760017395	0.9811378121376038	1.4685050249099731	0.9154689908027649	-0.12534596025943756	-1.6123626232147217	-0.5329496264457703	-0.49918973445892334	0.33959242701530457	1.402072548866272	-0.2590789198875427	-0.5531013011932373
0.6694760918617249	-0.4349971413612366	0.6647398471832275	-0.6659619808197021	0.31463655829429626	-1.227393388748169	1.062394380569458	1.4273240566253662	-1.1618245840072632	0.1483960598707199	0.2118164449930191	0.013151451013982296	0.01982027105987072	0.6110339164733887	1.3169584274291992	0.7853204607963562	0.4676510989665985	-0.9989830851554871	1.791903018951416	-1.9641997814178467	-0.8740572333335876	-0.43955934047698975	-2.0514047145843506	-0.7629663944244385	-0.46472981572151184	0.974184513092041
-0.7797486186027527	-0.8485586643218994	-0.46619367599487305	-1.2587932348251343	-0.6238681077957153	1.6921826601028442	-0.8332455158233643	-1.1826709508895874	-1.7604044675827026	-1.6796461343765259	-1.3980958461761475	-0.05858011543750763	0.4376704692840576	0.7509167194366455	-0.36271458864212036	1.1251490116119385	2.614500045776367	0.13275587558746338	-0.519553005695343	-0.4380847215652466	-0.587063193321228	-0.26267293095588684	-0.8109566569328308	-1.540343999862671	1.1161094903945923	-0.026430195197463036
-0.37338870763778687	-0.18905870616436005	-0.5829973220825195	0.7764105796813965	-0.6791704297065735	-1.9711217880249023	-0.459370881319046	-1.548200249671936	-0.16167062520980835	-0.0668385773897171	-0.7172568440437317	-1.6006219387054443	2.0835676193237305	1.5429794788360596	-1.4678120613098145	-0.5952085256576538	0.07978076487779617	0.8357584476470947	-1.95906400680542	0.38320279121398926	0.2666882574558258	0.8031839728355408	-0.5629594326019287	-1.3317389488220215	1.5095698833465576	0.6046154499053955
0.5620664954185486	1.698824167251587	0.19170251488685608	0.05129946023225784	-0.5235922336578369	-0.8057951927185059	-0.056557781994342804	-0.4903891384601593	0.5672382712364197	-1.4937540292739868	-1.0334303379058838	0.05988192930817604	-1.0255986452102661	-0.22142331302165985	-1.0362597703933716	-0.70014488697052	-1.206760287284851	0.9705124497413635	0.8931747078895569	0.21804045140743256	-0.6943210363388062	0.2185300588607788	0.43253016471862793	-0.3908900320529938	0.4365816116333008	-1.2209786176681519
-1.3408920764923096	0.5057940483093262	0.2894609570503235	0.9610324501991272	-0.2414165437221527	-1.2651393413543701	0.26528307795524597	2.3673839569091797	2.8461077213287354	0.9923914670944214	0.29787418246269226	0.113289013504982	-1.1489613056182861	-0.7839528322219849	1.3018865585327148	1.673389196395874	-0.22471946477890015	1.0084527730941772	1.5426042079925537	0.3741382360458374	-0.8499647974967957	1.160380244255066	0.3760293424129486	-0.5162842869758606	-0.9932563900947571	-0.9913149476051331
1.0061436891555786	2.143880605697632	-0.24965888261795044	1.6813663244247437	1.7517445087432861	-2.960298538208008	-0.776370108127594	-1.3033130168914795	0.06877969950437546	-0.4645789563655853	0.38533714413642883	-1.754441261291504	1.2457302808761597	-0.4364132285118103	-0.2749188244342804	1.542240858078003	-0.8099002242088318	0.6239523887634277	1.2133722305297852	0.3631557822227478	0.5790557265281677	0.7559728622436523	-0.07947400212287903	1.2064242362976074	-0.4013786017894745	-0.9626604318618774
-0.2634719908237457	0.707061767578125	-0.6803991794586182	0.10378007590770721	-2.0432846546173096	0.2901114821434021	-0.04481915757060051	-0.34356194734573364	-1.1684637069702148	1.396606206893921	-1.0986722707748413	-0.07672199606895447	0.38364362716674805	1.1160821914672852	1.367967963218689	-0.7275153994560242	0.3290674388408661	0.04434917867183685	-1.5623762607574463	0.4134986102581024	0.7439707517623901	1.1413806676864624	-1.1555558443069458	-0.4781695604324341	-0.08757998794317245	0.2836783826351166
-0.35492169857025146	0.6136802434921265	-2.3071436882019043	0.33996009826660156	0.10827375948429108	1.120516300201416	0.4323693811893463	-0.7707255482673645	-0.9202327132225037	0.17193982005119324	0.4258154034614563	-0.8332083821296692	0.31426766514778137	-0.9131500720977783	2.0871381759643555	0.6539603471755981	1.3115171194076538	0.9235947132110596	-1.1280133724212646	0.7541032433509827	0.44048282504081726	-1.627551794052124	-0.04719332605600357	2.461510181427002	0.20321626961231232	0.7880201935768127
-0.7138442993164062	1.7215383052825928	0.2808408737182617	0.4382402300834656	0.4114306569099426	-0.6365981698036194	-1.2949061393737793	1.9089139699935913	1.0888710021972656	1.391477346420288	0.2685889005661011	0.09382663667201996	0.8543071150779724	0.27911362051963806	0.0418480709195137	2.1229515075683594	-0.3751029670238495	-0.416251003742218	-0.5217704772949219	0.7560819983482361	-0.4892151653766632	-2.8925156593322754	0.1706743836402893	0.08209317922592163	0.3836982846260071	0.4178794324398041
-1.5376461744308472	0.18559683859348297	-1.8295034170150757	-0.5856590270996094	1.4059480428695679	0.1781608909368515	-0.5648624897003174	0.7737177610397339	0.7148246765136719	-0.2932642996311188	0.2686386704444885	-1.8645074367523193	-1.2766807079315186	0.6272683143615723	0.2268792986869812	-0.8990944623947144	-0.6684759855270386	-2.312562942504883	-0.8205369114875793	-0.4193728268146515	-0.6531912684440613	0.39668282866477966	-0.11183571070432663	0.3775646388530731	0.8655470013618469	-0.33003923296928406
2.253788948059082	-1.51630699634552	-2.3188180923461914	0.18926534056663513	-2.058027982711792	-0.3499451279640198	0.6475860476493835	-0.164462149143219	-0.4641430377960205	-0.3673586845397949	1.1503362655639648	0.36860764026641846	0.5443319082260132	1.4287773370742798	0.18874023854732513	-0.847780704498291	1.1453042030334473	0.1846589595079422	2.9333221912384033	-0.09948789328336716	-0.17858676612377167	-0.32495588064193726	0.8412076234817505	-0.6546370983123779	0.13160572946071625	-2.7355575561523438
0.35821205377578735	1.6523914337158203	0.7211588025093079	0.33071252703666687	-0.10248734802007675	1.1986477375030518	-1.097452163696289	-0.14029426872730255	0.977809727191925	0.06884437799453735	1.0803861618041992	2.2371866703033447	-0.496004581451416	-0.7958550453186035	2.376997709274292	-1.0639903545379639	0.8390089869499207	-0.35409095883369446	1.168077826499939	-0.06052165850996971	-0.6127890944480896	-0.4021795094013214	-0.7724500894546509	-0.4859558939933777	0.6630984544754028	-0.10685256868600845
