-0.7242738604545593	2.0355427265167236	1.0134650468826294	1.5199118852615356	1.4523639678955078	0.11159911751747131	1.133692741394043	-0.3444472849369049	1.4075032472610474	-0.737815797328949	0.840322732925415	-0.5050954222679138	0.5579032301902771	-0.05613045394420624	-0.9262659549713135	-0.4763335585594177	-1.961002230644226	0.060713689774274826	0.05654401332139969	1.1067601442337036	-0.7120488882064819	0.2969178557395935	0.3966687321662903	0.31778979301452637	-0.1834469586610794	1.4839402437210083
0.9616003036499023	0.37760186195373535	-0.7558542490005493	-0.11698708683252335	0.08854568004608154	-0.3387965261936188	-1.6440861225128174	0.9948112964630127	0.4389212131500244	-0.17749303579330444	-0.5474545359611511	0.3182128071784973	-1.134191632270813	-1.0242136716842651	-1.352790117263794	-1.1988383531570435	0.4304490387439728	-0.819345235824585	0.7145518064498901	1.8563814163208008	-0.06287125498056412	0.07750723510980606	0.7250895500183105	-0.27352508902549744	0.6482741236686707	0.5397237539291382
-0.45034587383270264	1.1558241844177246	0.6571056246757507	1.04459810256958	0.10093400627374649	-0.02975364774465561	-1.7840280532836914	-1.4777177572250366	0.019490525126457214	2.6404027938842773	-2.112959146499634	-0.6931890845298767	-0.3964396119117737	0.9905705451965332	0.27922648191452026	1.1314923763275146	-1.8175899982452393	0.41763946413993835	-0.07243162393569946	0.5388510823249817	0.15010912716388702	-1.0712279081344604	1.4031885862350464	0.09500768035650253	0.5689682960510254	-1.9372981786727905
-1.7322732210159302	-1.0804730653762817	0.44883716106414795	-1.1946779489517212	-0.14370661973953247	0.3315536677837372	-0.7447583079338074	0.9086158871650696	-2.0515098571777344	-1.1764949560165405	-0.13234804570674896	-0.9958268404006958	-0.5713390111923218	-0.7947103977203369	-0.4144778549671173	1.9003278017044067	1.2623190879821777	-0.06340773403644562	0.698410153388977	-2.337221145629883	0.6988179087638855	-0.2805365324020386	-2.117544412612915	-0.21601642668247223	-2.306596040725708	0.363138884305954
-1.006208896636963	-0.5068022608757019	1.0266114473342896	0.34932661056518555	-1.3499032258987427	0.15607307851314545	-0.28402063250541687	-0.12268875539302826	1.0402898788452148	-2.159430503845215	-1.611194133758545	0.5789288878440857	0.3677036166191101	1.2913720607757568	-0.20184698700904846	-1.0191922187805176	0.3949233889579773	0.7101786136627197	-0.21298524737358093	-1.1174758672714233	0.25138765573501587	0.3325529992580414	1.7683125734329224	-0.5555295348167419	0.3722870945930481	-0.5433558821678162
1.4751827716827393	1.222244381904602	0.11826203763484955	0.8676286339759827	1.3332880735397339	-0.4488661289215088	-1.530509352684021	-0.9863128066062927	-0.1457454264163971	-0.3509575128555298	-0.022831985726952553	0.04805850610136986	0.5151459574699402	-0.03346143290400505	-0.32733863592147827	-1.9412128925323486	1.321566104888916	-0.4281320869922638	0.08047152310609818	1.3075361251831055	-1.2161624431610107	-0.7457594871520996	0.985694944858551	1.4806352853775024	-0.0011003435356542468	-0.17840807139873505
-0.36856260895729065	0.4040045142173767	-2.142008066177368	-0.9689088463783264	-1.484294056892395	-0.7736117243766785	1.3524991273880005	-0.7953086495399475	-0.6801281571388245	1.7523952722549438	1.2147603034973145	0.7907353043556213	-1.296220064163208	0.018857019022107124	-0.24220648407936096	1.751417875289917	-0.17877790331840515	-0.10744377970695496	1.319230556488037	0.7916344404220581	-1.3359655141830444	0.4322293698787689	-0.0359378382563591	-1.1812119483947754	-1.4040806293487549	-1.4663199186325073
-1.3517502546310425	0.2977273762226105	-2.094810962677002	-0.9199756383895874	-1.1766893863677979	0.6325382590293884	-0.4121791124343872	1.5834451913833618	-1.1445139646530151	0.39159971475601196	-0.9734255075454712	0.3950849175453186	-0.042119286954402924	0.18929369747638702	-0.39859500527381897	-0.8756048679351807	-0.7845838665962219	-0.4691692292690277	-0.8570216298103333	0.1180354505777359	-0.5687112212181091	-1.9505081176757812	1.1264067888259888	-0.22059021890163422	0.482206255197525	0.5829631090164185
0.3706355690956116	-0.037419773638248444	-1.5646215677261353	0.1192774698138237	-0.9643140435218811	-2.2775280475616455	1.2102460861206055	0.3076530992984772	0.1090373694896698	-0.19142377376556396	-1.707600474357605	-1.2271045446395874	-1.0793081521987915	0.1362762451171875	0.5819125771522522	1.4015586376190186	1.6612498760223389	0.040678009390830994	-0.6065570116043091	0.4376848042011261	0.48582711815834045	2.17893123626709	-0.0005717129679396749	-1.4756431579589844	-1.0236510038375854	0.0992627814412117
0.625518262386322	0.6165832877159119	0.4638972580432892	0.06853780895471573	0.6679128408432007	1.0359617471694946	1.4951218366622925	1.1750166416168213	-1.2905808687210083	0.6991106867790222	-1.1938363313674927	0.4509127140045166	1.129461407661438	0.8291922211647034	-0.10695584863424301	0.22492343187332153	0.8204182386398315	1.4714726209640503	0.35821282863616943	-0.3940402865409851	-0.15188312530517578	0.6145687699317932	0.9586784243583679	0.419146865606308	0.9732102751731873	-0.7284937500953674
1.0024635791778564	-0.4892023801803589	-0.6520198583602905	-1.884635329246521	0.09423791617155075	0.5129756331443787	-0.6842889785766602	0.7315391898155212	-0.3980393707752228	-0.3596597909927368	0.5571925640106201	-0.607653796672821	3.1100752353668213	0.3731754422187805	-1.5826847553253174	-0.1882016658782959	1.7337679862976074	1.1890349388122559	0.39470845460891724	-1.0651302337646484	1.3977413177490234	-0.22056344151496887	0.24213345348834991	-0.9216487407684326	-0.9548692107200623	0.14297449588775635
0.5214951634407043	-0.6024502515792847	-2.6212575435638428	1.538891315460205	0.8147943019866943	-0.07896403968334198	0.18988069891929626	-1.2283105850219727	-0.7659130692481995	0.5678310394287109	-0.2828976809978485	1.5189893245697021	-1.1885790824890137	0.08164689689874649	0.05645541101694107	0.9789867401123047	0.7679579854011536	0.8940832614898682	0.12528163194656372	0.9787015914916992	0.7761826515197754	0.8221248388290405	0.009271099232137203	-1.3320326805114746	-0.7491913437843323	1.5257389545440674
1.1914045810699463	0.2778143286705017	0.6060190200805664	-1.2187249660491943	0.4138227105140686	0.00823954027146101	0.46546316146850586	0.9779642224311829	-0.26118627190589905	-0.006575007922947407	-0.9029632210731506	-0.018534645438194275	0.10623428970575333	0.9965276122093201	0.7010266780853271	-1.505855679512024	0.9368448257446289	-1.8094292879104614	-0.554751992225647	2.0248844623565674	-2.3050904273986816	0.6804338097572327	-0.18331250548362732	-0.25697895884513855	-0.05162566900253296	0.4321506917476654
-0.41639867424964905	2.049056053161621	1.1949920654296875	0.40922969579696655	0.9749680161476135	-1.9788594245910645	2.4882798194885254	-0.7811887860298157	-0.7266080975532532	-0.30750516057014465	1.183693289756775	1.509708046913147	0.9241517186164856	-1.4378331899642944	-0.263592004776001	-0.2773318290710449	0.851071298122406	0.5413669347763062	-0.5386941432952881	0.8068775534629822	-0.09369562566280365	-0.03769825026392937	-1.1193846464157104	-1.678175926208496	2.3080644607543945	0.33356422185897827
0.8140174150466919	0.29870232939720154	-1.410212516784668	0.17817677557468414	-1.047465443611145	0.12801292538642883	0.22821536660194397	-2.0473577976226807	-0.4051859378814697	0.8623177409172058	0.005788617767393589	-2.20365834236145	-0.062319107353687286	1.1487661600112915	-0.44235759973526	-2.00223708152771	-1.2452621459960938	0.5280044078826904	0.4958083927631378	-1.0035995244979858	-0.6246851086616516	0.06924305856227875	1.2013185024261475	0.07044084370136261	0.29015612602233887	-3.525683641433716
-0.34014540910720825	-0.6644951701164246	0.48202142119407654	-0.24684880673885345	-0.9886634349822998	0.5361316800117493	1.7377325296401978	-0.29296472668647766	0.23588481545448303	-0.6008216142654419	-1.5837395191192627	-0.2172386795282364	2.240137815475464	0.6695880889892578	-0.7403666973114014	0.6892485618591309	-0.6685733199119568	0.7205380201339722	-0.09943200647830963	-0.2520372271537781	-2.034473180770874	-0.16821005940437317	-1.3800816535949707	0.4532833695411682	-1.6892329454421997	-0.10159669816493988
0.831617534160614	0.5348382592201233	-0.1765359789133072	-0.4729416072368622	0.8853220343589783	-0.4842566251754761	-0.09264633059501648	-1.241283893585205	0.2162424921989441	-0.33862027525901794	0.7030115723609924	-1.3517810106277466	-0.09084196388721466	0.2675046920776367	0.2158341258764267	-0.32436004281044006	1.0541151762008667	0.8495349884033203	1.8330726623535156	1.9987787008285522	1.0544277429580688	-2.3766415119171143	-2.3274123668670654	0.805259644985199	-1.011264443397522	-0.8079167604446411
-0.18132400512695312	0.8460317850112915	0.6371453404426575	0.7737804651260376	-1.0672118663787842	0.606925904750824	-0.7097998261451721	0.024948718026280403	-0.7550793290138245	1.4436461925506592	-1.7129884958267212	1.5424511432647705	0.9550659656524658	-0.004421714693307877	2.2359492778778076	-0.3102351725101471	-0.6642233729362488	-0.616018533706665	1.0005342960357666	-0.1424388885498047	0.2650684118270874	1.6442875862121582	2.6715009212493896	-0.25293633341789246	-0.6162834167480469	-1.518526315689087
0.2272561937570572	0.710885226726532	-1.1054564714431763	1.5238945484161377	0.5715669393539429	-0.4762556850910187	-1.1039658784866333	1.0231033563613892	-0.8954861164093018	2.3142879009246826	0.3829324543476105	0.9189946055412292	-0.5878567099571228	0.7069197297096252	1.3401329517364502	-0.8556124567985535	2.2636778354644775	-1.3109683990478516	-0.3042801022529602	1.1633374691009521	-0.30133506655693054	0.3472433388233185	0.44870060682296753	-1.0592018365859985	0.5299896001815796	-0.26936689019203186
0.07701149582862854	-1.7441120147705078	1.3494467735290527	0.8953816890716553	0.2350781261920929	-0.8774519562721252	1.7351906299591064	-0.7439212799072266	-1.6844302415847778	-1.972757339477539	0.8757028579711914	0.013906440697610378	0.7266315221786499	-0.053928669542074203	-2.018162488937378	-0.10531125217676163	0.10998589545488358	0.05569756403565407	-1.4600870609283447	-0.43217653036117554	-0.5337658524513245	-1.160314917564392	1.3771419525146484	-0.3834492564201355	-0.42901086807250977	1.035731315612793
-1.359548807144165	0.6544776558876038	-0.4946131706237793	-0.5321201682090759	-0.883152186870575	0.47266656160354614	0.8685224056243896	-0.6202719807624817	1.4848684072494507	-0.7669859528541565	0.7689058184623718	0.8615390658378601	-1.4270085096359253	-1.1161009073257446	0.4899917542934418	-0.07034387439489365	-0.08365590870380402	-0.854708194732666	-1.71909761428833	0.9643114805221558	-1.5813955068588257	1.218713641166687	0.5455875992774963	-0.5629180073738098	-0.08247735351324081	-0.6876409649848938
-0.09930131584405899	0.7268403172492981	0.207048699259758	1.5796302556991577	0.6964614391326904	-0.3575519323348999	0.7644209265708923	1.1181026697158813	-1.0817502737045288	0.4354889988899231	0.34403541684150696	0.2295694500207901	0.19230525195598602	-0.1827085167169571	-1.1596741676330566	-0.8876358866691589	0.2028721123933792	-0.3422066867351532	-0.7861530184745789	-0.006825785618275404	-0.384659081697464	-0.8871527314186096	0.3604893982410431	0.08730561286211014	-0.3446430265903473	-0.5571404695510864
0.2593878507614136	-1.12849760055542	0.5374030470848083	0.10717341303825378	0.1309150606393814	-1.9601761102676392	0.08714062720537186	0.31954050064086914	0.26390329003334045	0.8793964982032776	1.5561611652374268	-0.19297343492507935	-0.6508426666259766	-0.31018394231796265	-0.6543335914611816	-1.6499464511871338	0.045041028410196304	0.17489543557167053	-1.5002399682998657	-0.05292724817991257	0.7981182932853699	1.3738640546798706	-0.7810461521148682	0.9467240571975708	0.3346395492553711	0.2993791997432709
0.050986967980861664	-0.0995008796453476	-0.4828919470310211	0.9397345185279846	-0.37696924805641174	-1.9043934345245361	0.27398648858070374	0.43326234817504883	0.5764502882957458	0.13800907135009766	0.5745946168899536	1.151305913925171	-1.208992838859558	0.9102811813354492	0.7884218692779541	0.6177330017089844	-0.48296815156936646	-1.9131865501403809	-0.0543685145676136	0.9133514761924744	0.2064327895641327	-2.1697850227355957	-1.9390264749526978	-0.6137956976890564	0.399761825799942	-2.235822916030884
0.06368201971054077	0.04251677915453911	0.15646864473819733	-0.06721412390470505	-1.3557685613632202	1.6399787664413452	-0.10233841836452484	1.8521395921707153	-1.2022790908813477	1.6259962320327759	-0.8576006293296814	1.6437039375305176	-0.6464174389839172	0.34248045086860657	0.2774881422519684	0.04425894841551781	1.0144990682601929	1.8670207262039185	1.9480910301208496	-0.9737957119941711	0.8255618214607239	0.6006419658660889	-0.3850705027580261	0.8039696216583252	-0.49680301547050476	-1.8753832578659058
-0.06473129242658615	1.1232261657714844	-0.7004771828651428	-0.6247460842132568	-1.2782608270645142	-2.3593623638153076	0.42272037267684937	-0.2137230485677719	-0.399125337600708	1.4668843746185303	0.9007765054702759	0.08251535147428513	-0.38105425238609314	1.7031497955322266	-0.5741559863090515	-2.6210083961486816	-2.0909736156463623	1.390404462814331	2.423417329788208	0.5655437707901001	-2.134162664413452	-0.006624175235629082	-0.03534344956278801	-0.34968891739845276	1.056403398513794	2.0650739669799805
-1.7703701257705688	-1.7555184364318848	-1.2877532243728638	-0.48194488883018494	-0.6157700419425964	-0.5397507548332214	-0.19159913063049316	-0.02373466268181801	0.97847580909729	0.2982548475265503	1.830569863319397	-0.3571869730949402	0.9268383979797363	-0.13869993388652802	-0.22376137971878052	0.5025008320808411	-1.3445090055465698	0.5302150249481201	-0.38478949666023254	-0.16723766922950745	-1.0823677778244019	-0.05614805594086647	0.7363957762718201	-0.7467716336250305	-1.1341378688812256	0.815518856048584
-0.0993318259716034	-0.13103578984737396	0.9131544232368469	-0.0099283242598176	1.5489802360534668	0.06372228264808655	0.8477672338485718	0.1470625102519989	0.14523282647132874	-0.8777743577957153	-0.5471871495246887	-0.44832560420036316	-0.9351580739021301	-0.38692912459373474	1.1722607612609863	0.3539251387119293	-0.8286837339401245	-1.0292469263076782	1.3128291368484497	1.5160489082336426	0.6536744832992554	-0.9177778959274292	0.5474982261657715	-1.1127196550369263	-0.024788327515125275	-0.033087242394685745
-2.0611953735351562	-0.4340643882751465	-0.522594690322876	0.5034210085868835	-1.4195692539215088	-0.3258720934391022	1.1673686504364014	-0.05071016028523445	-0.1638185679912567	-0.7881242632865906	-0.05168668553233147	-1.7329472303390503	0.42269524931907654	0.8315402865409851	-0.021378932520747185	-0.4311445653438568	0.688752293586731	-0.11684104800224304	0.00448589725419879	0.6139971613883972	0.6083580255508423	0.8824182152748108	0.16699904203414917	-0.26039525866508484	-1.034010887145996	-0.6456983089447021
0.3443589210510254	-0.7289716601371765	-0.47578179836273193	0.8527700901031494	0.20917299389839172	0.8154321312904358	0.5259265303611755	0.15101110935211182	0.3769567906856537	-0.6908833980560303	-0.4284287989139557	-1.085594892501831	-0.708700954914093	0.8932314515113831	1.4299346208572388	-0.8526256084442139	-3.1762304306030273	-0.7701225280761719	-1.3754669427871704	0.8421899080276489	0.38324636220932007	-0.43121036887168884	0.8520846962928772	0.47968050837516785	-0.2581993043422699	-0.29200032353401184
-1.1593706607818604	1.7496098279953003	1.576204538345337	1.1599366664886475	-0.5368083715438843	-0.7587893605232239	-1.0849735736846924	1.4742867946624756	0.14754259586334229	0.28983941674232483	-1.735679268836975	0.2372119128704071	2.3752975463867188	1.908721685409546	0.4096445143222809	0.3174019455909729	1.6714990139007568	-1.7313960790634155	0.683960497379303	-0.5929475426673889	-0.4831838607788086	1.2445566654205322	0.7192940711975098	2.2056221961975098	0.7692185044288635	0.7301656007766724
0.45956921577453613	2.5613508224487305	0.5103310346603394	0.485956609249115	0.5807504653930664	0.01435182336717844	1.5677764415740967	1.9833261966705322	-0.1212465837597847	0.6462247371673584	-0.7927098274230957	0.2264062613248825	-0.5654919147491455	0.0035437284968793392	-0.1980646252632141	0.8915961980819702	0.6249585151672363	1.2894179821014404	0.04439978674054146	1.5298303365707397	1.307990312576294	-0.8740326762199402	0.05658459663391113	-0.7185866832733154	-0.7531233429908752	-0.6495043039321899
0.3713667094707489	1.6061530113220215	1.0595837831497192	-0.4135858416557312	1.471602201461792	0.10385392606258392	-1.0168211460113525	0.029255254194140434	-2.1140694618225098	-1.4719327688217163	0.08344915509223938	0.5051462650299072	-1.3363049030303955	2.101402759552002	1.218234658241272	-1.0910159349441528	-1.2015098333358765	0.9704736471176147	1.0223275423049927	-1.3217835426330566	-0.8266232013702393	0.2772822380065918	-0.10478054732084274	-0.08907211571931839	-0.6112160086631775	0.8187234401702881
-0.7305899262428284	0.7132939696311951	-0.11799734830856323	1.644736886024475	-1.0008784532546997	-0.1804848462343216	1.0920615196228027	0.6476235389709473	-0.6806049942970276	2.0174646377563477	0.08618936687707901	-1.0292710065841675	-0.7798454165458679	-1.100984811782837	0.41354238986968994	0.22395695745944977	-0.9717053174972534	-1.1419246196746826	-0.8917868733406067	-0.8274139761924744	1.0800682306289673	-0.31449630856513977	0.5097062587738037	1.437410593032837	-1.2697306871414185	0.6901037693023682
0.7011154294013977	-0.78703773021698	1.6229125261306763	-1.011991262435913	1.1368623971939087	0.08892490714788437	0.19725783169269562	0.12367398291826248	-0.45731568336486816	0.7103261947631836	0.003951187711209059	-1.2254053354263306	-0.7778910398483276	1.6069531440734863	-0.12352112680673599	0.594087541103363	1.129854679107666	0.9629529714584351	0.22831061482429504	1.3855313062667847	1.5797388553619385	0.1817930042743683	-0.4497130513191223	-1.0641417503356934	-1.2094060182571411	0.057461000978946686
0.375393271446228	-2.868609666824341	-0.04263092204928398	-1.16960871219635	1.2103404998779297	-0.716646671295166	0.5104547739028931	-0.04756876453757286	0.6240436434745789	-0.18552330136299133	0.04811271280050278	2.033167600631714	0.5758697390556335	0.912064790725708	0.18580041825771332	0.6453328132629395	1.7753880023956299	0.04632098972797394	0.4608750343322754	0.8928127288818359	-0.21654391288757324	-1.176449179649353	-0.740738570690155	-1.1020032167434692	-0.0799349769949913	-0.4957287311553955
-0.33603984117507935	0.726341962814331	1.1418906450271606	-0.6722419857978821	-0.14688147604465485	-0.4274037182331085	1.8083884716033936	0.37324875593185425	-0.8790051341056824	-1.0069628953933716	1.2114475965499878	-1.3188351392745972	1.5689215660095215	-1.5400558710098267	-0.3440157175064087	1.4843162298202515	-2.523634195327759	-0.4272415339946747	-0.0050518023781478405	0.352089524269104	-0.213350310921669	-0.2695186138153076	0.39437904953956604	-0.0380936823785305	-0.6147449016571045	-0.7157068252563477
-1.1656873226165771	1.0234841108322144	1.2327202558517456	0.7086116075515747	-1.277273416519165	0.6724861264228821	1.0651280879974365	0.45969730615615845	0.4490785002708435	0.4930189549922943	-1.3059582710266113	0.2098655104637146	0.7139503955841064	1.4007940292358398	-0.8078821301460266	0.5903022289276123	-0.8380218148231506	-0.007647554390132427	-0.8740969300270081	-0.9891250729560852	-0.21127921342849731	0.47715842723846436	0.06917550414800644	-0.19083963334560394	1.0247418880462646	0.18526607751846313
-0.11026685684919357	1.2323341369628906	-0.7840360999107361	0.39778876304626465	-0.11556071043014526	0.7472984790802002	0.8090290427207947	1.7397727966308594	-0.7134899497032166	-3.3698692321777344	-0.07860566675662994	0.4011210799217224	-0.7089703679084778	0.3682379424571991	-0.35045337677001953	-1.9047797918319702	-1.2542716264724731	-0.7885168194770813	-0.4087679982185364	0.34837502241134644	-1.7368351221084595	0.8925392031669617	0.3417390286922455	0.2942759394645691	1.0845648050308228	-0.5736904740333557
-2.02988600730896	-0.083746038377285	-0.5259959697723389	0.3220205307006836	-1.4698383808135986	0.5860311985015869	1.1647597551345825	-0.6997184157371521	0.5396644473075867	1.3943887948989868	0.6941866278648376	-1.339700698852539	1.6778724193572998	0.5938260555267334	-0.4041972756385803	1.7941360473632812	0.8790280818939209	-0.7446995973587036	-0.8936247825622559	-2.0042672157287598	-0.9894586205482483	-0.7062951326370239	0.47487831115722656	-0.5189896821975708	-0.05555185675621033	0.32497334480285645
-1.8693777322769165	1.7866390943527222	-1.9022489786148071	-1.2427458763122559	-1.5551378726959229	-3.2423720359802246	-1.0671483278274536	-0.8182650804519653	-0.5266696810722351	-0.5793196558952332	1.0402458906173706	-1.4019888639450073	1.509226679801941	-0.6371763348579407	0.26157277822494507	-1.0610771179199219	0.6061421036720276	0.08429430425167084	-0.28253284096717834	-0.18133556842803955	0.9641737937927246	0.7371615171432495	-1.370442509651184	-0.5551013946533203	-0.7320836186408997	1.528015375137329
-0.7542397975921631	-2.3254687786102295	0.5806538462638855	-0.8132551312446594	0.6120204925537109	1.5208405256271362	1.6865930557250977	-2.9845383167266846	0.2959558963775635	-0.1766001582145691	0.7438315153121948	-0.5745484232902527	-0.2394237518310547	-2.3713631629943848	1.1457992792129517	0.8441227674484253	0.006399716716259718	-0.19791264832019806	-0.367956280708313	-0.6110138297080994	-0.4506612718105316	0.5723389387130737	-1.6446952819824219	0.12396033853292465	0.6406996846199036	0.44754669070243835
-0.6738291382789612	-0.8118986487388611	0.0947597399353981	0.3225407898426056	-0.38126927614212036	-1.0722712278366089	0.7126070261001587	-1.0133785009384155	0.3472667336463928	-0.31628653407096863	0.2804435193538666	2.4120633602142334	-0.5433866381645203	0.6109846830368042	0.4733154773712158	1.1535125970840454	-0.6413194537162781	0.6313574910163879	2.0571978092193604	1.0794501304626465	-0.1098867803812027	1.2153345346450806	1.4175852537155151	-1.5232532024383545	-1.4978415966033936	-0.3962222933769226
0.6526218056678772	0.39750370383262634	-0.6726151704788208	-0.4035916328430176	0.7380790114402771	-1.1927651166915894	0.002655529649928212	-1.1464200019836426	-0.8951816558837891	-1.6287356615066528	0.055434372276067734	1.0458035469055176	0.4468348026275635	1.3274617195129395	1.0796480178833008	-0.71517014503479	-0.19721153378486633	1.337244987487793	-0.7174505591392517	1.7619129419326782	-0.671593189239502	-0.9702205061912537	-0.1224076896905899	0.3284195065498352	0.4287187159061432	0.4106948673725128
0.21786533296108246	1.506343126296997	1.3044787645339966	-0.6026771664619446	-1.244452714920044	1.1631190776824951	-1.8108900785446167	0.41629987955093384	-0.9702036380767822	1.383092999458313	0.19613482058048248	0.39552098512649536	0.9575825929641724	1.5230891704559326	0.5038665533065796	0.5920789241790771	0.06255833059549332	0.4656292796134949	0.6901827454566956	0.5193303823471069	-0.042245056480169296	1.5591771602630615	0.5180168747901917	-0.10999303311109543	-0.5431413650512695	0.8682647347450256
1.2926913499832153	-0.24501891434192657	-0.5947092175483704	0.08247903734445572	-0.7537381052970886	0.2957034111022949	-1.803004503250122	-0.4528684616088867	-1.0689976215362549	1.1519067287445068	-0.378984272480011	0.999891996383667	0.8379104137420654	1.2570793628692627	3.4669320583343506	0.8502612113952637	-0.9005189538002014	0.39825770258903503	0.48792749643325806	-0.2852182686328888	-0.8722879886627197	0.7574291825294495	0.10752521455287933	-0.3248576521873474	1.3848910331726074	0.651366651058197
1.7673624753952026	0.9416691064834595	2.1143481731414795	-1.1987082958221436	0.18764778971672058	0.008598978631198406	0.6191406846046448	0.7036229372024536	0.775497317314148	-0.6743889451026917	-1.7293946743011475	0.7687809467315674	1.0958882570266724	0.3485715091228485	-2.246528148651123	0.02239963598549366	0.27519404888153076	0.24584656953811646	-0.11768225580453873	0.40353429317474365	1.6403874158859253	0.2893265187740326	0.6798564195632935	-1.259092092514038	0.4516286551952362	0.9390829205513
-0.4629865288734436	0.07012401521205902	1.2365750074386597	0.9011713862419128	-0.27185335755348206	-1.140811562538147	0.06243326887488365	-0.9342184662818909	0.9646407961845398	1.1867209672927856	-0.4679572582244873	-0.03365243226289749	-0.08840367943048477	1.3151721954345703	0.22121888399124146	1.5245516300201416	-0.7647603750228882	1.1162899732589722	0.6674885749816895	1.090489387512207	0.6153051853179932	-0.3190752863883972	2.241816520690918	0.4880831241607666	1.226935625076294	0.23052875697612762
0.27090364694595337	-0.07485563308000565	1.0828412771224976	1.476627230644226	0.5565298199653625	0.8447738885879517	0.4194853603839874	-1.4875339269638062	1.4070014953613281	-0.059732843190431595	1.1020318269729614	-0.7730381488800049	-0.3609066903591156	-0.002592526376247406	0.3716263771057129	-0.7252592444419861	-0.19529235363006592	-1.2717082500457764	-0.05960243567824364	-0.22501607239246368	0.9391419291496277	0.9691517353057861	-0.9038399457931519	-1.3715856075286865	0.7509099841117859	-0.23330572247505188
-0.2976856231689453	-0.0007479344494640827	-0.036709122359752655	-1.0873713493347168	-1.5333352088928223	0.8660004734992981	-1.7900029420852661	0.7040982246398926	-0.828091025352478	2.5686042308807373	0.820315420627594	-0.06244013458490372	-1.2625701427459717	-1.0955089330673218	-1.576694369316101	1.4260951280593872	-0.7329248189926147	-2.2107837200164795	-2.155587673187256	-0.43204179406166077	0.1517159640789032	0.18417759239673615	0.38225212693214417	0.4192887842655182	-1.632164716720581	-0.9513473510742188
1.2793540954589844	-0.5103673934936523	0.8148350715637207	-0.8332061767578125	-0.585256040096283	-1.3092460632324219	0.28865110874176025	-1.0133017301559448	-0.8601922988891602	-0.31664058566093445	0.2609601318836212	-0.26266148686408997	-0.9482762813568115	-1.3577953577041626	-0.3215598464012146	1.9959208965301514	0.2294430434703827	-1.0225791931152344	2.2426137924194336	-0.7805585861206055	0.32279667258262634	-0.9914000034332275	0.4003598392009735	-0.7740226984024048	-0.6990690231323242	-1.256141185760498
-2.3112447261810303	-0.00032692766399122775	1.179202675819397	-1.6179581880569458	-0.7763128876686096	-0.2829187512397766	0.8898463845252991	0.06942348182201385	-1.6265736818313599	-0.26307132840156555	-0.26737573742866516	-0.8370279669761658	-0.8261741399765015	1.9542031288146973	0.32206568121910095	-0.5447894930839539	0.46501424908638	-0.26459887623786926	0.37309959530830383	0.7895632982254028	0.21885369718074799	-0.12253867834806442	-0.9984515309333801	2.8175859451293945	0.8264822363853455	1.2956181764602661
1.5269124507904053	1.0786839723587036	-2.129455327987671	0.35820549726486206	-1.4741922616958618	-1.225124478340149	0.22242732346057892	-0.911934494972229	-0.4057478904724121	-0.8491464853286743	1.9457865953445435	-2.396144390106201	-0.08137891441583633	-0.331944078207016	-1.1607650518417358	-0.7398148775100708	-1.2793339490890503	1.3159023523330688	1.0005741119384766	1.7856452465057373	-0.5092434883117676	-0.25745630264282227	0.636799156665802	-1.2563233375549316	0.11134104430675507	-1.816504955291748
-1.0163949728012085	0.6050577759742737	0.1633625477552414	1.460689902305603	0.05817529931664467	-0.40195101499557495	0.5376649498939514	0.7680414915084839	0.8302108645439148	0.8841661810874939	1.7403186559677124	0.6997631192207336	-0.5382799506187439	2.3646106719970703	0.7883802652359009	-1.0764563083648682	-0.06677106767892838	-1.0770111083984375	-0.5590397119522095	0.8134976625442505	-0.6609774231910706	-0.6681997776031494	0.22553732991218567	-0.1578797698020935	-1.0936976671218872	0.758752167224884
-1.7629822492599487	0.06054145470261574	-0.6225026845932007	1.7591670751571655	-0.9870538711547852	-0.6117156744003296	0.49296268820762634	0.5279667377471924	-0.1794714629650116	2.4939894676208496	0.35652869939804077	-0.9372966885566711	-1.197246789932251	0.1939045786857605	-0.6469488143920898	0.16493219137191772	1.3573179244995117	-1.309913992881775	-1.5817092657089233	0.16534262895584106	1.4098107814788818	-0.6974945068359375	1.0347349643707275	0.9218862056732178	1.2264835834503174	0.2613149583339691
1.3938835859298706	0.6752780675888062	0.8285439014434814	-0.06511089950799942	-0.7489511370658875	-0.22958968579769135	0.12674641609191895	-0.3407098650932312	0.2871468961238861	-1.3204883337020874	-1.4212124347686768	-0.07267177104949951	-0.009579671546816826	-0.7835598587989807	0.6338070631027222	0.03625309839844704	0.6946660876274109	1.868410348892212	-1.3309789896011353	0.2982848584651947	-1.1798889636993408	-0.8932652473449707	-0.21241313219070435	0.4483332335948944	-0.08561474829912186	1.3951903581619263
1.8987858295440674	-0.787613570690155	-0.1491929441690445	0.9263859987258911	0.3820539116859436	0.32694005966186523	1.8271188735961914	-1.3758540153503418	-1.3969327211380005	0.3540516793727875	0.9217797517776489	-1.3100000619888306	0.4279933273792267	1.1472105979919434	-0.9794241786003113	1.3749492168426514	0.2625449001789093	-0.46737679839134216	0.16357170045375824	-0.9792879223823547	-0.40136146545410156	-0.39474883675575256	-1.0506165027618408	1.8877460956573486	-1.7803168296813965	-1.4304585456848145
1.0327301025390625	-0.708662211894989	1.0523786544799805	0.7128458023071289	-0.36189404129981995	0.8831175565719604	0.07188405096530914	0.4097287356853485	0.7036861777305603	-0.3356597423553467	0.633020281791687	1.0925955772399902	0.21916131675243378	0.9575496315956116	-0.632254421710968	0.6476067304611206	-0.8603518009185791	1.2015516757965088	-1.2907674312591553	-0.49481499195098877	-1.324385643005371	0.9628133177757263	0.3967309296131134	-0.7295346260070801	-1.3189318180084229	1.9274648427963257
1.165314793586731	-0.017475567758083344	0.03269538655877113	-1.220073938369751	-0.2273901104927063	-1.7317758798599243	0.7639153003692627	1.3228121995925903	0.07516632974147797	1.7305521965026855	-2.345599889755249	-0.07348179817199707	0.6051892638206482	0.14781387150287628	-1.1324738264083862	0.4199140965938568	2.474945306777954	-0.055151794105768204	0.960170328617096	-0.7062775492668152	1.0899409055709839	1.0414382219314575	1.997374415397644	0.5641471743583679	0.1230316162109375	0.03521572798490524
1.3413665294647217	-0.47881391644477844	-1.2415817975997925	-0.36951544880867004	-1.7559863328933716	1.851919174194336	-0.9338809847831726	-0.4631524384021759	0.2501852214336395	-1.113205909729004	0.6675161123275757	0.9339715242385864	0.5830070972442627	1.3329379558563232	0.2897464334964752	1.8511236906051636	-1.3337595462799072	0.3130500018596649	0.49885591864585876	1.2838197946548462	1.087074875831604	-1.1260448694229126	0.29118916392326355	-1.879881501197815	-0.6940101981163025	2.0788114070892334
1.436946988105774	3.025493860244751	2.2513134479522705	1.092628836631775	1.7162731885910034	-0.3351934254169464	0.10462956130504608	0.501875638961792	-0.5059607028961182	1.217271327972412	-0.6912131905555725	-0.13080602884292603	0.9938687682151794	-0.45723116397857666	-0.36008092761039734	0.957158625125885	0.3584151268005371	-1.4402315616607666	0.9427611231803894	-0.33312171697616577	-0.47822076082229614	1.0696488618850708	-0.1834883689880371	0.891812801361084	-0.6723135709762573	0.057414233684539795
0.005182232242077589	-2.210721492767334	0.17721982300281525	1.7467683553695679	1.323219895362854	-0.36199304461479187	-0.8862478137016296	-0.8395296931266785	-1.715584635734558	-0.03841153904795647	0.4336526691913605	0.4982978403568268	-1.3353708982467651	0.37960579991340637	-1.2364771366119385	-1.461929202079773	0.07856012135744095	-1.0981143712997437	-0.6409193873405457	0.1640542596578598	-0.0823403000831604	0.5485434532165527	-1.8937556743621826	0.8568567633628845	-0.9327079653739929	0.4345844089984894
-0.7895841002464294	-1.3371495008468628	-0.7958937287330627	1.045009970664978	0.6606150269508362	-1.0876137018203735	-0.1768738031387329	-1.054284691810608	-2.768922805786133	-0.2080085724592209	1.3393008708953857	-1.0906776189804077	0.5992221832275391	-0.14442011713981628	0.9642506837844849	-0.427229642868042	-0.1270815134048462	-0.39407461881637573	-1.3309508562088013	0.16609030961990356	0.760064959526062	-1.4208966493606567	0.5622719526290894	0.831099808216095	1.8174625635147095	0.8662147521972656
1.6434966325759888	-0.1867271512746811	-0.5019118189811707	-0.040469612926244736	-1.458127498626709	0.8431544899940491	-0.048994291573762894	-0.3917326033115387	-1.3080047369003296	-0.80182945728302	2.233621597290039	0.7951883673667908	-1.8462613821029663	-1.5730236768722534	0.2244611531496048	0.07391583919525146	-1.939182162284851	1.596539855003357	-0.07087063044309616	0.22930490970611572	0.049272529780864716	-1.4115428924560547	-0.42558228969573975	-0.6126334071159363	-2.177192211151123	-0.43845492601394653
0.020317208021879196	0.23223789036273956	1.7075691223144531	-2.1012401580810547	0.26340624690055847	0.9033464789390564	-1.2336221933364868	0.21783429384231567	0.07439576089382172	-0.5498704314231873	1.155892014503479	1.2137595415115356	-0.21657417714595795	-1.036837100982666	-1.817591667175293	-1.1728531122207642	-0.21567140519618988	0.24515259265899658	-0.9832631349563599	0.2865912914276123	0.7117863297462463	-0.476987361907959	-0.6490057110786438	-1.445009469985962	-0.35222265124320984	0.19422604143619537
2.4232048988342285	0.050610776990652084	-0.45959848165512085	-0.6504510045051575	-0.7257285714149475	-0.8270757794380188	0.3206768333911896	-0.47480452060699463	0.8653435707092285	2.8378682136535645	0.9717163443565369	1.3983548879623413	1.1141120195388794	-0.3428153097629547	0.5525338053703308	-0.4195944368839264	1.4696248769760132	0.23421558737754822	-0.45457741618156433	0.999099612236023	-0.03932163119316101	2.4459023475646973	0.32531940937042236	1.66183602809906	-0.5385671257972717	-0.7778334021568298
-0.48597320914268494	-1.58928382396698	-0.5140131115913391	-1.8245564699172974	0.7521491646766663	-0.5890970230102539	-0.6971431970596313	-0.8015742897987366	-0.08719826489686966	-1.1871219873428345	-0.11581315100193024	0.9698072075843811	-0.1248650997877121	-1.723248839378357	1.2960740327835083	1.7373794317245483	1.8291252851486206	-1.2949498891830444	0.7779941558837891	0.5601726770401001	-0.847016453742981	-1.2579550743103027	-0.8834548592567444	0.7232852578163147	-0.6611643433570862	0.5316286087036133
0.6485717296600342	-0.1487179696559906	0.03270471468567848	-0.124497190117836	0.7936658263206482	-0.30056673288345337	1.1713104248046875	0.024552997201681137	-0.18854087591171265	0.5186605453491211	1.4949580430984497	1.414408802986145	-0.41127803921699524	1.0520292520523071	-1.6726065874099731	-0.3309650123119354	0.137581467628479	-0.8955335021018982	0.13801893591880798	-0.9775512218475342	-0.4907190203666687	-0.23939833045005798	1.4751276969909668	0.9891705513000488	-0.932709276676178	-0.5261538028717041
-1.037219524383545	-0.33073142170906067	-0.1599101573228836	-0.03497033566236496	0.890554666519165	-1.7078368663787842	0.5196337699890137	-0.324054092168808	0.384616494178772	0.7070853114128113	-1.3171743154525757	1.0646321773529053	1.5714952945709229	0.4778076112270355	-0.9595851302146912	0.8448280096054077	-0.36160051822662354	-0.24442066252231598	1.570894718170166	-0.5835169553756714	-0.902849555015564	-0.37635019421577454	-0.37392163276672363	-1.349738359451294	-0.1233828067779541	0.054976820945739746
-0.6113244891166687	0.8816759586334229	-0.3901292383670807	-0.15410329401493073	-0.6184060573577881	-0.2793581485748291	0.05008608102798462	-0.20558768510818481	0.10719332844018936	-0.4336206614971161	-1.158103346824646	0.6305602192878723	0.5230658650398254	0.1854849010705948	1.9394088983535767	-0.1461300551891327	-1.035526990890503	1.1337080001831055	0.4416230320930481	-0.5831022262573242	-0.7844235897064209	-0.6271767020225525	-0.9195285439491272	0.5971354842185974	0.4173568785190582	-1.0763100385665894
-0.8653746843338013	2.0940804481506348	0.02728969231247902	-0.32168641686439514	-0.8092480897903442	-0.24641603231430054	0.6074478626251221	0.424569308757782	-0.4721105396747589	0.3283689022064209	1.7982001304626465	-0.6719884872436523	0.3871820569038391	-0.3273122310638428	-1.4087318181991577	-0.65288907289505	0.4552484154701233	-0.7702209949493408	-1.204412579536438	-1.336210012435913	0.8471317291259766	1.3362178802490234	0.8895470499992371	-0.5399410724639893	-0.7321490049362183	1.3543680906295776
0.9346712231636047	1.1126011610031128	2.713951587677002	-1.1596190929412842	1.5866641998291016	-0.04981449991464615	0.5376768112182617	-0.7431609034538269	0.7249327898025513	0.44019588828086853	0.06234623119235039	-0.1657683551311493	-0.9049834609031677	-0.24138155579566956	1.377218246459961	1.3736822605133057	0.14793731272220612	1.437647819519043	0.06302599608898163	-1.3277218341827393	0.44258013367652893	0.2752377688884735	-1.1860783100128174	0.6199448108673096	-0.42746031284332275	-1.5677365064620972
-1.332253336906433	2.126300096511841	0.3119751214981079	0.09103715419769287	0.408423513174057	-0.08397510647773743	-0.3867625594139099	-0.41540902853012085	0.684783935546875	-0.07539936155080795	0.12312517315149307	0.33367013931274414	1.3219074010849	0.18059660494327545	-0.8855593204498291	2.610316514968872	0.33987608551979065	-1.0180244445800781	-1.984986424446106	-2.302582263946533	-0.2069183737039566	2.362919807434082	-0.09420323371887207	0.3190672695636749	-1.027170181274414	-0.8204438090324402
1.0741013288497925	0.31883203983306885	0.21812792122364044	-2.278125047683716	-1.329534649848938	1.320741057395935	0.2143872231245041	-0.1464959681034088	0.18000738322734833	0.5497249364852905	0.7321894764900208	0.02739844098687172	-0.15997804701328278	-0.012774188071489334	-0.33220306038856506	1.7437227964401245	0.43797576427459717	0.5628272294998169	-0.6392185091972351	0.6042200922966003	-0.08371255546808243	1.030954122543335	-0.17123259603977203	-1.6241896152496338	-1.0935746431350708	0.49473005533218384
-1.9056880474090576	-0.15422123670578003	-0.11048296838998795	-1.8914210796356201	-1.4639801979064941	0.2613893151283264	-0.8591897487640381	0.1431787759065628	0.7443897128105164	-1.8512934446334839	1.1144559383392334	-0.546292781829834	0.15324664115905762	-0.7904589176177979	-0.927617073059082	-1.355891466140747	-1.5345213413238525	-1.8730717897415161	-0.1422426402568817	-2.229515790939331	0.13513045012950897	-0.5216375589370728	-1.2565897703170776	-0.6088709831237793	-1.025948166847229	0.22576269507408142
0.8688305020332336	0.9314432740211487	0.5683810114860535	-0.5300344228744507	-0.6248874068260193	-0.9087997078895569	1.127376675605774	-0.7038307785987854	-0.2590595781803131	2.9150540828704834	-1.0296800136566162	-0.3371957540512085	-1.4691709280014038	-0.8600537180900574	1.2184768915176392	0.4362615644931793	-1.8283839225769043	0.06952496618032455	-0.2579655945301056	-0.20373892784118652	-0.23338791728019714	-0.23729398846626282	-0.3065665364265442	-0.9730321764945984	-1.8825665712356567	0.3155554234981537
-0.25633054971694946	-0.37218359112739563	-0.4915325939655304	1.6151067018508911	0.10785594582557678	1.163769006729126	0.18483643233776093	-0.7896946668624878	-1.6128278970718384	0.6161823272705078	-1.5439093112945557	-1.182935357093811	0.041193705052137375	-0.5024284720420837	0.6269522309303284	-1.0402612686157227	-0.5479296445846558	-0.4514010548591614	-0.17282313108444214	1.7127666473388672	-0.2576207220554352	-0.5428046584129333	-0.5122034549713135	0.2809325158596039	0.1413639336824417	0.9433500170707703
-1.7299301624298096	-0.9266011118888855	-0.47687989473342896	-0.06419605016708374	-0.1145743876695633	-0.3173750936985016	-1.808478832244873	-0.2914382517337799	-0.48504582047462463	0.5914742946624756	-0.5289179086685181	-0.239998921751976	0.6160265207290649	0.36296072602272034	0.6693399548530579	1.5131242275238037	-1.2208125591278076	4.380064010620117	2.099527359008789	-0.27397677302360535	-0.1001751646399498	-0.5741552710533142	0.012302224524319172	-1.2900129556655884	0.4051014482975006	0.05491262674331665
1.2689651250839233	-1.0569347143173218	0.554370641708374	-0.740516185760498	-0.872442901134491	0.4472321569919586	1.280332088470459	-0.25419101119041443	-0.6167334318161011	0.06856931000947952	-0.04605704918503761	1.3364968299865723	0.7972153425216675	-0.14463090896606445	-0.29677852988243103	0.5123960375785828	-0.0940125435590744	1.2903869152069092	0.19564522802829742	-1.0419410467147827	-0.6499018669128418	0.37610846757888794	-0.7688359618186951	-0.9909764528274536	-1.1619877815246582	1.32820463180542
1.7139650583267212	-1.6309466361999512	-0.5082750916481018	-0.49042898416519165	-1.2115017175674438	-0.8937520980834961	1.6111876964569092	1.1254868507385254	-1.0008065700531006	1.3882213830947876	0.293000727891922	0.14725998044013977	-0.07133039087057114	0.3055558502674103	1.2567205429077148	0.1743353307247162	1.487507700920105	-0.5867232084274292	-0.6181254982948303	-0.8391996026039124	0.17226079106330872	0.08479834347963333	1.3155816793441772	0.9658539891242981	0.13962963223457336	0.9265004992485046
0.1836729198694229	-0.5150263905525208	-1.5051829814910889	-0.5940409898757935	-1.6727211475372314	-0.9822859764099121	-0.22817209362983704	-1.0505107641220093	0.042779114097356796	0.5135642886161804	-0.15079766511917114	0.31964510679244995	1.8037395477294922	0.833762526512146	-0.36753448843955994	-0.4193336069583893	0.5294795632362366	0.332025408744812	0.8981750011444092	0.07151017338037491	-0.5760310888290405	-0.9616923928260803	-1.8131992816925049	0.20436719059944153	0.5808204412460327	1.701112151145935
-0.5610321164131165	-2.7247400283813477	1.6518542766571045	0.21544015407562256	1.322953224182129	-0.43445900082588196	1.6022464036941528	-0.5996462106704712	-0.6591259837150574	-0.8102583289146423	0.2031637579202652	0.6266573071479797	2.5122978687286377	1.6238429546356201	-1.627021312713623	0.8655430674552917	0.25618669390678406	-0.7583894729614258	0.54786616563797	-1.7894463539123535	-0.32068923115730286	-0.6162903308868408	0.1970227062702179	-1.2413305044174194	0.047646354883909225	-0.8076050281524658
-1.9436564445495605	1.257658839225769	1.1754610538482666	1.4157688617706299	0.3653070330619812	1.0693445205688477	-0.4595656394958496	1.207006812095642	-0.15161734819412231	0.19221128523349762	-0.8654068112373352	-0.1403404325246811	0.446695476770401	0.6917663216590881	0.620418131351471	-1.050838589668274	-0.47896939516067505	0.3507252335548401	-0.1425628960132599	-1.0583572387695312	-0.261885404586792	-0.7124423980712891	0.6040029525756836	2.492084503173828	-0.35494422912597656	0.5561267137527466
-2.0191802978515625	-0.6784241795539856	-0.9030890464782715	-0.7398028373718262	2.2922229766845703	-3.080181360244751	-0.4799184203147888	-0.10195765644311905	0.565970778465271	-1.8735978603363037	1.275817632675171	-0.11741924285888672	0.13443852961063385	-0.8285447359085083	-0.161130890250206	0.26173698902130127	1.269142746925354	-0.6059223413467407	-1.6859312057495117	-1.0366570949554443	-0.39783450961112976	0.09860161691904068	-0.7076592445373535	0.3904964029788971	0.39597249031066895	1.1463141441345215
1.2838504314422607	0.6283274292945862	0.6231006979942322	-0.06948712468147278	0.008061712607741356	-1.3464875221252441	0.2670247256755829	-0.15273591876029968	0.4910634756088257	0.16552899777889252	-1.0195984840393066	0.1430530548095703	1.4390982389450073	2.241687536239624	-0.5934597253799438	1.219820499420166	-0.3293308615684509	-2.121520519256592	0.6851539015769958	0.37278997898101807	1.5318336486816406	0.2977107763290405	-1.229767084121704	1.1007490158081055	0.4906754493713379	-0.42976313829421997
0.6889823079109192	-0.2922130525112152	-0.8926008343696594	-0.20106284320354462	1.5891964435577393	-0.9735695123672485	-2.35044527053833	1.2860463857650757	-0.45811691880226135	0.7087883353233337	0.583198606967926	-0.8360292315483093	-0.1265590935945511	1.4890614748001099	-0.4612114727497101	0.9389586448669434	0.6416505575180054	-0.6882074475288391	0.10418052971363068	-0.5164816975593567	1.622335433959961	-0.6144256591796875	-1.0322848558425903	-0.018694091588258743	-0.048996035009622574	-2.476975917816162
0.5536053776741028	-0.5762220025062561	0.09234990179538727	-0.33534500002861023	-0.4868933856487274	0.8733980059623718	-0.44086864590644836	0.8373525738716125	-0.07436628639698029	-0.6260177493095398	0.05856640636920929	-0.17814518511295319	0.366944819688797	0.080747090280056	-0.06697756797075272	-0.07199019938707352	-1.3408534526824951	0.5044600963592529	0.6167941093444824	0.4111802577972412	-0.5603179931640625	0.005161254666745663	-0.12450718879699707	1.2322763204574585	0.0396585650742054	-1.0422625541687012
0.6353455185890198	-0.5433852672576904	-0.8883996605873108	-1.0003401041030884	0.6752642393112183	1.0316802263259888	-0.8244408369064331	-0.12579570710659027	1.1018245220184326	-0.3240312337875366	1.2681853771209717	-1.1628965139389038	0.8963397741317749	0.36919933557510376	0.2624574899673462	-1.4259815216064453	-0.906410813331604	2.1021649837493896	0.7838602662086487	0.9588915109634399	0.4382461905479431	0.7320427894592285	1.8688093423843384	1.4140689373016357	-0.27031418681144714	0.20961473882198334
1.229537844657898	0.7710643410682678	-0.14614231884479523	1.5252149105072021	1.3836174011230469	1.515250563621521	-0.34544429183006287	-1.371025800704956	-0.9076595306396484	-0.6470821499824524	0.8467592597007751	-0.631852388381958	0.7157816886901855	2.420994758605957	-0.8906440138816833	0.8009697198867798	-0.4376262426376343	0.06655196100473404	-0.5140365958213806	-0.5107606649398804	-0.6836562752723694	-0.041652362793684006	-1.9020756483078003	-1.496440052986145	0.5248647332191467	-0.25653591752052307
-1.2688407897949219	0.12640045583248138	0.4687242805957794	0.3281521797180176	-1.052207589149475	0.6265048980712891	-0.27952226996421814	0.9987753629684448	-1.6212407350540161	-0.9489620923995972	-0.24783767759799957	1.4243756532669067	0.43085750937461853	-0.32751449942588806	-0.14780078828334808	0.10411204397678375	-1.2593822479248047	1.6108531951904297	-0.7646572589874268	-1.011438012123108	-0.7215506434440613	1.191970705986023	1.7103513479232788	-0.697483479976654	1.0665957927703857	0.8968711495399475
0.47316762804985046	-1.004011631011963	3.1187543869018555	1.3684935569763184	0.22877256572246552	-0.1350952684879303	-0.3536556363105774	1.1969751119613647	-0.6454004645347595	-0.2709643244743347	-0.5435048341751099	-0.318937212228775	0.7929250597953796	-0.38582876324653625	-1.154643177986145	0.6118377447128296	0.7961060404777527	-0.150119811296463	-1.1756434440612793	1.4166141748428345	0.46453240513801575	-0.7239659428596497	-0.9714241027832031	-0.5331564545631409	1.7808035612106323	0.2774541676044464
0.0873597264289856	-1.339476227760315	0.759063184261322	1.1319164037704468	1.4362778663635254	0.9619808793067932	0.03291581571102142	0.812399685382843	1.8937575817108154	-2.087249994277954	1.1193578243255615	-0.13053423166275024	-0.5722128748893738	-0.0598529689013958	0.619775116443634	-2.0646283626556396	-2.408339738845825	-0.08518295735120773	1.035017967224121	-0.019178224727511406	0.26264944672584534	-1.4818446636199951	1.4764361381530762	1.8006446361541748	-0.4601290225982666	-2.2221436500549316
-0.7613324522972107	-0.2607754170894623	0.5571826696395874	-0.5326810479164124	1.5640110969543457	1.2397915124893188	0.6951244473457336	-2.058530807495117	0.4228597581386566	-0.3603688180446625	-0.5022774338722229	0.7488605380058289	0.8505491614341736	-0.39751726388931274	-1.476479411125183	-0.9008182287216187	-1.7111239433288574	-0.711223304271698	0.3948099911212921	0.8578445315361023	1.011946678161621	0.265353262424469	-0.4172479510307312	0.649714469909668	0.207235649228096	-0.30638208985328674
0.6281542778015137	-0.4239572286605835	-1.6542363166809082	-1.4321317672729492	0.9959814548492432	0.20640967786312103	0.3046920597553253	-0.7717429995536804	-0.5953942537307739	0.3054964244365692	0.04281717911362648	-0.018865540623664856	-1.5812309980392456	0.7372801303863525	0.29403597116470337	1.9454251527786255	0.6107574701309204	0.6762377023696899	1.1653211116790771	-0.5105746388435364	-0.9196887016296387	1.3872685432434082	2.166140556335449	1.5505973100662231	-1.8167974948883057	-0.7332963943481445
-0.3915434181690216	-0.06889522075653076	-0.9780316948890686	1.3145612478256226	1.4513903856277466	-0.26126810908317566	0.32163530588150024	-0.5046756267547607	-0.3241901099681854	-1.9307957887649536	0.2500075399875641	0.8794063925743103	0.7400898933410645	1.4428491592407227	-0.1495741754770279	1.3304260969161987	-0.28586545586586	0.3763505816459656	1.658370852470398	-2.2599964141845703	0.697509229183197	-0.08423168957233429	-1.3467416763305664	0.9965879917144775	-2.4824018478393555	0.11682701855897903
-0.5596219897270203	-0.7299811840057373	-0.019353996962308884	0.13450029492378235	1.8781459331512451	0.11083188652992249	0.10466142743825912	-2.905460834503174	-0.7903652191162109	0.9670537114143372	-1.000367522239685	0.48058921098709106	-1.7832392454147339	0.595054566860199	0.8115334510803223	0.049020785838365555	0.9447435140609741	0.09588350355625153	0.43942347168922424	-0.556045413017273	-0.7484331727027893	-0.8970431685447693	0.7974980473518372	-1.6522327661514282	0.788468599319458	-0.765625
-0.4931698143482208	1.497463345527649	-0.8607091903686523	-0.7482248544692993	0.17020969092845917	1.3206535577774048	-0.17152190208435059	1.2001785039901733	-0.0672193393111229	1.0987870693206787	-1.0335239171981812	1.58919095993042	1.7899450063705444	2.7381479740142822	1.370247721672058	0.6292099952697754	-1.6580606698989868	0.06819956004619598	1.2964673042297363	1.4651027917861938	0.37973156571388245	1.4852726459503174	-0.12859031558036804	0.15547600388526917	0.7320600152015686	-0.4206070601940155
1.2431071996688843	0.44698312878608704	-1.0951298475265503	-2.2220427989959717	0.11853842437267303	0.32407325506210327	1.595068335533142	-0.4212990403175354	-0.3003096282482147	-0.9059946537017822	-0.3076709806919098	-0.6610198020935059	1.3482365608215332	2.8893535137176514	-1.7211670875549316	0.28199148178100586	0.8643588423728943	-0.16783872246742249	1.0015898942947388	-0.6928304433822632	-0.4865378737449646	-0.1748121976852417	-0.8967446684837341	-0.9513598084449768	-0.4949292838573456	-0.35615915060043335
-0.5069370269775391	1.5544389486312866	-0.9673402905464172	2.3973655700683594	0.029331255704164505	-0.6031368374824524	0.045670971274375916	0.3198893964290619	1.4615678787231445	0.030930547043681145	-0.9337372779846191	1.7950353622436523	0.25754866003990173	-0.814762532711029	-0.3848499655723572	1.061560034751892	1.1480414867401123	1.4380022287368774	-1.3718711137771606	-0.6456230282783508	1.1462708711624146	-1.2152812480926514	0.29312631487846375	-1.2054952383041382	-0.2311035543680191	-0.39719635248184204
0.807123601436615	0.6769050359725952	1.1334927082061768	1.3989381790161133	0.22706826031208038	1.9182007312774658	-0.974371075630188	0.7803734540939331	-1.8569450378417969	1.2206288576126099	0.8582605719566345	0.10046136379241943	-0.8604903817176819	-0.696893036365509	1.3670867681503296	1.5689847469329834	0.5297535061836243	0.5135200023651123	1.2125091552734375	-0.027447625994682312	-0.47037744522094727	1.0900936126708984	0.5345804691314697	0.10308615863323212	2.020977735519409	-0.5932343006134033
-0.21761055290699005	0.18063174188137054	-0.8120002746582031	-1.221441388130188	-0.8499632477760315	0.6957210898399353	1.0690677165985107	-0.3136692941188812	-1.8462902307510376	0.5258290767669678	0.09629014134407043	1.3569657802581787	-0.24744561314582825	0.42219963669776917	-1.3457311391830444	-0.22267772257328033	-0.9950348734855652	0.6943383812904358	0.25331318378448486	-0.10448335111141205	-0.37399694323539734	0.7717545628547668	-0.8519166707992554	-0.9038418531417847	0.7227522134780884	-0.4720136225223541
1.3725917339324951	1.3748984336853027	-1.5162235498428345	-0.709571361541748	-0.7669285535812378	1.1374623775482178	-0.5973399877548218	1.6213399171829224	-0.8031638860702515	1.475599765777588	-0.0678023025393486	0.527201771736145	1.0148909091949463	-0.9674851894378662	0.6182880401611328	-1.133759617805481	0.9705527424812317	-2.715667724609375	0.45459580421447754	1.3840209245681763	-0.24382933974266052	-0.6024603843688965	-0.7545633912086487	-0.5190085172653198	1.3004649877548218	0.29010364413261414
-0.6013094186782837	0.2493593543767929	-0.4993569552898407	-1.7436012029647827	0.14971502125263214	-1.0709388256072998	-0.7128134369850159	0.700165867805481	1.5558446645736694	-0.29643580317497253	1.1119227409362793	0.8337393999099731	0.609104335308075	0.6260946393013	-0.5974419116973877	1.6279515027999878	-0.27669060230255127	-0.8269670605659485	-1.1546838283538818	0.7933564782142639	0.7694591879844666	-0.930126965045929	-0.49062517285346985	-0.10962436348199844	0.6587035059928894	-1.1872024536132812
-0.9643306136131287	0.7109065651893616	2.329967737197876	-0.6453051567077637	-2.477781295776367	-1.2961585521697998	-0.3515259623527527	0.7211924195289612	-0.6479684114456177	-0.15251536667346954	0.9288747310638428	-1.6477988958358765	-1.9245120286941528	0.844896137714386	0.2054307758808136	2.5595178604125977	-1.3340994119644165	-0.1641227751970291	0.1787463277578354	2.188781499862671	-0.8508151173591614	0.3402576446533203	-0.3835560977458954	1.0509393215179443	-0.17045903205871582	0.5729302763938904
-0.3045795261859894	-1.1539313793182373	0.5796422958374023	0.5267223119735718	0.8271446228027344	-1.0606683492660522	1.4286582469940186	0.26395508646965027	0.16348797082901	0.554413914680481	1.5873997211456299	-0.2779286205768585	0.2601611614227295	-0.8259664177894592	0.26946184039115906	0.3957371711730957	-0.8472781181335449	-0.33112579584121704	-1.8987544775009155	0.2876960337162018	0.21627476811408997	0.24170444905757904	-0.054223038256168365	1.7038038969039917	-0.8223407864570618	-0.7727360725402832
0.8776265382766724	1.9566912651062012	-0.9706783294677734	0.5896267294883728	0.28264349699020386	-1.7945728302001953	-1.1196272373199463	0.9740778207778931	1.6100883483886719	0.46865254640579224	1.4561421871185303	-0.8683653473854065	1.1376116275787354	0.9066370725631714	-1.2508515119552612	1.0940173864364624	0.3593246340751648	-0.23805490136146545	-0.680431604385376	0.025653036311268806	0.221744567155838	-0.20225615799427032	1.971384048461914	2.448011636734009	0.9752911925315857	0.39753156900405884
0.5433379411697388	-1.0112414360046387	3.2744174003601074	0.7361250519752502	1.1274325847625732	0.2403557002544403	0.463116854429245	-0.4888400137424469	-0.7813133001327515	-0.7307003736495972	0.7009518146514893	0.12424048781394958	0.35236164927482605	0.5577606558799744	-0.4096308946609497	2.048860788345337	1.5694316625595093	-0.13560850918293	0.03465970233082771	-0.7923393249511719	-0.4690507650375366	0.2778127193450928	-0.4749165177345276	0.7127702236175537	-1.720296859741211	-0.9880300164222717
0.6139318346977234	-0.3584064543247223	-0.15120215713977814	-0.3231484293937683	-1.2809321880340576	-0.8332290649414062	0.6252603530883789	0.10816352069377899	-1.142868995666504	0.015516392886638641	0.5351496338844299	1.4618277549743652	0.11876866966485977	0.8013671636581421	0.6920433640480042	0.1019992083311081	-1.0597237348556519	-0.7636525630950928	0.5770226120948792	-1.6525338888168335	-0.5788866877555847	-1.4334518909454346	-1.1679902076721191	0.49051418900489807	1.7561219930648804	-1.6183061599731445
0.5769249200820923	-1.072678804397583	-0.4748477041721344	-0.15724091231822968	0.33187374472618103	-1.3922507762908936	1.672691822052002	-0.9463460445404053	-0.49688658118247986	2.210919141769409	0.15269610285758972	0.6427578330039978	-0.6044067144393921	0.24957488477230072	-1.6879884004592896	0.5787022709846497	-0.8332017064094543	0.7689685821533203	0.6710478663444519	1.8475172519683838	-0.9473953247070312	1.4841132164001465	-0.312078058719635	-0.2389604151248932	0.6115995049476624	-0.6507598757743835
0.9633841514587402	-0.8300012350082397	-1.5556199550628662	0.5524815320968628	0.5315552949905396	1.1750521659851074	-0.2987478971481323	1.2023459672927856	0.050512004643678665	1.1296817064285278	-1.5205591917037964	-0.33240869641304016	-1.035810947418213	0.9292417764663696	-0.15836527943611145	-0.034153442829847336	-0.6726884245872498	-0.06771645694971085	-1.3248330354690552	-1.2180899381637573	0.3277749717235565	1.1362552642822266	-0.5307459831237793	-0.35252442955970764	-1.086129903793335	0.5367708802223206
-0.9972913265228271	-0.6317592859268188	-1.2048133611679077	-0.10627279430627823	-0.9892559051513672	-1.0393123626708984	-0.7452505826950073	0.900961697101593	-0.0007927822298370302	0.2907641530036926	-1.1683543920516968	-0.07460283488035202	1.1017823219299316	0.6017012000083923	0.61236172914505	0.3988480567932129	0.22428971529006958	-0.22883842885494232	-1.213822603225708	0.6987664699554443	0.587236762046814	-0.38675016164779663	0.18461363017559052	0.13939087092876434	-0.29457348585128784	0.8201072216033936
-0.31730130314826965	0.12805065512657166	0.035986483097076416	-3.308681011199951	-0.9520738124847412	1.4945894479751587	0.3024660050868988	0.7813366055488586	0.4329032897949219	-0.8416440486907959	0.014022561721503735	1.2477736473083496	-0.7558324933052063	0.3317745327949524	1.127160668373108	-0.8209907412528992	0.8397049307823181	-0.36663901805877686	-1.6780428886413574	-0.8600673079490662	0.9649302959442139	0.7559650540351868	0.5917078256607056	-0.5886422991752625	1.0750699043273926	-1.3017631769180298
1.3855642080307007	-0.42721036076545715	-0.38952726125717163	-0.5461350679397583	1.4640096426010132	1.2220890522003174	-0.34469977021217346	0.0709037259221077	0.8238986134529114	-0.7239248156547546	-0.16589125990867615	0.9331411123275757	-0.6120895743370056	0.727207601070404	-0.19904524087905884	0.1942661702632904	-0.4076903462409973	1.3438023328781128	-0.32080668210983276	2.224722146987915	-3.088289976119995	0.2599233090877533	1.4669139385223389	0.71028071641922	0.380348801612854	0.1524180769920349
-0.32871466875076294	-0.14924034476280212	-1.2960323095321655	0.36960890889167786	0.7216019034385681	-0.47519147396087646	-0.27928218245506287	0.9538911581039429	-0.05834323540329933	0.9536838531494141	1.3012430667877197	1.128122091293335	-0.2699611186981201	-0.687148928642273	0.656513512134552	0.7765999436378479	0.8301646709442139	-0.040635909885168076	-0.9068083167076111	0.3309502601623535	0.10349048674106598	2.1054980754852295	2.3490073680877686	-0.05660100653767586	0.09290523082017899	-1.539844036102295
-0.40665772557258606	0.6655252575874329	0.07389111071825027	0.2088138461112976	0.6662602424621582	0.7044650316238403	-1.427209496498108	-0.3163227438926697	-1.3641037940979004	-0.5617959499359131	-0.9257978796958923	0.545016884803772	-0.20467060804367065	-0.4875793159008026	1.341232180595398	-0.9053881764411926	-0.11608406156301498	-0.0084722600877285	-1.0954030752182007	1.120656132698059	1.078141689300537	-0.573376476764679	0.4067365229129791	0.5917155146598816	1.5705217123031616	0.9149215221405029
0.6385851502418518	-0.15879593789577484	-1.129032850265503	0.6138024926185608	-1.009772539138794	-0.4046529531478882	-0.3525938391685486	1.0286669731140137	-0.15959392488002777	-0.4764758050441742	-0.058940038084983826	0.34878143668174744	0.12770414352416992	1.114281177520752	-0.7086219787597656	1.3393406867980957	-0.827538251876831	-0.6295792460441589	-0.7136127352714539	2.4379780292510986	-0.767170786857605	-0.4666808843612671	-1.1701664924621582	-1.2153621912002563	-1.4258885383605957	-0.09946271777153015
0.6014244556427002	-0.3707353472709656	0.7185550332069397	0.843239426612854	1.713171124458313	0.5928944945335388	-2.127990245819092	-0.6289075016975403	1.0732718706130981	1.1073468923568726	0.25318443775177	-0.04897661507129669	1.7051689624786377	-0.5712270140647888	0.9259380102157593	-0.5224143266677856	-1.2729018926620483	-1.5933797359466553	-1.652403712272644	-0.40530094504356384	-0.8641247153282166	-0.4209972321987152	-0.5183022618293762	1.155197024345398	1.2660143375396729	-0.5927777886390686
1.270716667175293	0.2647711932659149	0.28770723938941956	-0.737496554851532	-0.023446915671229362	1.8619365692138672	1.5511126518249512	1.4932693243026733	-0.3101885914802551	0.8785887360572815	0.9475745558738708	0.7341547012329102	0.2556096911430359	-0.2955368757247925	0.8691536784172058	-0.18922072649002075	0.28187400102615356	-1.3950695991516113	-0.10007168352603912	-0.7692477107048035	1.1368622779846191	0.48598673939704895	0.2375156283378601	0.3407255709171295	-0.5799695253372192	1.1730024814605713
2.4291188716888428	-0.15115968883037567	1.4843616485595703	-0.4569523334503174	0.9781296849250793	-0.15527288615703583	-2.2917144298553467	-0.3648863434791565	0.5121850371360779	-1.041677474975586	0.788144588470459	-0.43058738112449646	0.3784022331237793	1.0900139808654785	1.007866621017456	-0.0734306052327156	0.0028769539203494787	0.2901476323604584	1.5659056901931763	-0.5406984090805054	-0.4149348735809326	0.5651218891143799	1.4156652688980103	-0.580414891242981	-0.46575406193733215	-0.1627291589975357
-1.892812728881836	1.6628947257995605	-0.7264153361320496	0.6925406455993652	1.1654495000839233	-0.7985579371452332	1.073525071144104	1.590399980545044	0.7353663444519043	0.39612507820129395	2.133937120437622	-0.23565563559532166	-0.24576106667518616	-1.40779447555542	-0.8842962384223938	-0.7784820795059204	0.5141211152076721	-0.9049165844917297	-1.8567359447479248	-1.2248334884643555	-0.25329387187957764	-0.7983081936836243	-0.6150941848754883	1.111577033996582	-0.28072524070739746	-1.3987350463867188
-1.4143139123916626	1.1360158920288086	0.3749547302722931	-1.746901035308838	0.9096613526344299	0.7573978304862976	-0.6230775117874146	1.0069774389266968	0.01961977779865265	0.70988529920578	-0.5220775604248047	-0.7623268961906433	0.6091879606246948	-1.4405670166015625	0.4191426932811737	2.4512171745300293	0.2746312618255615	-1.3255573511123657	-2.2629384994506836	-1.3192944526672363	1.5209723711013794	-0.6895624995231628	-2.089183807373047	0.6937888860702515	-0.6487153172492981	1.3296527862548828
-0.31645750999450684	0.3815738260746002	-0.44715452194213867	-1.1168653964996338	-0.25161296129226685	2.9611494541168213	-0.8983904123306274	-2.2602903842926025	-1.9170933961868286	-0.7549709677696228	-0.4395133852958679	-0.5294645428657532	-2.0293264389038086	-1.0411550998687744	-0.6621861457824707	-2.0347883701324463	-0.9982357025146484	-0.727912187576294	-1.1842130422592163	0.7041330933570862	0.08755786716938019	0.35729554295539856	-2.1176490783691406	-1.5110764503479004	0.8272270560264587	-0.14860859513282776
0.578265905380249	-1.2366541624069214	0.5965084433555603	1.3086035251617432	-1.073920726776123	0.27073734998703003	-0.6475070714950562	-0.7445036172866821	0.022745642811059952	0.38375458121299744	0.5837458968162537	-0.21002204716205597	0.5824706554412842	-1.0042507648468018	0.22069759666919708	-0.7811774611473083	1.100663423538208	0.623161792755127	0.317086398601532	1.004728078842163	-0.040195561945438385	-1.7769856452941895	-2.0202038288116455	0.23528046905994415	0.17086493968963623	1.2571899890899658
0.14787745475769043	-0.21598868072032928	-1.5775336027145386	1.1104989051818848	0.46454668045043945	-0.08791426569223404	-0.6471696496009827	-0.23193874955177307	0.817550539970398	0.6463445425033569	-0.23968854546546936	1.079155445098877	-0.06520558148622513	0.8522692322731018	-0.0674334317445755	-1.030533790588379	-3.0150701999664307	-0.5589225888252258	2.691436529159546	-1.2420254945755005	1.5153149366378784	0.5720373392105103	1.5589758157730103	1.2654378414154053	0.5568847060203552	-1.4606282711029053
2.7318825721740723	0.7030616998672485	-1.5435808897018433	0.24155014753341675	-0.8012681603431702	0.3326045572757721	1.349462628364563	-0.6363392472267151	0.6873313784599304	0.34889310598373413	-0.3452354967594147	-0.7263149619102478	-1.0036473274230957	0.2971852123737335	-0.8531377911567688	-0.2612203359603882	-0.5632922053337097	1.1288979053497314	-0.38890936970710754	0.47612959146499634	-0.7543980479240417	0.42964521050453186	1.0492640733718872	0.5082499980926514	-2.087463140487671	-0.3940838873386383
-0.8051803708076477	0.22377733886241913	-2.159799575805664	-1.6051208972930908	1.5039862394332886	-0.09929116815328598	-0.4375799298286438	0.014591814950108528	-0.7548016309738159	0.01109311357140541	1.3475816249847412	-0.7333136796951294	0.12238308042287827	-0.3707629144191742	-0.1703704297542572	0.030871402472257614	-0.24885909259319305	-0.9938645958900452	1.678702712059021	1.6575394868850708	0.9550164341926575	1.7952289581298828	0.2414148598909378	1.4007340669631958	2.1213772296905518	-0.1688111275434494
0.348355770111084	0.4044857919216156	1.5481120347976685	1.4744843244552612	-0.6419365406036377	-0.6275320649147034	-2.489776134490967	0.1616201400756836	-1.0520612001419067	-0.08389589190483093	0.26056593656539917	-1.8953312635421753	-0.02593514695763588	-0.6594125032424927	1.8569368124008179	-0.14608503878116608	0.5437178611755371	-0.10039596259593964	-0.36258798837661743	-1.4561684131622314	-0.7024536728858948	0.07150194048881531	-1.006433129310608	-0.4834042191505432	0.46678847074508667	-3.2513322830200195
-0.7827722430229187	-0.792472779750824	0.48451438546180725	1.32379949092865	0.3371270000934601	1.6057742834091187	0.8609843850135803	-0.6098533272743225	0.8539949655532837	0.17260803282260895	-0.004268083721399307	-0.7201421856880188	0.3844947814941406	0.3976534307003021	1.0022752285003662	0.6584222316741943	-1.3175969123840332	-0.09659186750650406	0.23947882652282715	-1.238473653793335	-1.7683725357055664	-0.6051623821258545	0.46611490845680237	-0.4558018445968628	-0.44454026222229004	-0.950491189956665
-0.8629749417304993	-1.404552698135376	1.0036637783050537	0.1724272519350052	0.4110172688961029	1.2915630340576172	-1.2306878566741943	1.2310653924942017	-0.40560272336006165	0.7508541345596313	2.7089755535125732	-0.1625857800245285	-0.43703585863113403	0.5366114377975464	0.16879920661449432	2.4490420818328857	-0.40815192461013794	-1.0699467658996582	0.01073580514639616	-0.9654446840286255	-0.5180097222328186	0.33672094345092773	1.7263211011886597	-1.2754000425338745	-0.18925556540489197	2.333162784576416
-2.6665432453155518	-0.40959101915359497	0.5410056710243225	1.751083254814148	-1.0048274993896484	-0.473918616771698	0.8202463388442993	-0.6919916272163391	-0.13210096955299377	1.0391955375671387	0.4250352084636688	-2.900552749633789	1.6807814836502075	-0.10250817984342575	-0.3598722219467163	0.6544396281242371	1.1801916360855103	-0.7180458307266235	-0.35201919078826904	0.5749580264091492	0.3165932297706604	-0.8071401119232178	0.7297658324241638	-0.9179601073265076	0.6073543429374695	0.674211859703064
0.4266243875026703	0.43187159299850464	-1.1761019229888916	2.082872152328491	-1.6246671676635742	-1.5503754615783691	1.3315666913986206	-0.6454161405563354	0.6091374158859253	0.22138898074626923	-1.584393858909607	-1.8370811939239502	0.09299170225858688	0.2285468727350235	-0.03206256404519081	1.4497283697128296	0.4237356185913086	-1.6478883028030396	0.03942875936627388	0.02341160923242569	0.781866729259491	-2.1893742084503174	-0.5243839025497437	-0.6029695272445679	0.31768330931663513	-0.3437080979347229
-1.5413943529129028	0.13369262218475342	-0.562054455280304	0.5760940909385681	-0.09106826782226562	-0.28626859188079834	0.010308390483260155	-1.2232766151428223	0.13686154782772064	-1.7281310558319092	-1.2194949388504028	-0.08348018676042557	-1.8515570163726807	0.319280743598938	-0.17372871935367584	0.48737776279449463	-0.702338695526123	0.9969808459281921	0.199983611702919	-0.7851070761680603	0.20973682403564453	2.348599910736084	-0.2631717026233673	-0.056745100766420364	-0.28656286001205444	1.7658331394195557
0.15758894383907318	0.772216796875	-1.3169385194778442	-0.18408246338367462	-0.9687414169311523	-0.6776469945907593	-0.38713181018829346	-1.1180204153060913	0.8028015494346619	1.0734447240829468	-1.3691357374191284	-0.19729457795619965	-1.527174949645996	1.2881369590759277	0.10031463950872421	0.14854536950588226	0.10279817879199982	-0.3991764187812805	-0.278039813041687	-0.4349110722541809	-1.4507657289505005	1.195973515510559	0.22796010971069336	1.1219276189804077	-0.5871847867965698	-1.1773332357406616
-1.340124249458313	0.9075403213500977	2.9698739051818848	-0.08739069849252701	0.3168991208076477	-0.2687796354293823	0.881589412689209	-1.4648739099502563	-0.2675873339176178	2.5135176181793213	0.6167652606964111	0.630559504032135	0.08756044507026672	-0.5504775047302246	-0.5994873046875	-0.8216695785522461	0.23895825445652008	0.9175203442573547	0.08094073832035065	0.4407413601875305	2.207613468170166	0.49535220861434937	-1.616195559501648	0.6479447484016418	-0.3129250407218933	-0.646709144115448
1.851162314414978	-0.06612177938222885	0.3287103772163391	-0.9995325207710266	-1.0066533088684082	0.2913452386856079	0.4284111261367798	1.5260759592056274	0.46784090995788574	-0.17126308381557465	-0.2153354287147522	-0.2740107774734497	1.3914954662322998	-2.0795581340789795	0.7433491349220276	-0.6662285327911377	0.0053645530715584755	1.6547476053237915	-1.1655579805374146	1.0275453329086304	-1.085636019706726	-0.6406803727149963	0.6862382888793945	-0.6416988968849182	0.18815815448760986	-0.5030795335769653
0.9469818472862244	-0.9049357771873474	0.11772390455007553	0.45846712589263916	0.014955977909266949	0.9580959677696228	0.2572326064109802	-0.351749986410141	1.0568939447402954	1.5762158632278442	0.9502148032188416	0.37056803703308105	2.02485990524292	-1.862026572227478	-0.10157718509435654	-0.3740924000740051	-0.7930856347084045	0.588092029094696	-0.7213818430900574	0.6359254717826843	-0.7874051332473755	0.20138230919837952	-0.32780712842941284	-1.5332483053207397	0.6859860420227051	-1.5987786054611206
0.987342894077301	-0.9579050540924072	-0.2597522735595703	0.8224334716796875	-0.2647462785243988	1.461113452911377	0.3011624217033386	1.1654020547866821	-1.0694692134857178	0.7550858855247498	-0.6204246878623962	-0.11954643577337265	-0.9236257672309875	0.9488525986671448	0.3593633472919464	-1.219224214553833	1.1621664762496948	-0.198012575507164	-0.5493009686470032	-2.317591905593872	-0.5699505805969238	0.861648678779602	-2.3825888633728027	-1.8300179243087769	-0.3604907691478729	0.22533412277698517
-1.8644981384277344	1.627807378768921	-0.14121249318122864	-0.9046227931976318	0.6773235201835632	-1.274398922920227	0.21744723618030548	0.18365666270256042	-1.304768443107605	-0.6506924629211426	1.7159702777862549	-0.07405871152877808	0.7916014790534973	-1.307685375213623	-2.360544443130493	0.8497670292854309	-0.28675055503845215	-2.348635673522949	-1.3169656991958618	-1.1863179206848145	0.1974879652261734	0.00620293477550149	0.46748462319374084	-1.6074833869934082	0.8407737612724304	-1.1647847890853882
-0.8550707697868347	-0.013445566408336163	-0.17301249504089355	1.8231281042099	-0.33247607946395874	0.24640248715877533	-1.360129475593567	0.9122835397720337	1.3291285037994385	-0.11200140416622162	-1.2211816310882568	0.11830616742372513	-1.3633880615234375	0.3479040563106537	0.4458675980567932	0.5790691375732422	-0.054964978247880936	-0.6031106114387512	-0.01772521249949932	0.6318532824516296	1.3298687934875488	0.4866521954536438	1.5006051063537598	-1.1343294382095337	-0.347968727350235	0.1039891317486763
1.6438332796096802	0.3743381202220917	0.8513472676277161	0.8466930985450745	-0.6116218566894531	-1.5882140398025513	-0.38371986150741577	1.0147391557693481	0.8589174747467041	-1.5824743509292603	1.0711506605148315	-0.2804248631000519	-1.5892162322998047	1.1799590587615967	1.5215870141983032	-1.3571346998214722	-1.0375149250030518	1.3466064929962158	-0.6385322213172913	0.7130288481712341	0.400290846824646	0.9430017471313477	-0.13664628565311432	0.7325149178504944	-0.9883215427398682	0.3961387872695923
0.6144030094146729	1.2286994457244873	1.7086577415466309	-1.2932071685791016	-0.6971659660339355	-1.4317600727081299	0.92180997133255	-0.37079915404319763	0.5754973292350769	-0.9195560812950134	1.4766247272491455	0.5358636379241943	-0.5365018844604492	0.639518141746521	2.2635443210601807	-0.8470720648765564	0.1483919471502304	0.0002496499218977988	0.11806447803974152	-0.02078559622168541	-0.9651460647583008	-0.34959593415260315	-1.5981123447418213	0.38553598523139954	-0.6914607882499695	2.064305305480957
-0.4844242334365845	-0.37175652384757996	-0.5401930809020996	1.0127469301223755	1.5852055549621582	0.41259878873825073	-0.39505407214164734	-0.3663799464702606	-0.8871203064918518	-0.8176556825637817	-1.7965164184570312	-0.8857810497283936	-1.068373680114746	0.4459068179130554	0.7365493774414062	0.3256019353866577	2.9073359966278076	0.766614556312561	2.0686750411987305	0.6330565810203552	-0.11806944012641907	-0.019573617726564407	0.5132697224617004	-0.32492300868034363	-1.9640902280807495	0.9463347792625427
0.02756836637854576	-0.024790607392787933	1.9763824939727783	1.1124528646469116	0.26287367939949036	0.9532098174095154	0.3824242651462555	0.920011043548584	1.1015934944152832	1.7118980884552002	0.5420987010002136	-2.9699363708496094	0.8189091682434082	0.2738819122314453	0.7218247056007385	-0.10159599035978317	-0.08609477430582047	1.5851714611053467	-0.9607896208763123	0.23827359080314636	-0.8597440719604492	-0.6055247187614441	0.9839910268783569	0.5128492712974548	0.6017975807189941	-1.8871480226516724
