-0.5527167916297913	1.1168161630630493	-0.09649814665317535	-0.15541422367095947	-0.749675989151001	1.3330724239349365	1.2813218832015991	0.26861700415611267	0.6807290315628052	1.0639678239822388	-1.0546112060546875	-1.2459675073623657	0.0159519724547863	-0.4853064715862274	1.2035082578659058	1.760907769203186	-0.416081964969635	-2.1382391452789307	1.9752792119979858	1.99043607711792	0.15731358528137207	0.3018829822540283	-0.04304109141230583	-0.8457974195480347	-0.12127585709095001	-0.5242151021957397
-0.7003145813941956	1.1877936124801636	0.5254849791526794	0.44151705503463745	-0.5395523309707642	-0.08779043704271317	1.2233432531356812	-0.6826813817024231	0.29015639424324036	-0.2660331428050995	0.7403120994567871	-0.3506176173686981	-0.08600366860628128	-0.8851115107536316	-0.7156261801719666	0.4798393249511719	-0.6979476809501648	-0.5026618242263794	-2.220475673675537	-0.7674658298492432	0.27857059240341187	1.2698272466659546	0.4764288365840912	-1.2705020904541016	0.8462451696395874	-0.9048029184341431
-0.2831897437572479	-0.9945278167724609	1.530493140220642	-0.541656494140625	0.6529049277305603	0.7816662192344666	-0.9556828141212463	0.08883435279130936	0.7059417366981506	0.05019340291619301	-0.7031984329223633	-1.4137691259384155	0.18386100232601166	-0.3252909183502197	-0.1288452446460724	0.039908964186906815	-1.2422407865524292	0.6001906991004944	-0.10245819389820099	-0.2790376543998718	-0.23783369362354279	1.5866408348083496	0.2665776014328003	-1.262390375137329	0.4068371057510376	0.18900525569915771
0.34165671467781067	-1.0331599712371826	-1.6362276077270508	2.4176411628723145	-0.24439464509487152	0.9947587847709656	1.079861044883728	0.7664214968681335	1.3771625757217407	0.9935746788978577	-1.2006402015686035	-0.9676085114479065	1.2798798084259033	-0.9564656615257263	0.18191373348236084	-0.6270537376403809	-0.5994635224342346	-1.30055570602417	-0.3159154951572418	0.030258672311902046	-0.9121113419532776	-1.0615140199661255	-1.4652420282363892	-0.45669859647750854	-1.0593596696853638	1.4939091205596924
0.9346234202384949	-0.5183352828025818	0.6087167263031006	-0.018864426761865616	0.23097233474254608	0.4659823179244995	-1.5413320064544678	0.9405912756919861	-0.40668487548828125	-0.49357926845550537	1.7717701196670532	0.4136785864830017	-0.11063012480735779	-1.8399280309677124	1.416373610496521	0.8839946985244751	-0.6494434475898743	0.3701554536819458	0.3545895516872406	0.7350541949272156	-0.37711426615715027	-1.2885640859603882	1.1617834568023682	-1.316226840019226	-0.6458650231361389	0.3729095160961151
0.3684925436973572	1.4533262252807617	0.21446263790130615	-1.2362877130508423	0.1264672726392746	0.9934982061386108	0.544431746006012	-1.6039148569107056	-0.4870637357234955	-1.5877149105072021	1.1476752758026123	0.41652223467826843	-1.3418986797332764	-0.7146494388580322	-0.5412667393684387	1.3861467838287354	0.6410419940948486	0.9230062365531921	0.340400367975235	-0.18728633224964142	-0.5183199644088745	1.154136300086975	-0.5007282495498657	-1.1531283855438232	-1.0131568908691406	0.8768203258514404
-1.662626028060913	0.32311001420021057	-0.07478530704975128	0.28428900241851807	3.696981191635132	0.4708903431892395	-0.8885184526443481	-1.0427213907241821	0.5934309363365173	-0.22563129663467407	1.0963656902313232	0.40948548913002014	-0.31130483746528625	2.0854103565216064	1.3870019912719727	-0.6807116866111755	-1.3075807094573975	-1.3129667043685913	-1.9630498886108398	0.2543998062610626	-1.1250001192092896	-0.09015414863824844	-1.0891048908233643	0.3632141053676605	-1.732701063156128	-0.7808071374893188
-0.5909681916236877	-0.47674083709716797	1.3544310331344604	-0.6853548288345337	-1.8104925155639648	-0.8180703520774841	-0.4614837169647217	-0.7922053337097168	-0.31413930654525757	-1.0887223482131958	1.1116087436676025	1.6973261833190918	-0.3614565432071686	-0.022040335461497307	-0.3462497889995575	0.05655556172132492	-0.5615659952163696	-0.5069671273231506	-0.11964988708496094	0.4461437463760376	-1.186572790145874	-1.643320083618164	0.8889747858047485	-0.31930941343307495	-1.3967348337173462	-0.4553178548812866
-1.1999658346176147	1.1246533393859863	1.3269941806793213	0.2285134345293045	-0.04235052689909935	0.05426179617643356	0.6864638328552246	-0.3499871492385864	0.24038854241371155	-0.869682252407074	-1.0995771884918213	0.5690594911575317	1.149303674697876	0.6277744174003601	-0.12459456920623779	-0.5563355684280396	-0.2581115663051605	-1.407092571258545	1.2909009456634521	0.5014699697494507	-0.41281408071517944	-2.361867666244507	-1.4041776657104492	-0.796774685382843	-0.7154453992843628	0.24089060723781586
-0.17059855163097382	-1.416465163230896	0.3964531421661377	1.7097773551940918	-1.5674412250518799	0.8268690705299377	-0.3694147765636444	0.25056207180023193	0.017680363729596138	1.1416523456573486	-0.1400870978832245	-0.1630852222442627	1.5705211162567139	-2.508019208908081	-0.03853803500533104	0.23993702232837677	-0.23260049521923065	-0.675191342830658	0.612697958946228	0.2441682070493698	0.18948893249034882	-1.0178889036178589	-0.9435893893241882	1.932859182357788	-1.4953489303588867	-0.5056600570678711
1.260213017463684	-0.3462165296077728	-0.4725942015647888	0.4615536332130432	0.1980573832988739	-1.542114496231079	0.515800952911377	0.5274645686149597	-0.46471071243286133	0.01591675914824009	0.9240503907203674	-1.1115473508834839	-0.16604171693325043	1.3112157583236694	0.132832869887352	-1.5854145288467407	-0.42225387692451477	0.6398701071739197	-1.4046440124511719	-1.5592001676559448	-0.6971016526222229	0.8184991478919983	-0.05273476988077164	-1.0530747175216675	-1.1542739868164062	-1.5908873081207275
-0.19501489400863647	0.5543352365493774	2.2605834007263184	0.5788741111755371	0.7112172842025757	0.6168240308761597	-0.22679588198661804	-0.32348260283470154	1.454845905303955	1.4335020780563354	-0.5821838974952698	-0.8671988248825073	-1.6280474662780762	0.11990584433078766	-0.22972069680690765	0.7223562002182007	-0.8281569480895996	1.0298055410385132	1.0669755935668945	0.36465731263160706	1.2839715480804443	-0.38379180431365967	1.010414719581604	-3.7964890003204346	-0.9158850908279419	-0.32288658618927
-0.7305505871772766	1.0220763683319092	-0.14958328008651733	0.2611545920372009	0.717942476272583	-0.1632750779390335	1.2917280197143555	-0.6615723967552185	-1.6201426982879639	0.11603616923093796	0.49848049879074097	2.1955485343933105	1.2894757986068726	-0.22387221455574036	0.9325092434883118	-1.4953254461288452	-0.9702151417732239	0.6150208115577698	1.1350913047790527	-1.266524314880371	0.09116724133491516	-0.7853403687477112	-0.7746508121490479	-0.7953172922134399	-1.0871167182922363	-1.0086477994918823
-0.5007616877555847	0.33704403042793274	-0.022285332903265953	0.5316619277000427	-3.5675430297851562	-0.28814616799354553	1.3116044998168945	0.46851471066474915	-0.09633634239435196	-1.0281836986541748	-1.317825436592102	0.8777595162391663	0.4030764698982239	-0.6595768332481384	-0.6513844132423401	-0.47120901942253113	1.4550992250442505	-0.283460795879364	-0.8590846061706543	0.03677615895867348	0.21726976335048676	0.039676398038864136	-0.6428354382514954	-1.6278324127197266	0.18131980299949646	1.8664110898971558
-0.748578667640686	0.5707667469978333	0.44973623752593994	-0.09184271097183228	-0.23104949295520782	-0.6273165941238403	-1.2419795989990234	-0.4885897934436798	-1.2974945306777954	1.8773249387741089	2.4893505573272705	1.2491695880889893	0.11830528825521469	0.953787624835968	-1.6794650554656982	0.7234046459197998	1.0344562530517578	0.8626503348350525	-1.33966863155365	0.02247513458132744	0.9595397114753723	-0.8418713212013245	1.1914496421813965	0.5435941219329834	0.5007708668708801	-2.504734992980957
-0.5096190571784973	-0.5398254990577698	1.8028115034103394	-0.5255105495452881	1.0817383527755737	-0.7751453518867493	0.7953763008117676	0.046607449650764465	0.043814074248075485	-0.8397684693336487	1.4540385007858276	-1.0365917682647705	1.6393473148345947	-0.11585194617509842	-0.6701434254646301	0.6310442090034485	0.8370596170425415	0.9496506452560425	0.07377663254737854	0.10321686416864395	-0.4637686610221863	-1.2270609140396118	0.02113332226872444	-0.32141023874282837	-0.16872836649417877	1.2116230726242065
0.12459636479616165	0.521459698677063	-0.013929161243140697	0.6911633610725403	1.4432814121246338	-2.043895959854126	-0.9844162464141846	-0.6792471408843994	0.9002771377563477	-0.3444816768169403	-1.2154439687728882	-0.5564239025115967	0.4612811803817749	-0.8311777710914612	-0.9926766157150269	0.5441430807113647	-0.05244247615337372	-0.22287163138389587	-0.3310996890068054	-0.08293893933296204	0.05508337914943695	1.3257685899734497	0.625006377696991	0.8848448991775513	0.16322721540927887	-1.6884372234344482
0.10781682282686234	-0.5299390554428101	-0.14243216812610626	-0.9670076370239258	-1.839360237121582	1.0281320810317993	-2.2674407958984375	-1.0113438367843628	-0.4301484525203705	0.0868898406624794	1.565305471420288	-0.610321581363678	-1.5048187971115112	0.08714071661233902	-0.34964701533317566	0.506058931350708	-1.0708950757980347	-1.2763034105300903	0.26653191447257996	0.09374172240495682	1.3420166969299316	1.4218966960906982	-1.3026237487792969	-0.5481650233268738	-0.8384458422660828	0.29756051301956177
0.49692320823669434	-1.5678579807281494	0.1628548502922058	-1.368086814880371	0.5945168137550354	1.389052391052246	-1.6976019144058228	-0.6392664909362793	1.4470242261886597	0.4362718462944031	1.3307346105575562	-2.390794038772583	0.4275165796279907	1.4452400207519531	1.7957873344421387	-0.34595173597335815	-0.5592206120491028	-2.2036471366882324	-0.6986958980560303	0.5086013674736023	-0.08265253156423569	1.0912638902664185	1.0339092016220093	-2.436370611190796	0.46166399121284485	1.0789389610290527
0.05187729746103287	-0.17879019677639008	-0.2745841145515442	0.1884411722421646	-0.6002076864242554	-1.2578591108322144	-0.2122972011566162	0.28954607248306274	0.08804687857627869	0.7854428291320801	-0.3877796530723572	-1.2283848524093628	-1.3532785177230835	0.9733396172523499	-0.43599292635917664	-0.17487609386444092	0.9612210988998413	0.20766595005989075	0.0019672380294650793	-0.26216232776641846	-3.9000465869903564	-0.696694552898407	1.2051752805709839	0.5412899851799011	-0.1634557992219925	0.42802223563194275
1.1636475324630737	-0.1097802147269249	1.1106988191604614	1.2054543495178223	-1.4022787809371948	-0.9452894330024719	1.0836079120635986	-0.5875152945518494	1.1844148635864258	0.1764295995235443	-0.743719756603241	-0.432360976934433	-0.46640682220458984	0.5704673528671265	-1.462037444114685	-0.9885008335113525	-1.9120697975158691	0.19129051268100739	-1.8917897939682007	0.29758232831954956	0.37452927231788635	1.665151834487915	-1.063798189163208	-1.269691824913025	0.3095221519470215	0.27311965823173523
-2.3977432250976562	-0.14117810130119324	-0.15301840007305145	-1.2053046226501465	1.3320151567459106	0.43890467286109924	1.2267545461654663	0.34659409523010254	-0.28145307302474976	0.09910839796066284	1.796282410621643	-0.4098520278930664	-0.4726742208003998	-0.6531999707221985	-0.10181322693824768	-0.34586793184280396	0.7895371913909912	2.137681245803833	0.3991798758506775	2.0402402877807617	-0.7159230709075928	0.348160982131958	-0.2308855801820755	0.06799936294555664	2.216435432434082	-0.2549804747104645
-0.7025789022445679	-0.16238433122634888	1.2947810888290405	-1.3856127262115479	0.39528968930244446	-0.19293461740016937	-0.03217227756977081	1.2014716863632202	-0.038534291088581085	0.7175182700157166	-0.8139418959617615	1.2929184436798096	-0.8515830636024475	-0.7083577513694763	0.3093380033969879	0.4204219579696655	1.133866548538208	0.47971847653388977	0.4051997661590576	0.12854360044002533	1.6161140203475952	1.0349698066711426	-0.06356555223464966	-0.090733602643013	0.9060753583908081	0.024448134005069733
0.9821078181266785	-1.0564621686935425	-1.3531659841537476	1.2025623321533203	0.6877314448356628	-0.5957480669021606	0.3915819525718689	-0.6110665202140808	-0.08374384790658951	-1.1113041639328003	-1.2453774213790894	0.935562014579773	0.43972328305244446	1.1627099514007568	-1.4929770231246948	0.41775158047676086	-0.491386353969574	0.5945484638214111	-0.6708964705467224	-0.6065919399261475	-1.9791148900985718	-0.08333676308393478	-1.1410614252090454	1.2398467063903809	0.77937251329422	-0.822649359703064
-0.4227628707885742	-0.5390114188194275	0.4165690839290619	0.10414864122867584	-0.08361321687698364	1.4194623231887817	1.7301537990570068	1.4350450038909912	1.121469259262085	0.619490385055542	0.7740620970726013	0.11897838860750198	-2.0683021545410156	1.0422987937927246	-0.06027304381132126	-0.2572826147079468	0.5616594552993774	1.3033599853515625	-0.7771108150482178	1.2986217737197876	0.10468003898859024	0.30008721351623535	-0.2983548045158386	0.41746795177459717	0.5198142528533936	0.7263293862342834
-2.3259177207946777	-1.7461233139038086	-0.23564855754375458	0.09467937797307968	1.108721375465393	-0.006588793825358152	0.7279950380325317	-0.6808505654335022	-0.18268175423145294	0.7824776768684387	-0.07194274663925171	0.0009223225060850382	-0.4041558504104614	-0.32246512174606323	1.1350516080856323	1.1584408283233643	1.1025108098983765	-1.6423609256744385	-0.29139018058776855	0.6861047148704529	-0.07399957627058029	1.2898887395858765	0.5325843095779419	-1.0213693380355835	-0.49227502942085266	-0.6840905547142029
0.31293198466300964	-1.475014328956604	-0.35675889253616333	-0.41767653822898865	-0.1395292431116104	1.258605718612671	0.3789229691028595	0.10063358396291733	0.8079994916915894	0.6517627239227295	-0.6062517762184143	1.6502141952514648	0.20335173606872559	-0.12259454280138016	0.971991777420044	-0.3513784408569336	-1.7406485080718994	-1.7206346988677979	-0.17315693199634552	0.40872323513031006	-1.8843343257904053	-2.042840003967285	-0.5566884279251099	-0.6170265674591064	-0.1272175908088684	0.07138966768980026
-2.288245439529419	-0.6302711367607117	-2.2418503761291504	1.852928876876831	1.1871427297592163	0.2874966859817505	-0.7891409397125244	0.4447142481803894	-0.16599971055984497	0.17867028713226318	0.9418433308601379	-0.10844668000936508	0.09002972394227982	2.9218931198120117	-0.5202661156654358	1.312785267829895	0.4679606556892395	-0.7846100330352783	-2.111525535583496	0.5163652300834656	0.10692602396011353	-0.2975042164325714	0.18266206979751587	1.6083686351776123	-0.6687981486320496	-0.7572400569915771
0.10340320318937302	0.6653083562850952	0.31649109721183777	0.44485265016555786	-1.7362476587295532	0.3056994378566742	-0.34992846846580505	-0.5428034663200378	-0.10883650928735733	1.1303592920303345	-1.9800164699554443	0.2723280191421509	0.26034772396087646	-0.0350361093878746	-1.75184965133667	0.7150713801383972	-0.6416849493980408	-0.9458310008049011	0.19632241129875183	-0.2483370006084442	0.029559845104813576	-0.39985358715057373	0.7693551182746887	0.09423262625932693	1.2252599000930786	-1.8862855434417725
0.22998632490634918	-1.6055985689163208	-0.04314299300312996	0.4151574373245239	0.782086193561554	-0.45258262753486633	0.1730637103319168	-0.3904244601726532	0.9298386573791504	0.6739963889122009	2.0609612464904785	-1.4014607667922974	-0.6321154236793518	0.492904931306839	-1.092868685722351	-0.5215393304824829	-0.007543994579464197	-0.21428389847278595	-0.06503259390592575	-0.6573923826217651	-0.17308282852172852	1.117911458015442	0.11828885972499847	-0.07204253226518631	1.0624871253967285	0.03749004378914833
-0.8284317851066589	0.602866530418396	-0.6531853079795837	-0.6483301520347595	0.550849437713623	0.7011128664016724	0.29183733463287354	0.2330484539270401	0.3855315148830414	-1.471362829208374	0.4791720509529114	-1.611421823501587	-1.927424430847168	0.8609912395477295	-0.13903580605983734	0.3226528465747833	-0.6322718858718872	3.0754871368408203	1.065751075744629	-0.2565205693244934	-0.28138819336891174	-0.9570238590240479	-0.33399415016174316	0.31712889671325684	-0.7864660620689392	-2.3029961585998535
-1.9116684198379517	-1.0582350492477417	-0.06523299962282181	0.5028532147407532	0.6622183322906494	1.5010039806365967	0.3874957263469696	0.6798596978187561	0.4555285573005676	-1.1509720087051392	-0.1648542433977127	-0.2650258243083954	-0.2741197347640991	-0.17242830991744995	-1.598048210144043	0.23889058828353882	1.0770869255065918	0.514483630657196	-0.355482816696167	0.030360326170921326	0.30729830265045166	0.15462468564510345	-0.545211911201477	1.4588991403579712	-0.08815467357635498	1.2552050352096558
-0.20944833755493164	0.332792729139328	-0.1579466611146927	-0.6001976132392883	0.2746816873550415	-1.7013694047927856	-1.139006495475769	-1.0191500186920166	-0.4922925531864166	-1.2409495115280151	-0.20901243388652802	-0.4349597096443176	-2.5657546520233154	0.10918682813644409	-0.9844951033592224	1.1745624542236328	0.020595287904143333	-0.7290279269218445	-0.04368283227086067	-1.5819432735443115	0.6197660565376282	-0.13341200351715088	0.42352795600891113	0.5859977006912231	-0.17084698379039764	-1.1600902080535889
0.07740792632102966	-2.6525771617889404	0.8461095094680786	-0.5775865912437439	-0.9036080837249756	-2.220550775527954	-0.12926098704338074	0.21987617015838623	0.2251230776309967	-1.2460063695907593	-0.4777754545211792	0.24551528692245483	-0.10384310036897659	0.18974021077156067	1.5357961654663086	0.8895535469055176	1.778044581413269	1.0280579328536987	-0.9317479133605957	-1.0585187673568726	0.24526117742061615	1.1995118856430054	0.07255424559116364	-0.42439723014831543	1.019709587097168	-1.4869682788848877
0.7258588075637817	-0.8938488364219666	0.7628900408744812	-1.8562648296356201	-0.5007349848747253	-1.3226165771484375	-0.37497442960739136	1.0764641761779785	-1.577301025390625	0.582926869392395	0.7184754610061646	-0.48198580741882324	1.0812764167785645	1.0050318241119385	0.20386363565921783	-0.25196656584739685	0.20921948552131653	0.31216996908187866	-0.051191557198762894	-0.28978055715560913	-1.6248016357421875	0.02556607685983181	0.81168532371521	0.9319780468940735	0.25184130668640137	0.10686364769935608
-0.3627123236656189	2.181814670562744	-0.6165350675582886	1.6316338777542114	-0.9837386608123779	-1.467552661895752	-1.2131861448287964	0.3109574019908905	0.1091877669095993	-0.04908808693289757	1.3568042516708374	2.150517225265503	-0.26949313282966614	-0.5531782507896423	-0.8491137027740479	-0.08132584393024445	1.8191121816635132	-0.8224778771400452	-0.7274597883224487	-1.154432773590088	-0.3664475679397583	-1.6561589241027832	-0.35673657059669495	-0.45353907346725464	-0.5152788758277893	1.0262469053268433
0.9871731996536255	0.7402104735374451	-0.22380709648132324	1.018794298171997	0.9642619490623474	-0.10033851116895676	0.8195220828056335	-1.0693912506103516	-1.1722811460494995	0.5884124040603638	1.6173079013824463	0.5150836110115051	2.080702066421509	0.6793532967567444	-2.281019687652588	-0.5165666937828064	-0.06500660628080368	0.16950871050357819	0.5593921542167664	-0.3995382487773895	1.059635877609253	-1.164610743522644	-0.7864676713943481	-0.07211378961801529	-0.586769163608551	-1.1916760206222534
0.3601054549217224	-0.9069372415542603	2.078382730484009	0.46449393033981323	-0.2615683376789093	0.013830427080392838	0.4558490514755249	-0.36338725686073303	0.8415939211845398	2.3314075469970703	-0.5159598588943481	-0.9608351588249207	-0.7605950832366943	1.164172649383545	0.042167551815509796	-0.8351881504058838	0.5541883707046509	0.2845098674297333	-0.6685771942138672	-0.038684166967868805	-0.09293101727962494	-1.9573978185653687	-1.2465845346450806	0.31036990880966187	-1.0319619178771973	-1.6548402309417725
0.6935178637504578	0.6811959743499756	0.35762444138526917	-0.1710350215435028	0.8224930763244629	-0.4462917149066925	-0.5618110299110413	-1.9000139236450195	0.9150455594062805	-0.5676928758621216	2.1700172424316406	0.018229415640234947	0.3079947531223297	-0.44252684712409973	0.07367254793643951	-0.24431049823760986	-0.7869203686714172	2.062070608139038	0.9010879993438721	-0.14191706478595734	1.5880812406539917	-0.20685617625713348	0.7372598648071289	-0.02878684364259243	0.10661182552576065	0.2239852398633957
-1.532583475112915	0.3809471130371094	0.5573118329048157	1.2809092998504639	0.2006102353334427	0.22432836890220642	0.7968558073043823	0.03899918869137764	-0.9101362228393555	-0.43105798959732056	1.2972447872161865	-2.0084388256073	1.1745669841766357	0.5651969909667969	1.0662509202957153	2.105170249938965	0.0461001843214035	-0.5711466073989868	-0.2790338397026062	2.273216724395752	-0.6563732028007507	-2.147496223449707	-0.6977862119674683	0.40282142162323	1.0054919719696045	0.3016466498374939
-0.2779060900211334	0.17156080901622772	-0.3365717828273773	-0.3944114148616791	-0.5548862814903259	0.9304020404815674	-0.1333063840866089	0.3195948004722595	-0.7686135172843933	-0.49168720841407776	-0.0867171436548233	-0.36371609568595886	-1.1731579303741455	0.5706400275230408	-1.0168653726577759	-1.3508261442184448	-0.8477632403373718	-0.5474124550819397	0.5074322819709778	-0.1307397186756134	0.6224790215492249	0.34951311349868774	-0.04125899821519852	0.7309094071388245	-0.5283908247947693	0.2637469470500946
-0.07223284244537354	0.008015713654458523	0.9080217480659485	0.8997277021408081	0.27173325419425964	-0.34649667143821716	0.6049281358718872	-1.6767942905426025	1.5186742544174194	-0.4436946213245392	0.9342202544212341	-1.9020148515701294	0.5344420075416565	-2.455270767211914	0.7576000690460205	0.5420138835906982	0.03173993155360222	-0.7928988337516785	-0.5128182172775269	0.4466268718242645	0.08416057378053665	0.25466689467430115	-0.6329843401908875	-0.2020457535982132	-2.3106746673583984	-1.6445766687393188
-0.6657354831695557	-0.3253347873687744	-0.0905073955655098	1.876745343208313	1.460726022720337	-0.9450991749763489	-0.1014392226934433	0.5925569534301758	-0.4185977578163147	0.3188321888446808	1.5891129970550537	-0.653407633304596	0.46693870425224304	-1.7372015714645386	1.619734525680542	-0.9805081486701965	0.4328172504901886	0.582862913608551	0.2894638180732727	0.9532076120376587	-1.854790210723877	0.215276837348938	-0.9686086177825928	-0.36737900972366333	1.0086429119110107	0.36765819787979126
-0.17964069545269012	0.5261123776435852	-0.5399709343910217	-0.4098464548587799	-1.6161047220230103	0.5976990461349487	0.41057726740837097	0.8919996023178101	0.0962330624461174	1.3182072639465332	-2.465963125228882	0.12873989343643188	-0.4860266447067261	1.051067590713501	-1.6903119087219238	-0.47572264075279236	-0.7111049890518188	0.5375494956970215	-0.15431934595108032	1.0184561014175415	0.3552681803703308	1.4517052173614502	-0.05503958463668823	0.5880680680274963	1.2020529508590698	-2.64339542388916
1.0563546419143677	1.3756715059280396	-1.2905523777008057	-0.683381199836731	0.19195368885993958	-1.4067518711090088	-0.35371366143226624	0.18741121888160706	-0.3710535764694214	1.437862515449524	-0.15450870990753174	-1.103086233139038	0.4792267680168152	-0.47760361433029175	0.9623947739601135	0.3000584840774536	-1.113958477973938	0.19274882972240448	-0.307127982378006	-1.752650260925293	0.840264618396759	1.0308727025985718	0.05043473839759827	-0.3949086368083954	0.062294743955135345	1.7747818231582642
-0.9880478382110596	0.46925437450408936	-0.41931256651878357	2.138364553451538	-0.8979074954986572	-0.5310045480728149	-1.7307263612747192	0.5746457576751709	0.7884529232978821	2.155566453933716	0.000951477384660393	1.7037917375564575	0.7539827823638916	1.676867127418518	0.1934058517217636	0.7374463677406311	1.340615153312683	0.0307308379560709	-0.8739573359489441	1.677295446395874	0.2802550792694092	-1.2138077020645142	-0.6598049402236938	-0.10692542791366577	-1.20710289478302	0.24707335233688354
0.13056601583957672	-0.30115219950675964	-0.28975626826286316	2.2070298194885254	-0.7180278897285461	0.1426784247159958	-0.278364896774292	-0.2748229205608368	-1.1879205703735352	0.40515393018722534	-0.7686367034912109	2.483963966369629	1.4609981775283813	-0.9459697604179382	-0.745838463306427	-0.012646021321415901	-0.2402922660112381	2.0274314880371094	0.556007981300354	0.04099910333752632	-2.750485420227051	-0.6883505582809448	-0.10264544934034348	-1.2329497337341309	-0.4189063608646393	-0.7960858941078186
0.909532904624939	0.45872652530670166	-0.33135274052619934	-1.945602297782898	-0.15513961017131805	-0.34228214621543884	0.8631072044372559	-0.9032199382781982	-1.0440833568572998	-0.4418816864490509	-1.6601735353469849	0.31446313858032227	1.594799518585205	-1.1668784618377686	-0.8863275647163391	1.477879285812378	0.038325678557157516	-0.6552110314369202	0.41407227516174316	-0.7297038435935974	-1.4235482215881348	0.35870808362960815	0.2993873357772827	-1.728879690170288	2.6032512187957764	-0.5125206708908081
-2.6301417350769043	0.013721700757741928	-0.1489921361207962	1.2071123123168945	-1.2212730646133423	-0.43005064129829407	0.010196936316788197	2.2680230140686035	-0.3403831422328949	1.7897732257843018	1.2161011695861816	-0.9250639081001282	-0.7462513446807861	0.7062175869941711	0.9794800281524658	-0.5953865051269531	-0.41421204805374146	0.5509780049324036	0.9070098400115967	-0.5983797311782837	-0.6064929366111755	0.19049163162708282	0.6799479126930237	0.8152096271514893	1.2072272300720215	1.3608349561691284
-0.6482186317443848	-0.8994178175926208	0.1840716004371643	0.6595422029495239	0.14978493750095367	0.2732475697994232	0.9179081916809082	-0.1710129976272583	-0.8202689290046692	-0.37687304615974426	0.8538073301315308	-0.3020678162574768	1.2975176572799683	0.14882248640060425	-0.13325004279613495	0.5072508454322815	0.6073096990585327	-1.447558045387268	0.9534592628479004	0.5608009696006775	0.47453391551971436	-1.1624428033828735	-1.442478895187378	-1.704371452331543	0.29303550720214844	-0.29089418053627014
-1.0081021785736084	-1.2870924472808838	-0.5390956401824951	0.04021841660141945	1.6552733182907104	-0.018143408000469208	1.0059616565704346	-0.28648000955581665	1.5410372018814087	-0.21047499775886536	0.018675269559025764	0.05219452455639839	-1.176894187927246	-0.7761067748069763	0.8058744072914124	0.9601079225540161	0.02879725582897663	2.2226901054382324	-0.0013124393299221992	0.4746605455875397	1.6402578353881836	2.8255553245544434	0.2966426610946655	-1.2239960432052612	-0.019927434623241425	0.38103535771369934
0.5719419121742249	-0.059376925230026245	-0.41403576731681824	-1.497286081314087	-0.2919599115848541	-1.4654055833816528	-0.7928813695907593	2.3307342529296875	-0.5912516713142395	1.2510459423065186	-2.007233142852783	-0.18060550093650818	-1.978550672531128	0.39768028259277344	-2.1354849338531494	-0.8290972709655762	0.4037953317165375	-2.171637773513794	0.31192833185195923	1.3709700107574463	0.24271170794963837	-1.26603102684021	-0.08295205235481262	0.3886142671108246	-1.396239995956421	-0.3072897791862488
-0.2604241967201233	-0.10928170382976532	-0.11251099407672882	-1.6817948818206787	-0.08179962635040283	-0.3442707359790802	1.0085084438323975	0.47528618574142456	1.117308497428894	0.8133379817008972	0.3523060977458954	-0.32482460141181946	1.2292792797088623	-1.2964731454849243	0.68154376745224	-0.020037183538079262	-1.412705659866333	0.27098706364631653	-0.11588668823242188	-0.7393571734428406	-0.2366916984319687	0.48225492238998413	-2.20169734954834	-1.0895298719406128	0.17009392380714417	0.5232955813407898
-1.1910942792892456	-1.2680580615997314	0.6614820957183838	0.5627527832984924	1.458279013633728	0.4028162956237793	0.8530281186103821	0.09258829802274704	-0.13416700065135956	-0.47322389483451843	-0.4524211883544922	1.030588150024414	-1.8167599439620972	0.3334909975528717	0.06135967746376991	1.8141372203826904	0.17393244802951813	0.02887909859418869	0.03498416766524315	-0.3421822786331177	-0.10778209567070007	1.2220510244369507	0.5716214776039124	-1.4077907800674438	0.6864387392997742	0.09143748879432678
-1.2609009742736816	0.5455431342124939	0.9986945390701294	1.8740187883377075	0.2985905706882477	-1.0266469717025757	0.9863042235374451	0.6854743361473083	0.47239506244659424	0.9306284785270691	-0.8894808888435364	1.6902793645858765	-0.9859322309494019	-0.3972267806529999	-0.8517114520072937	-0.3335953652858734	1.1365712881088257	0.7074988484382629	-0.5526164770126343	0.8370867371559143	-1.9774950742721558	-0.7069151997566223	0.0005115675739943981	-1.6814390420913696	0.12109258025884628	-0.23192179203033447
0.629797101020813	-0.6273290514945984	0.6689859628677368	-0.591149628162384	-1.9436827898025513	0.40418511629104614	-1.2764602899551392	-1.0897374153137207	-0.8126212954521179	-0.3421991467475891	0.1211036816239357	-1.7911579608917236	1.1983966827392578	-2.558499574661255	-0.4492930471897125	-1.8527640104293823	-1.1367778778076172	0.20051543414592743	-1.5818908214569092	-0.17045113444328308	-0.23805323243141174	1.8914666175842285	0.44695335626602173	-0.16002729535102844	-0.4846656620502472	0.9011101126670837
-0.11896680295467377	-1.0478397607803345	0.9105560779571533	0.43826740980148315	0.5399282574653625	-1.6170223951339722	-0.3119390606880188	-0.03867450729012489	-0.059368330985307693	0.779947817325592	-0.5189712047576904	0.3170233964920044	1.9511109590530396	0.5705994367599487	0.6607674956321716	0.7550325989723206	-0.10932477563619614	-0.40358641743659973	-1.6083099842071533	0.7579297423362732	-0.9752153158187866	0.22837257385253906	0.6311817765235901	-0.18020595610141754	0.536642849445343	-1.1068627834320068
0.6435096859931946	0.5222115516662598	0.06228429079055786	0.942730188369751	-0.18920157849788666	-0.4155765771865845	-1.786470890045166	0.5510812997817993	-0.6461709141731262	1.2351765632629395	0.7493515014648438	-0.0026503896806389093	-0.6172773838043213	0.0526752769947052	0.4253378212451935	1.6989822387695312	-0.5276305675506592	0.4825727641582489	1.7148317098617554	-0.44619932770729065	0.7259443998336792	-0.03846028447151184	1.7206659317016602	1.9864672422409058	0.208865225315094	0.7156782150268555
-1.131658911705017	-1.521093487739563	1.7547121047973633	-0.7535083293914795	1.1692173480987549	-0.477984756231308	1.527175784111023	0.8869901895523071	-1.045777678489685	-0.16405107080936432	1.1180801391601562	-0.29879042506217957	-0.04578987509012222	0.5043064951896667	-1.6140966415405273	-0.07446020841598511	0.3386494815349579	0.4786161780357361	-2.1236188411712646	0.9612970948219299	1.2086933851242065	0.30757081508636475	-0.19714191555976868	0.8196111917495728	1.1009612083435059	-1.1178693771362305
0.532636284828186	-0.7307043671607971	-0.5977111458778381	0.8530845046043396	0.6204892992973328	-1.1471649408340454	-0.06063101068139076	0.07235202938318253	-1.1422226428985596	-0.06508108973503113	-0.11196541786193848	1.0777359008789062	-2.0793144702911377	-1.7816623449325562	-1.9017373323440552	-1.118250846862793	-0.45629963278770447	-0.24448317289352417	-0.09090515226125717	0.3453427255153656	0.6345940232276917	0.034193940460681915	-0.3662068247795105	0.12395425885915756	0.8134698867797852	-1.9500908851623535
-0.038475967943668365	-0.043204840272665024	-1.0106803178787231	-0.2078559398651123	-1.773159146308899	-1.09994375705719	0.32070571184158325	-0.4986501634120941	-1.6164641380310059	0.7776819467544556	0.25514259934425354	-0.25455737113952637	0.1769130527973175	0.9403970837593079	-0.4708230197429657	0.5020511746406555	-0.8546338081359863	-1.1995301246643066	0.27873632311820984	-2.5101771354675293	-0.16716903448104858	-0.939372718334198	1.275319218635559	2.2741682529449463	-0.30341893434524536	1.4422001838684082
1.6643069982528687	0.37590256333351135	-1.5310947895050049	-1.2012534141540527	1.3147274255752563	0.07891356945037842	0.43570777773857117	0.8633357882499695	0.4218219220638275	1.5524001121520996	0.8677776455879211	2.0132386684417725	-2.0588181018829346	-0.48174190521240234	-2.090294361114502	0.2596050202846527	-0.7447441816329956	-2.5317533016204834	-1.305991530418396	-0.28755196928977966	1.1879068613052368	1.7182600498199463	2.5338003635406494	-1.179928183555603	-2.5090596675872803	-0.6180739402770996
-0.4297764003276825	0.10207571089267731	1.5967313051223755	1.2222306728363037	1.086623191833496	0.3768758475780487	-1.8034595251083374	-1.7970860004425049	-1.1288249492645264	-1.1193821430206299	1.5421432256698608	-0.2962585985660553	1.1912308931350708	-0.46945443749427795	-0.6313048005104065	-2.492196559906006	1.6098847389221191	0.8573805689811707	-1.2076257467269897	0.17232631146907806	-0.007952366955578327	0.2476072907447815	-1.4565367698669434	-0.2783004939556122	0.8733029961585999	0.3600657284259796
-0.3685472309589386	-1.1178746223449707	-0.2708486020565033	0.9276992678642273	-0.2923052906990051	0.34249770641326904	-0.9666349291801453	-0.7425824999809265	1.8918421268463135	0.6971427798271179	-0.803368091583252	-0.7311932444572449	1.2515361309051514	1.268251657485962	-0.44081375002861023	1.3205879926681519	-0.6871077418327332	-0.1911013275384903	0.9722551107406616	-1.3092517852783203	-0.24795161187648773	0.33655789494514465	-2.096364736557007	0.4905846118927002	-0.15308864414691925	0.8074235916137695
-2.689140796661377	1.5689119100570679	0.9483928680419922	0.010673184879124165	-0.5283640623092651	0.18020813167095184	1.6290918588638306	1.8151471614837646	-1.3492467403411865	-0.3075850307941437	1.5986446142196655	-0.4489856958389282	0.594158947467804	-0.39097732305526733	-0.7640339136123657	-0.604835033416748	2.03852915763855	-0.21995298564434052	1.6863998174667358	0.4870949685573578	0.7676655054092407	1.0506792068481445	1.3255671262741089	-0.8368942141532898	0.6150615811347961	2.118248224258423
1.4898746013641357	-1.7776076793670654	-0.9488037824630737	0.41481858491897583	1.1105881929397583	-0.6020205616950989	0.2708777189254761	0.39033687114715576	2.4022951126098633	-0.6567391753196716	0.6008818745613098	1.1714001893997192	-0.12861596047878265	-0.5750300884246826	1.4449812173843384	-0.052371684461832047	1.8980236053466797	-0.1356430947780609	-0.7760199308395386	-0.21611784398555756	0.6253834366798401	-1.18807053565979	0.13048940896987915	-0.8056545257568359	0.6881787180900574	2.054980516433716
1.7937976121902466	-0.33928152918815613	0.41708236932754517	-0.5875559449195862	-1.149012804031372	-0.39486896991729736	0.9616177678108215	1.8907157182693481	1.496841311454773	-1.4078415632247925	-1.6760574579238892	-0.1891767978668213	0.855696439743042	-0.14807382225990295	1.6410558223724365	0.28270360827445984	-0.2911325991153717	1.2308869361877441	-1.4575843811035156	2.0696637630462646	-0.35819011926651	-0.8825111389160156	-0.7249587774276733	0.28800880908966064	-2.1756129264831543	-0.15380431711673737
-0.5930802822113037	-1.3510982990264893	0.4617445468902588	-0.412740558385849	-2.0607473850250244	-0.3162955641746521	0.04467388987541199	0.21846292912960052	0.6658275127410889	-0.824007511138916	-0.5122398734092712	1.1226143836975098	-0.3263355791568756	-2.16841459274292	0.18432967364788055	0.46428897976875305	-1.1739344596862793	0.7224556803703308	-1.5566061735153198	0.5704473257064819	0.2066859006881714	-1.5251957178115845	1.1123888492584229	0.85551917552948	0.36270588636398315	0.13261863589286804
0.1627264767885208	-1.632665991783142	0.38893774151802063	-1.0207008123397827	-1.2194584608078003	0.0640563815832138	-0.5253171324729919	-1.005035161972046	1.3973655700683594	-1.2079052925109863	-0.15592701733112335	0.9476513266563416	1.469191312789917	1.6162667274475098	0.6701856255531311	-0.652332067489624	0.08673805743455887	0.41540294885635376	1.1402820348739624	-0.3895590007305145	-0.25186023116111755	1.2026355266571045	-0.5759009718894958	-0.03291706740856171	-1.0923945903778076	0.4700241982936859
-0.39309772849082947	-0.9224345088005066	-0.17668254673480988	-0.08053983747959137	0.21318627893924713	0.3891821801662445	0.7047516703605652	0.6090476512908936	2.4014222621917725	-2.2050087451934814	-1.1925616264343262	-0.46365100145339966	0.11782056838274002	-0.31439825892448425	0.6008654236793518	-0.07556020468473434	0.9969384670257568	0.01448035892099142	0.1924208104610443	0.1954517364501953	0.3719934821128845	-1.1183762550354004	-0.8988859057426453	-1.24166738986969	-1.0757386684417725	1.3766344785690308
0.4229847490787506	0.6941848993301392	-0.25898033380508423	-0.004597807768732309	0.5324538350105286	2.0436418056488037	-1.1519300937652588	-0.44817984104156494	0.9439666271209717	0.04143747314810753	-0.27808308601379395	0.6378223896026611	-0.25727981328964233	1.184242844581604	-0.1609157919883728	-0.005295133218169212	-1.645975112915039	-0.6940069794654846	-0.29148370027542114	-0.11138840019702911	-1.3234374523162842	1.2014873027801514	-0.993052065372467	0.8128362894058228	1.4399240016937256	-0.2516312599182129
0.46858662366867065	-0.225134015083313	-0.39574503898620605	0.6236775517463684	-0.14495471119880676	-0.4845565855503082	1.1620064973831177	-0.49963903427124023	1.091211199760437	-0.2782489061355591	-0.6407129764556885	-2.1210343837738037	2.0914525985717773	0.70308917760849	-1.6844735145568848	-1.2581692934036255	2.135075807571411	1.579332947731018	-1.1173616647720337	1.3591418266296387	0.10115627199411392	-0.30792099237442017	0.9735289812088013	0.40829187631607056	0.8618162870407104	0.17457589507102966
-0.4300079345703125	-0.5785061717033386	0.23023158311843872	2.2606260776519775	2.1490509510040283	-0.17857633531093597	-0.3507433533668518	1.4446126222610474	0.4206054210662842	-0.27866655588150024	-1.5306625366210938	1.2632372379302979	-1.143884539604187	-0.30755963921546936	-0.6178438067436218	-0.20810267329216003	0.650496244430542	-1.6444951295852661	-0.16718894243240356	-0.16210711002349854	-0.1116122156381607	-0.24350687861442566	-0.992265522480011	-0.11959023028612137	-1.4740142822265625	-0.3369675576686859
1.6932134628295898	-0.12748627364635468	0.29070407152175903	-0.345065712928772	-0.1753246784210205	-0.674674928188324	-0.5688328146934509	1.2723468542099	-2.2460687160491943	0.44338303804397583	-0.14468765258789062	-0.6037424206733704	1.0094693899154663	0.541351318359375	0.896856963634491	-2.0439095497131348	-0.20527230203151703	-1.4687607288360596	-1.8052434921264648	0.03245427459478378	-1.2098593711853027	-0.040038298815488815	0.6130268573760986	0.15100257098674774	1.8332608938217163	-0.12563170492649078
-0.2082572728395462	-0.4327663481235504	0.15548816323280334	-0.8071832656860352	-1.035154104232788	0.8587735891342163	1.7936744689941406	0.8563835024833679	0.5772982835769653	-0.33109796047210693	0.36362698674201965	0.1166246235370636	0.08201448619365692	0.773578941822052	-1.1469883918762207	-0.11144277453422546	-0.3020666539669037	0.8114902377128601	-2.438580274581909	-0.7988327145576477	-1.3632878065109253	-1.4083425998687744	-0.16924908757209778	-0.752913236618042	1.4669417142868042	-0.057927414774894714
0.7858863472938538	-1.0399609804153442	-1.0272996425628662	1.1442865133285522	1.6108330488204956	-0.3286946713924408	0.6073812246322632	-0.16092537343502045	-0.22947445511817932	1.617357611656189	0.7410136461257935	-0.0513056255877018	0.3660663664340973	0.661393940448761	-0.4774264097213745	-0.8283064961433411	0.9271028637886047	0.9860454201698303	-0.7738878726959229	-1.0978491306304932	-1.4793996810913086	-1.3971545696258545	0.4315190017223358	-1.8391168117523193	-0.9734277129173279	-0.8000621199607849
-1.8406115770339966	0.01640446111559868	-0.6244792938232422	0.4202638864517212	1.1992559432983398	0.15928034484386444	0.55848628282547	-1.337998867034912	0.32111498713493347	-0.2903715968132019	-0.49604275822639465	0.9538112878799438	0.7918418049812317	0.19235233962535858	-0.49392762780189514	0.03903227299451828	1.3480161428451538	1.053409218788147	0.25705379247665405	0.9954192638397217	-1.492277979850769	0.6264038681983948	-0.3566398322582245	1.0248286724090576	0.04629784822463989	0.2958609461784363
0.2607756555080414	-1.8507262468338013	0.16085779666900635	-0.3079252243041992	-0.6954147815704346	-0.8998198509216309	1.1979938745498657	1.6204355955123901	-0.5066580772399902	-1.219644546508789	0.11125802248716354	0.7935879826545715	0.6912965774536133	0.6920250654220581	0.8567050695419312	0.006446721497923136	1.0943372249603271	-0.37982454895973206	-1.3033329248428345	-1.319091558456421	0.33941733837127686	-0.19648998975753784	2.2667977809906006	-0.2253982126712799	0.0430426187813282	0.07043880969285965
-0.700976550579071	1.491378664970398	-0.2962768077850342	0.4089016616344452	0.9897438287734985	-0.11060648411512375	0.43092942237854004	-0.27178141474723816	1.9532685279846191	2.088383197784424	0.005080785136669874	0.9738346934318542	-0.05527215823531151	0.38545936346054077	-0.7452558279037476	-0.2139330953359604	1.151332139968872	-2.142385721206665	1.2312557697296143	0.5339304804801941	-0.6386408805847168	0.3338882327079773	-1.3897873163223267	1.2095218896865845	-0.39929503202438354	1.4463155269622803
-0.17620055377483368	-0.10165876150131226	-0.07246509194374084	0.5840372443199158	0.8651720881462097	1.991424560546875	-1.0867336988449097	0.010828561149537563	-0.363944947719574	0.00018820568220689893	-1.5600675344467163	0.5767763257026672	1.026452660560608	0.8254446387290955	0.21124395728111267	1.737869381904602	1.4451366662979126	0.03333969786763191	-2.0095858573913574	-1.2331655025482178	1.7987189292907715	0.1755715012550354	-0.10754228383302689	0.868810772895813	-0.5571317076683044	1.4486955404281616
1.1232026815414429	1.3715722560882568	1.1174242496490479	-0.9373534917831421	-1.1596590280532837	-0.6443024277687073	-1.8523638248443604	1.4031323194503784	0.6334810256958008	-1.1500847339630127	-0.38582879304885864	-0.8526896834373474	1.504485011100769	-0.1616475135087967	-0.6566836833953857	-0.5578991174697876	-0.7162122130393982	0.23385228216648102	-0.15624892711639404	0.43677306175231934	1.127789855003357	0.0023039348889142275	-0.7065073847770691	-0.03522631153464317	0.2712981104850769	1.5613157749176025
1.4434633255004883	1.1149916648864746	1.1890616416931152	1.3840570449829102	0.7641267776489258	0.08387012779712677	1.1047316789627075	0.5384339094161987	-1.7106386423110962	-0.6716973185539246	0.002179567003622651	0.27089765667915344	0.546818196773529	-0.028756774961948395	-0.3311998248100281	-0.7980678081512451	-2.538649320602417	0.7505972981452942	-1.8460631370544434	1.4673794507980347	-0.7186536192893982	0.7973742485046387	0.2627039849758148	0.6885576844215393	0.9218435883522034	-0.052910298109054565
-2.086466073989868	0.8761115670204163	1.8949017524719238	2.1842527389526367	0.6826041340827942	-3.476212978363037	0.8741800785064697	-0.2583100199699402	0.36266207695007324	-0.42529070377349854	-0.09082292765378952	1.06639564037323	0.49278098344802856	-0.0325348861515522	-0.8896669745445251	0.14309418201446533	0.5170859694480896	2.3190176486968994	-0.06690223515033722	-0.7379640340805054	-0.06645574420690536	0.4893192946910858	1.2398940324783325	0.15374580025672913	-1.1204118728637695	0.42339396476745605
-0.6834427118301392	-0.2584674060344696	0.48726895451545715	0.9275625944137573	0.4594741761684418	0.6097354292869568	0.19029289484024048	1.3856172561645508	0.37511780858039856	-0.5931327939033508	0.047635555267333984	0.3749351501464844	1.5082037448883057	1.811794400215149	-1.6829198598861694	0.10392753779888153	0.7861441373825073	0.4256364107131958	-0.7116445302963257	-1.5926272869110107	0.6558164358139038	-0.5678427815437317	-2.066990852355957	0.18539705872535706	0.16107158362865448	-0.4429275095462799
-0.48321932554244995	-0.41666364669799805	0.47512033581733704	0.0028637289069592953	-1.8023381233215332	0.3213144540786743	0.31050431728363037	0.5168638825416565	-1.2829939126968384	0.5771773457527161	-1.0832252502441406	-0.776528537273407	-0.47954505681991577	0.7836092710494995	0.06749281287193298	-0.519673228263855	1.5778216123580933	-0.9489127397537231	-0.1314057558774948	-0.705766499042511	0.9134871363639832	0.7479967474937439	-0.5616259574890137	-0.14968617260456085	-3.499681234359741	0.9902091026306152
-1.6606571674346924	-0.3485364317893982	0.39013925194740295	0.2648926377296448	-0.656424343585968	-1.0272678136825562	0.23728346824645996	2.4968175888061523	-2.0953571796417236	1.0563673973083496	-0.6116122007369995	1.0797063112258911	1.4910756349563599	-0.09931942075490952	-0.2914452850818634	-0.5358599424362183	0.5618835687637329	0.8449196219444275	-0.4288286864757538	0.11344911903142929	-0.7749627828598022	1.0078679323196411	-0.39922407269477844	0.1516958475112915	1.228398084640503	1.3716838359832764
-0.6025686860084534	-0.15423130989074707	0.1745532751083374	-2.7701473236083984	-1.4442944526672363	0.11228305101394653	2.0409905910491943	0.3410869836807251	-1.3401621580123901	0.7021573185920715	-1.1234601736068726	1.8506964445114136	-0.010675010271370411	-0.017797406762838364	1.0778614282608032	0.07296737283468246	-1.116411566734314	-1.5332732200622559	-0.04108240827918053	-0.1355855017900467	0.8543773889541626	0.3945389688014984	-2.011284351348877	-0.0014581248397007585	0.9162287712097168	-0.5882543325424194
-0.26904720067977905	0.035716380923986435	-0.6861714124679565	1.9657433032989502	0.061111051589250565	0.22189442813396454	-1.2210047245025635	-0.29845577478408813	0.14120718836784363	-0.5426443815231323	0.18517611920833588	0.7888475656509399	-0.3278462588787079	-0.14608624577522278	0.8425360918045044	1.6684706211090088	-0.4922711253166199	-0.2990816533565521	2.486323118209839	0.6746919751167297	-0.9790134429931641	0.7981032133102417	1.565228819847107	-1.2394787073135376	0.09846757352352142	0.9889471530914307
1.4532690048217773	-1.3575166463851929	-0.03372849151492119	0.9607368111610413	-0.5011501312255859	0.3621434271335602	0.7799278497695923	-0.46650680899620056	-0.5791198015213013	-1.3752583265304565	1.1092784404754639	0.7713454961776733	0.1180197149515152	-0.32277601957321167	0.41587144136428833	-0.6449539661407471	-1.0998222827911377	0.47102832794189453	-0.6707540154457092	-0.4132104516029358	0.746543824672699	-1.4440617561340332	-1.221943736076355	-0.1800520271062851	-0.5930604934692383	0.6481689214706421
-1.7676341533660889	1.0002392530441284	0.12443366646766663	0.23367293179035187	-2.173199415206909	1.652630090713501	-1.034815788269043	0.3355657160282135	0.5307856202125549	0.5526057481765747	-1.201289415359497	-0.4512135982513428	-0.665374755859375	0.7288552522659302	0.990543007850647	-0.4066782593727112	-0.4573112428188324	-0.09137553721666336	-0.7453826069831848	-0.5988141298294067	-0.5315900444984436	0.2742955684661865	-0.7560789585113525	0.5619540214538574	-0.3708478510379791	0.08944180607795715
0.4511280059814453	-0.7300469279289246	0.2936350107192993	0.7766246795654297	-1.3012670278549194	2.765458583831787	-0.9752612113952637	-0.9140743017196655	-2.175626039505005	-0.734207034111023	0.7945724725723267	0.5944795608520508	1.506251335144043	-0.03833417594432831	-0.4377157986164093	2.157597303390503	1.6456445455551147	-2.2533116340637207	1.0405477285385132	-0.4077771008014679	-1.195894479751587	-0.5369904041290283	-0.6726518869400024	-0.577273964881897	-1.2207880020141602	0.7983942627906799
0.5272032022476196	-0.029058635234832764	0.29416951537132263	2.5427181720733643	-0.00206455634906888	0.6464513540267944	-0.20898525416851044	-1.4009901285171509	-0.6664429306983948	0.5348111391067505	0.5699778199195862	1.580203652381897	-0.9691185355186462	-0.19036509096622467	-1.948669672012329	0.28122249245643616	0.12483452260494232	3.67712664604187	-0.5625970363616943	-0.2538694739341736	-1.6749306917190552	0.3991107642650604	1.7542858123779297	1.6216607093811035	1.1579580307006836	-1.0738009214401245
-0.9887692332267761	0.3057047724723816	1.2044200897216797	0.7105567455291748	-1.3875877857208252	1.6934412717819214	0.6377573013305664	1.0456249713897705	1.790817141532898	0.6126978993415833	-0.31764328479766846	-1.2959398031234741	0.7827304005622864	-0.2464303821325302	-1.1475623846054077	0.15832801163196564	0.24841342866420746	-0.607859194278717	-2.0470564365386963	0.11674659699201584	-0.5761170387268066	0.243783101439476	-1.2730540037155151	-0.7170165777206421	0.7897341847419739	0.03660351783037186
-0.0007982367533259094	1.1858689785003662	0.132091224193573	-1.338047981262207	-1.3141963481903076	-0.7776060700416565	1.828995943069458	-0.0007655815570615232	-0.6623684763908386	-0.8159500360488892	-1.993082046508789	-0.6670445203781128	-0.14692160487174988	0.12739798426628113	0.18290045857429504	-0.202287495136261	1.1576520204544067	0.900715708732605	0.1662164032459259	1.3285317420959473	0.4281872510910034	-0.9265672564506531	-0.09808049350976944	0.1857585608959198	-1.99904465675354	1.023227572441101
0.7008301615715027	0.6156014800071716	0.37662675976753235	-0.09294985234737396	2.35178542137146	-0.6766741871833801	0.7511032819747925	-1.8019349575042725	1.8159836530685425	-0.08428074419498444	-0.19859163463115692	0.6022249460220337	0.8117877840995789	-0.646095335483551	0.5693056583404541	-1.5025402307510376	-0.9558087587356567	1.577982783317566	-1.0290558338165283	-0.34622684121131897	-0.40246906876564026	0.5154359936714172	-1.9028515815734863	-1.1705543994903564	0.8056166172027588	1.5776647329330444
1.216252088546753	0.45483869314193726	0.5547413229942322	-0.039781611412763596	-0.13269925117492676	-0.03587288036942482	1.6851807832717896	0.372225284576416	-0.7403420209884644	-0.6858989000320435	0.34523314237594604	2.0252685546875	0.24109406769275665	0.22083565592765808	0.45379838347435	-0.110255666077137	2.655653953552246	-0.11534205824136734	-0.740066409111023	-0.9048205018043518	-0.09384032338857651	0.3509538471698761	-0.7369016408920288	-0.2172165811061859	-0.02054526098072529	2.0226712226867676
0.8024169206619263	-0.15397408604621887	-0.38847360014915466	-1.2140443325042725	-0.45667147636413574	0.5798922777175903	1.6348742246627808	0.9412686824798584	-0.7444232106208801	-0.6584505438804626	0.536593496799469	0.3552600145339966	-1.888249158859253	1.086396336555481	-0.7461864352226257	0.49789056181907654	-0.1071142628788948	-0.4813612401485443	1.5813217163085938	-0.3958534300327301	0.742305338382721	0.2449890673160553	-0.014802230522036552	-0.34828826785087585	-0.9199621677398682	-1.0068347454071045
0.7494645714759827	1.3781278133392334	0.16396400332450867	1.460666298866272	0.10068566352128983	0.6391083598136902	-1.1543631553649902	0.03146950528025627	-0.6367501020431519	-0.3338180482387543	-1.7559406757354736	-0.20400120317935944	-0.972061812877655	-0.9471455216407776	1.2582839727401733	1.1457693576812744	-1.023430585861206	-0.7830788493156433	-1.0639756917953491	0.5806863307952881	-0.7359773516654968	-0.5001607537269592	0.6613990664482117	0.8223323822021484	-0.4261002242565155	-1.6584984064102173
0.6048314571380615	-0.7568407654762268	-1.4776837825775146	-0.6180198788642883	-1.017568826675415	-0.41672658920288086	-1.1965597867965698	0.7798211574554443	0.26196256279945374	0.13540904223918915	1.4576712846755981	-0.10091730952262878	-0.7955026030540466	-0.019821856170892715	-0.46722161769866943	-0.3909948766231537	-0.01716005615890026	-0.23021534085273743	0.822359025478363	0.7189356088638306	-0.1066441684961319	0.773331880569458	0.9530467987060547	-2.7229132652282715	0.5634950399398804	0.13357511162757874
-0.4528345465660095	0.9196687340736389	2.4362986087799072	-0.06363105028867722	0.29901862144470215	0.30169934034347534	0.9899730682373047	0.13731232285499573	-0.4820805788040161	-0.25205934047698975	0.468445360660553	-0.2312273234128952	-0.46364811062812805	-1.0151402950286865	-0.16811102628707886	-0.08049318194389343	-0.5048488974571228	1.5997753143310547	1.7762887477874756	-1.3048936128616333	0.9832966923713684	-0.2827546000480652	0.4046362638473511	-0.005479046143591404	0.483216255903244	-0.17898842692375183
-1.1012777090072632	-2.4452621936798096	1.5267388820648193	0.0757165402173996	-0.2814362049102783	-0.16058321297168732	1.572275996208191	3.1496877670288086	1.184499740600586	-1.387154459953308	-0.05449618771672249	-2.521756172180176	1.2003614902496338	1.473036527633667	0.33526644110679626	0.7931383848190308	0.8026873469352722	-0.5705516934394836	1.1863853931427002	1.287966012954712	-0.5186262130737305	-0.5390658378601074	1.7239139080047607	0.9284305572509766	0.7081671953201294	0.37597811222076416
2.2679829597473145	-0.11688852310180664	2.0846352577209473	0.878798246383667	0.3745468258857727	1.1180692911148071	-0.41405850648880005	-1.6815069913864136	0.1110697016119957	-1.8517080545425415	-0.5533304810523987	1.4254785776138306	-0.9115107655525208	-0.5022653937339783	-0.8440724611282349	0.13898801803588867	0.8946861028671265	1.716097354888916	-0.6635245680809021	-0.10347405821084976	2.115229368209839	-0.010578818619251251	0.9052280783653259	-0.6324266195297241	1.318311095237732	-0.6769565343856812
0.03185119479894638	1.2301950454711914	1.032300353050232	0.6204787492752075	0.07292532920837402	0.6328985691070557	-0.7051526308059692	-0.10726110637187958	-0.15953612327575684	0.9010767340660095	-1.2529410123825073	-1.462937831878662	-0.6860921382904053	1.3501677513122559	-0.39681878685951233	-1.577985167503357	-0.6484895348548889	0.2564757168292999	-0.08065251260995865	-0.6051545143127441	0.7685121893882751	0.2843713164329529	0.581477165222168	1.0687164068222046	0.2918377220630646	2.0597429275512695
0.24936792254447937	1.3117544651031494	1.3466248512268066	-0.4025278687477112	0.9195401668548584	-0.14811359345912933	-1.0367013216018677	0.9996887445449829	-0.7057187557220459	0.674987256526947	0.7849022746086121	-0.1960110366344452	-1.487974762916565	1.386043906211853	-1.0591211318969727	-1.456604242324829	0.3270992934703827	0.036260101944208145	0.4330918788909912	0.008647088892757893	1.0310605764389038	0.01066027395427227	-0.2289973944425583	1.0711894035339355	0.26785507798194885	-0.5526543259620667
-2.526672840118408	-0.46026837825775146	-0.9489344954490662	0.7640308737754822	1.0486867427825928	2.4576594829559326	1.2347142696380615	0.7001906037330627	0.040977925062179565	-0.655729353427887	0.6923201680183411	-0.10380170494318008	1.217252492904663	0.07899133116006851	0.03963816538453102	-0.43168383836746216	0.13416434824466705	-0.10873452574014664	1.369097113609314	2.1883256435394287	-2.3269457817077637	-0.032876767218112946	-0.40686437487602234	-1.0280109643936157	0.404727965593338	-0.5926584601402283
1.4662176370620728	0.7238476276397705	0.7268192172050476	-0.1720171868801117	0.4419862627983093	-0.384063720703125	1.2884505987167358	-1.9287053346633911	-0.17455081641674042	-0.8045420050621033	2.1185669898986816	0.8634171485900879	-0.275134414434433	-1.0539534091949463	-0.054055046290159225	0.8368102312088013	1.2587413787841797	0.16691501438617706	1.3360916376113892	-1.320085048675537	0.2055312693119049	0.08699391782283783	0.33837106823921204	0.2178538292646408	-1.2106839418411255	-1.4789692163467407
0.16282925009727478	-0.15054979920387268	0.08565045148134232	-1.1987531185150146	1.5090354681015015	0.28995832800865173	-1.0307973623275757	-1.7979730367660522	1.158362627029419	0.5218279957771301	-0.9355350136756897	-0.34047144651412964	-1.1070305109024048	-0.714406430721283	-0.5113188624382019	1.107783317565918	0.9386394023895264	-0.1636943370103836	-1.667184591293335	-0.9048192501068115	-2.0340476036071777	0.2762347161769867	-1.6060595512390137	0.4003896415233612	-1.30695378780365	-0.34484127163887024
1.0312429666519165	1.082975149154663	-1.3721528053283691	0.8923534750938416	-2.308763265609741	-0.2991371154785156	0.6401464939117432	-0.6215075850486755	-0.18328116834163666	-0.7815126776695251	0.5881608724594116	-0.4842708110809326	0.0879291370511055	0.0680505633354187	1.789487600326538	-0.21408183872699738	0.2342938780784607	1.7215485572814941	-0.6994467377662659	0.4775693416595459	0.15552237629890442	-0.9322737455368042	0.9245001673698425	0.3295148015022278	0.6283222436904907	0.787960946559906
0.3864019513130188	-0.9810999631881714	0.0037764061708003283	-1.4678542613983154	-0.4801705479621887	0.11183460056781769	1.2488820552825928	-0.10049521178007126	-0.24750986695289612	1.0944440364837646	-0.40428170561790466	0.030616948381066322	0.41756677627563477	-0.17652808129787445	2.131161689758301	0.15657055377960205	1.6920050382614136	0.6201415657997131	-1.5734952688217163	-0.8256651759147644	-1.2957549095153809	-0.5033543109893799	0.3207564949989319	2.1004507541656494	-0.6281776428222656	0.9680787324905396
-1.847455620765686	-1.4021536111831665	-0.41477400064468384	0.6559614539146423	-0.8376230001449585	-0.6384980082511902	0.5845550298690796	-2.018317461013794	-0.330079048871994	-0.9300901889801025	-0.4844159781932831	0.058023158460855484	1.2946985960006714	-0.34991365671157837	1.0942808389663696	-1.391559362411499	-0.526215672492981	0.00033690035343170166	-0.8503282070159912	0.39635732769966125	-0.16752009093761444	-0.09217230975627899	0.2472759634256363	-1.0590556859970093	0.80966717004776	0.6288211941719055
-0.3870042562484741	0.3118908703327179	3.1599268913269043	0.8450100421905518	-0.802781343460083	-1.7668570280075073	-0.20824404060840607	0.8811166286468506	1.225906491279602	1.4807859659194946	0.7031345367431641	-0.6233543753623962	1.6652958393096924	0.21142715215682983	-0.18226724863052368	0.26595112681388855	1.9854158163070679	-0.46807435154914856	0.803540825843811	0.9032142162322998	-0.4086930751800537	0.9584556818008423	-0.9436009526252747	1.3284496068954468	1.3358819484710693	-0.6567586064338684
0.2747483253479004	-0.5750478506088257	-0.3215574324131012	-0.7446226477622986	0.7947728633880615	-0.2861084043979645	2.1282074451446533	0.42629897594451904	0.2126924693584442	-1.4186558723449707	0.02582058496773243	0.013404890894889832	1.1366775035858154	-1.0258172750473022	1.1784123182296753	1.0301930904388428	-0.5009208917617798	0.044189173728227615	1.4453134536743164	-0.7491713762283325	-0.9342349171638489	-1.6489371061325073	0.03911369666457176	-0.5885822176933289	0.23696620762348175	0.7066174149513245
-0.7359099984169006	1.1631872653961182	0.3528897166252136	-1.2101764678955078	-0.712537407875061	-1.8761205673217773	0.5740904211997986	1.5874260663986206	1.1420100927352905	0.6771833896636963	-1.152745008468628	2.4200856685638428	2.731718063354492	-0.2943698465824127	1.2182711362838745	-1.1830620765686035	-0.1824387162923813	-0.20831234753131866	0.22882430255413055	-0.9513620138168335	-0.6590208411216736	0.41301777958869934	0.6419652104377747	-0.21163950860500336	1.8004189729690552	0.20532672107219696
-1.1181344985961914	-1.0565762519836426	1.384975552558899	0.6463285088539124	-1.7481296062469482	-1.1152887344360352	0.5919904112815857	-0.4903799593448639	0.16625721752643585	0.4251874089241028	-0.1286943554878235	-0.35050657391548157	-0.8053156137466431	0.7266793847084045	0.3940260410308838	-1.1493548154830933	1.0657304525375366	2.1858208179473877	1.3335340023040771	0.6137673854827881	0.7137173414230347	-0.8825881481170654	-0.5859602093696594	-0.360683798789978	1.5280920267105103	1.8325964212417603
0.04500696435570717	0.13309286534786224	1.2812472581863403	-0.3613704442977905	0.24826502799987793	0.19019828736782074	0.26573503017425537	0.056441452354192734	-0.33251577615737915	0.5927125215530396	0.8133357167243958	-0.3299638032913208	-2.1557962894439697	1.8153181076049805	-2.623504638671875	0.4774154722690582	0.6582667231559753	1.6789478063583374	-0.010290009900927544	-0.48557475209236145	0.0990259200334549	-0.6131104826927185	0.032990481704473495	-0.802992582321167	-0.05860640108585358	-2.2109568119049072
0.08386348932981491	0.14648045599460602	-0.025820044800639153	-1.2003254890441895	-0.08810795843601227	-1.2761542797088623	0.5744374990463257	-0.545792818069458	0.5573576092720032	0.8275797963142395	-0.7282040119171143	0.7884416580200195	1.5227946043014526	1.0053378343582153	0.054167017340660095	-1.597383975982666	-0.0040141218341887	0.29339757561683655	-1.0740848779678345	0.7866287231445312	0.13197427988052368	0.537441074848175	1.9022600650787354	-1.2829831838607788	1.1300787925720215	0.027705524116754532
-0.6992014646530151	-1.064516544342041	-1.6586600542068481	-0.41877731680870056	0.18012621998786926	-1.4136288166046143	-0.32789531350135803	-0.26774343848228455	-1.086780071258545	0.93881756067276	-0.7596377730369568	0.9098111987113953	0.3988877534866333	-0.8611000776290894	0.1548091471195221	-0.9445579051971436	0.6426395773887634	-0.16841532289981842	-0.5679158568382263	-0.7611488699913025	-0.637485921382904	0.4799157381057739	0.9390487670898438	-1.7659286260604858	0.7753003239631653	-0.5548296570777893
0.8579865097999573	-0.9307782053947449	0.3647988438606262	1.6749911308288574	1.2261804342269897	-2.213740587234497	0.0184165108948946	0.06559187173843384	1.159460186958313	0.8841877579689026	0.33650636672973633	0.1655733436346054	0.2495415061712265	-0.16137313842773438	0.006774195935577154	0.3284410536289215	-1.2373216152191162	-0.01872337982058525	0.209363654255867	1.0182491540908813	-0.08481474220752716	-1.7598941326141357	-1.7688100337982178	-0.05984484776854515	0.6479474902153015	0.8355563879013062
-0.5734289884567261	0.40165215730667114	1.8313623666763306	-2.755499839782715	0.06539878249168396	0.3718509376049042	1.6276379823684692	1.3982566595077515	0.6145520210266113	-0.356974333524704	-1.1824294328689575	0.6536026000976562	-1.1866960525512695	-0.45018571615219116	-0.4666334092617035	-1.3697866201400757	0.390451043844223	-0.038258571177721024	-1.1009467840194702	0.5250288248062134	-0.5326773524284363	-2.487391948699951	0.486015260219574	-0.45344021916389465	-0.8976215720176697	-0.08774662017822266
-0.07050187140703201	1.0320279598236084	-0.18504400551319122	-0.7633931636810303	-1.0844348669052124	-1.6820363998413086	2.2945377826690674	1.8137558698654175	0.15928345918655396	0.3447533845901489	-1.737133502960205	-0.07038236409425735	0.9184092879295349	1.1080023050308228	-0.687341570854187	-0.10879664123058319	0.23072130978107452	-1.1264309883117676	0.9108273983001709	-0.8258870244026184	0.2939816117286682	-0.3380584418773651	-0.36211535334587097	-0.3125729560852051	1.1295857429504395	-0.21098275482654572
0.9946112036705017	-1.1847203969955444	1.0611366033554077	-0.6357412934303284	-0.28801992535591125	-1.353445291519165	-1.2992583513259888	0.1439897119998932	0.5111819505691528	0.8627878427505493	-0.045595355331897736	-1.4916603565216064	-0.0741768479347229	0.8837477564811707	0.5565028786659241	0.9550659656524658	-0.09981648623943329	0.11634709686040878	0.7730227112770081	-0.933772623538971	-0.5607447028160095	-0.9747338891029358	1.1927438974380493	-0.433794766664505	0.4337482452392578	1.2524973154067993
1.0594913959503174	0.881637454032898	0.8943161368370056	1.6817761659622192	-0.44228851795196533	-0.2353183478116989	-0.6033612489700317	-0.22901621460914612	1.4915348291397095	0.3840429484844208	0.5879717469215393	0.4648647904396057	-1.0757787227630615	-0.19299142062664032	0.5303801894187927	-0.0031601891387254	0.23442766070365906	-1.7333797216415405	-0.6745526790618896	0.8155245184898376	0.09867767989635468	-2.8086585998535156	-0.15434859693050385	0.779309868812561	-0.2793003022670746	0.08383065462112427
1.348630666732788	-1.4432228803634644	0.6534384489059448	-0.8261315226554871	0.9012080430984497	1.04569673538208	1.4697273969650269	0.23010389506816864	0.8297357559204102	-1.1733380556106567	-0.6544128656387329	-0.8907470703125	0.19095544517040253	0.6658464670181274	-0.7835627198219299	-1.3699705600738525	-0.43953508138656616	0.3240664601325989	0.7740569114685059	0.05854329839348793	-0.20611637830734253	-0.6038040518760681	-0.6620117425918579	0.021118322387337685	-0.4474514126777649	-0.43420761823654175
-0.9139929413795471	0.7885960340499878	0.06057305261492729	0.6636589765548706	-1.2210267782211304	0.37122881412506104	1.0662572383880615	-0.36529314517974854	-0.8164312839508057	-1.1611906290054321	0.22518502175807953	-0.3051970601081848	-0.540938675403595	-0.42344021797180176	-0.8165165781974792	-0.807286262512207	-0.6071858406066895	-0.19475768506526947	-0.09962687641382217	-0.21157021820545197	0.9142424464225769	-1.0271893739700317	1.0398906469345093	0.6179143190383911	0.16064921021461487	1.186217188835144
0.43724700808525085	-1.2189773321151733	0.22588089108467102	-0.05933563411235809	2.5630486011505127	0.4801107347011566	0.9514349699020386	0.6620497107505798	0.1409491002559662	-1.4764512777328491	-0.09960675984621048	0.024528516456484795	-1.7463446855545044	0.8696794509887695	0.9341117739677429	-0.6501466035842896	-0.6463086009025574	-0.08267729729413986	-0.061480920761823654	0.041776303201913834	0.49795854091644287	0.6565797924995422	-0.7042349576950073	-0.6485056281089783	0.2957327365875244	0.7000367045402527
0.6162553429603577	-0.18309517204761505	-1.1173770427703857	0.25269824266433716	-0.49977073073387146	-0.3610720634460449	0.7103491425514221	-0.35431018471717834	0.8143267035484314	-0.9097746014595032	0.6531648635864258	-0.03998800739645958	-0.09911058843135834	-1.4310957193374634	1.0691825151443481	-0.7636376023292542	-0.6236173510551453	-1.4271339178085327	0.5549296736717224	-0.2987775504589081	-0.9360069036483765	-1.2226110696792603	0.27976194024086	0.5810084939002991	-0.5408612489700317	-1.0092618465423584
-0.6371243596076965	1.764095425605774	-1.4757496118545532	-0.04748323932290077	0.8691301941871643	1.4716122150421143	-1.1983228921890259	1.101832389831543	-1.5271506309509277	-0.5661335587501526	-0.619246780872345	-0.7312313914299011	0.48507994413375854	1.2605751752853394	-0.8076750040054321	0.1998215764760971	-0.16882669925689697	0.17414873838424683	-1.0462182760238647	-0.6645880937576294	0.7992902398109436	-0.6232960224151611	0.553869903087616	2.5068352222442627	0.6739844083786011	0.004675059113651514
-0.9769976139068604	-0.8350307941436768	0.25914132595062256	1.0919290781021118	-0.360475093126297	-0.748823344707489	-0.9209175109863281	-1.1619174480438232	-2.106546401977539	1.4062832593917847	1.6036326885223389	0.10030669718980789	-0.6232089400291443	-0.2752508223056793	-2.1400046348571777	1.720070481300354	0.46642524003982544	0.47674909234046936	0.7497590780258179	0.7292441129684448	-1.051047444343567	-0.6142309904098511	-1.1192177534103394	1.5899693965911865	1.6810319423675537	-0.21281687915325165
0.5863692164421082	1.5617437362670898	1.0245356559753418	-0.9274663925170898	0.2802112400531769	-0.22862830758094788	-0.200160413980484	0.2739340662956238	0.01627430133521557	-0.7511581778526306	0.876192033290863	0.4387950599193573	-1.0021461248397827	-0.5239734649658203	-0.9817942976951599	-0.08173558115959167	-1.1633282899856567	0.4739958941936493	0.08953756839036942	0.2057969868183136	-1.5914069414138794	0.7002163529396057	-2.3054709434509277	1.1962480545043945	0.31502875685691833	0.014800040982663631
-1.7861688137054443	0.28934186697006226	0.06658053398132324	1.8606600761413574	0.3252584636211395	0.08657082915306091	-1.6765307188034058	0.35864678025245667	1.3862431049346924	0.0813022330403328	-0.526509702205658	1.0147656202316284	-0.44455277919769287	1.7945771217346191	-0.5505308508872986	0.49073293805122375	1.1024160385131836	-1.2526988983154297	1.6286002397537231	-1.8782094717025757	2.017831563949585	-0.593161404132843	0.17771217226982117	-0.7865604758262634	0.5219097137451172	0.24127838015556335
0.2723661959171295	0.5568196177482605	-1.2560933828353882	0.48129555583000183	-0.7387687563896179	2.7151548862457275	1.3697500228881836	-0.17175698280334473	-1.0481353998184204	0.9526474475860596	-2.5144784450531006	0.08038880676031113	0.69027179479599	-1.4123420715332031	-0.6689972877502441	0.2548878788948059	-1.5425605773925781	-0.9392052888870239	-0.1658708155155182	2.3378477096557617	-0.5532622337341309	-0.5882824659347534	1.3243346214294434	-0.3418433964252472	0.35624420642852783	-0.9934374690055847
1.5639073848724365	-0.7504258155822754	1.24671471118927	1.1758277416229248	0.6659393310546875	-0.0066228946670889854	-0.12453784793615341	-0.16000567376613617	-0.29720577597618103	-0.3746880292892456	0.6544402837753296	-1.5597822666168213	-0.9831662774085999	0.49815666675567627	0.1274908035993576	-0.02473454363644123	-0.4798237979412079	0.06048506125807762	-2.067394971847534	-1.8875497579574585	1.0003776550292969	-0.7543504238128662	-0.3107425272464752	-1.2142688035964966	1.4608275890350342	-1.158773422241211
0.3311409652233124	-0.09378088265657425	0.3022993206977844	0.810425341129303	-0.41518211364746094	0.43077346682548523	1.622854232788086	-0.7513494491577148	0.3245044946670532	1.4912502765655518	-1.054307460784912	-1.736941933631897	-1.2951732873916626	-0.2960544526576996	-0.19043056666851044	-0.764922559261322	1.5292408466339111	-2.731339693069458	-0.2687121629714966	1.5290114879608154	0.24704493582248688	-0.2906690835952759	-0.3857414126396179	0.902678906917572	-0.4162718653678894	-0.8791059851646423
-0.6016334295272827	-1.2000601291656494	0.0857425183057785	1.1195670366287231	-1.8647005558013916	-0.3085172176361084	-0.9822222590446472	0.20530550181865692	0.5478850603103638	-0.3050443232059479	1.2662723064422607	-0.5062075853347778	0.37182700634002686	0.5093915462493896	-0.9375128746032715	0.9126573204994202	1.7924669981002808	-1.9122470617294312	0.379996120929718	1.4045947790145874	0.6300513744354248	-0.9556187391281128	1.1568186283111572	-0.19822899997234344	-0.8460490703582764	1.660104513168335
0.2689233124256134	0.12225813418626785	0.681463360786438	-0.4043913781642914	0.1902192234992981	-0.9790144562721252	1.0303423404693604	0.42130354046821594	0.5249037146568298	-0.15852458775043488	0.8783674836158752	-0.9852190613746643	0.4782576560974121	0.058847032487392426	-0.29648131132125854	2.321190357208252	-0.9197115302085876	0.43841075897216797	2.2812085151672363	-1.4385403394699097	-1.752539873123169	-0.17200836539268494	-1.7516263723373413	-0.416486918926239	-0.20498542487621307	1.0251041650772095
1.3174834251403809	0.8407474160194397	-0.9056112170219421	-0.011946176178753376	-0.5278489589691162	-0.20841164886951447	0.32111117243766785	2.3265528678894043	-0.7590846419334412	-2.259113311767578	0.0631185919046402	1.3009222745895386	0.24273701012134552	-0.5952944159507751	0.2238275408744812	-1.8176130056381226	-0.4877788722515106	-0.30906930565834045	-1.3152011632919312	0.8337879180908203	-0.2851383090019226	-0.11170484870672226	-0.2774612009525299	0.3416619598865509	-1.6263129711151123	0.4973447024822235
1.491284966468811	-0.018168333917856216	1.4863834381103516	-0.12009260058403015	1.2182538509368896	0.39553868770599365	-0.11536136269569397	-1.5571460723876953	1.1667473316192627	-1.1469171047210693	0.9584906101226807	-1.6709643602371216	0.7724716067314148	0.025069687515497208	-0.7812637686729431	0.3303054869174957	0.48960718512535095	-0.6337376236915588	-0.5609101057052612	0.08817505836486816	0.24572430551052094	-0.6496967673301697	0.40996378660202026	1.8928589820861816	-0.5487986207008362	0.013495567254722118
1.3605492115020752	-0.8118436932563782	1.995200276374817	-0.2393813580274582	-0.5550727844238281	0.13858406245708466	1.5671403408050537	-1.0130105018615723	-0.8018221259117126	1.0830540657043457	-0.48949551582336426	1.0642008781433105	0.28024885058403015	-0.1355305165052414	-1.7718536853790283	0.6886969804763794	2.650099515914917	-0.5540469288825989	-1.0277355909347534	-0.9039563536643982	-1.0434004068374634	1.6669799089431763	-0.5890381336212158	-0.7062599062919617	0.24958817660808563	-0.3257739245891571
0.30892789363861084	-1.5278820991516113	0.06480730324983597	-0.13218821585178375	0.2040591984987259	-1.0904285907745361	3.032059907913208	0.38051822781562805	0.8463708162307739	-0.699462354183197	1.6610246896743774	1.5106120109558105	-0.9302835464477539	-0.7059859037399292	1.8264315128326416	-1.9898531436920166	-1.2429859638214111	-0.2906402051448822	-0.4344092309474945	0.12635548412799835	0.32916009426116943	-1.2972017526626587	0.3194102644920349	-0.857226550579071	1.2270796298980713	-0.6898984909057617
0.513200581073761	-0.544512152671814	1.956786036491394	0.20870113372802734	0.8809226751327515	-0.9354738593101501	-0.1991000920534134	1.0025533437728882	0.9444836378097534	0.04556584730744362	0.8399994969367981	-0.47310516238212585	-1.3594515323638916	-1.1585640907287598	0.15023253858089447	0.1838584840297699	-1.178844928741455	0.29855141043663025	-1.145414113998413	1.7842628955841064	0.9804880619049072	-0.414754182100296	1.0926488637924194	-1.645436406135559	-0.8926679491996765	-1.8867005109786987
-0.4797493815422058	0.2947297990322113	0.4906274676322937	-1.6759750843048096	0.23993214964866638	-0.8164240717887878	0.9271661043167114	-0.7240718007087708	0.49504587054252625	1.8996198177337646	-1.0158588886260986	0.965368390083313	0.36508992314338684	-0.8964273929595947	0.540378987789154	-0.21900029480457306	1.3203686475753784	0.16481760144233704	1.2672027349472046	-0.2388012856245041	0.08158454298973083	-0.33605340123176575	0.3990817368030548	0.17909222841262817	0.14583879709243774	-0.6139695048332214
0.827901303768158	-0.9746414422988892	-0.1008124053478241	0.16286233067512512	-1.5874758958816528	-0.4153992533683777	1.0250979661941528	1.0530871152877808	1.2122421264648438	2.551246404647827	0.6531885266304016	0.4083024263381958	1.2677831649780273	-1.124621033668518	1.0872281789779663	-0.976706326007843	-1.0388038158416748	0.4242148697376251	0.6435406804084778	0.7031571865081787	0.9565300941467285	-0.26635730266571045	0.8314502835273743	0.12557685375213623	-0.044911280274391174	-1.0871403217315674
0.7744638919830322	0.11418798565864563	-1.8645508289337158	0.04334479570388794	-0.15631550550460815	-1.6829687356948853	1.1923328638076782	0.9006121754646301	0.14669807255268097	1.2887463569641113	-0.3137975037097931	0.296589195728302	-0.026491673663258553	0.2785552740097046	2.2126078605651855	-0.9768712520599365	0.16563984751701355	-1.40688955783844	-1.6227682828903198	0.7614978551864624	-1.188798189163208	2.175330638885498	-0.25716686248779297	-0.8576446175575256	0.0885963886976242	0.8312147855758667
