-1.3544118404388428	1.5515127182006836	-0.8627296686172485	0.8436264395713806	0.945806086063385	-0.67488032579422	0.02254120260477066	-1.0796263217926025	0.11310362815856934	1.1866580247879028	1.942723274230957	0.06213231384754181	0.691739022731781	0.4803999960422516	-0.8245208263397217	0.5671664476394653	0.003651607083156705	0.18081344664096832	1.465259075164795	1.5983428955078125	1.109690546989441	-0.7555074691772461	0.7219678163528442	0.6489818692207336	-0.0712423324584961	1.7611608505249023
-0.8913434147834778	-0.5680316686630249	0.12687867879867554	-0.9658549427986145	-2.002666473388672	0.15114034712314606	1.1271528005599976	-0.4993155598640442	-0.47264665365219116	-1.1439117193222046	-2.1187312602996826	-0.553311288356781	0.6447826623916626	1.223644495010376	-1.659767746925354	-1.4270110130310059	0.162161186337471	-1.247126579284668	0.689052939414978	-0.41963157057762146	-1.2015743255615234	1.79526686668396	-0.7766802310943604	-0.03575115278363228	2.1470491886138916	-0.8803601861000061
-1.2082359790802002	2.2455103397369385	0.6797168254852295	-0.4833005666732788	0.1695214807987213	-0.029925363138318062	0.8645039796829224	0.6024464964866638	0.5583940744400024	-0.41762349009513855	2.26570725440979	0.5196146368980408	1.4306193590164185	0.1676304042339325	-0.7331201434135437	-0.42701131105422974	-1.0181797742843628	0.8273473381996155	0.3654591143131256	-0.17776772379875183	-0.9214127063751221	0.8820763826370239	-0.05872594565153122	2.4892661571502686	-0.42718881368637085	-1.8900679349899292
0.5440236330032349	-1.100279450416565	-0.6358765959739685	-1.633985996246338	0.7268994450569153	-0.3818992078304291	-0.007768398616462946	-0.5724876523017883	-0.28903234004974365	-0.9821114540100098	0.802161693572998	0.2604539692401886	0.2783660888671875	0.7306703925132751	-1.2798478603363037	-0.7557662129402161	0.17293936014175415	-0.01505843922495842	-0.3492294251918793	1.5774309635162354	-0.31278276443481445	-1.3713520765304565	-0.6794117093086243	-0.4449157416820526	1.4180400371551514	0.6851035952568054
-0.7809557318687439	-0.07785922288894653	-0.0797308087348938	0.07484683394432068	-1.4375509023666382	0.45182690024375916	0.44054219126701355	0.8572436571121216	0.6324883699417114	0.38655155897140503	0.05909161642193794	-1.4077438116073608	-0.9909458160400391	-1.0238337516784668	-0.7230525016784668	0.39662790298461914	-0.04311101883649826	1.5655471086502075	-0.045516420155763626	2.1667160987854004	-1.8430410623550415	2.1663360595703125	0.947700560092926	-1.0240263938903809	1.9969807863235474	-0.33041131496429443
-0.1944246143102646	-0.5660340189933777	0.6987282633781433	0.2547248303890228	-0.4098355770111084	1.5343517065048218	-0.012604203075170517	0.7325658798217773	0.40747642517089844	0.2734602093696594	0.3847931921482086	1.2763071060180664	0.7310666441917419	-0.6840527057647705	0.4297002851963043	1.9975804090499878	0.6674231290817261	0.9575595855712891	-0.13018128275871277	0.03246278315782547	-1.9319429397583008	0.5756592154502869	-0.6399277448654175	-0.47284820675849915	-0.0388144887983799	-2.065692901611328
1.1580830812454224	1.1283564567565918	1.1427992582321167	1.4259952306747437	-0.5697335004806519	0.9444077014923096	-1.2509655952453613	-1.7354329824447632	1.5602515935897827	-0.9766295552253723	1.1314359903335571	0.7375853657722473	0.696668267250061	-0.40271586179733276	-0.15491701662540436	0.07724452763795853	-1.631295919418335	2.051656484603882	0.928368330001831	0.3929331302642822	0.9952475428581238	1.7910045385360718	1.0634130239486694	0.6954977512359619	1.3287553787231445	0.4716566801071167
0.8514265418052673	-0.029831526800990105	0.08915164321660995	0.6051656007766724	0.7096004486083984	-0.9992183446884155	-0.9632828235626221	0.2721652090549469	-1.127272367477417	-0.4331306517124176	2.247182607650757	-0.24091185629367828	0.22316986322402954	-0.34123238921165466	2.634251356124878	2.5458598136901855	-0.3831823170185089	-0.2507232129573822	0.6686466336250305	-0.03686804324388504	-0.9939346313476562	0.20308689773082733	-0.6292526721954346	-0.30376166105270386	-0.23510415852069855	-1.885545253753662
0.08213182538747787	1.3095905780792236	1.0421704053878784	-2.6890501976013184	0.30110451579093933	-1.4723598957061768	-1.5284963846206665	-1.387830376625061	-0.5482524037361145	-1.6207759380340576	0.23262012004852295	-0.07714774459600449	0.8506941795349121	0.6175085306167603	-0.08776775002479553	-2.2922475337982178	-0.2927253842353821	-2.5922701358795166	0.8780074119567871	-0.43412718176841736	0.6823927760124207	0.7148237228393555	-0.78481125831604	0.1702137440443039	-1.3995369672775269	-0.9890493154525757
-0.5368639230728149	-0.8350808620452881	-0.02333701029419899	1.5211607217788696	-1.4661784172058105	-0.6760556697845459	-0.5265102386474609	-0.7061828970909119	-3.721517324447632	-1.059033989906311	-0.8763555288314819	-0.7276268601417542	0.4906326234340668	-1.7222779989242554	1.3169642686843872	-0.08369853347539902	0.3372332453727722	0.9744997024536133	0.2075495719909668	2.1301305294036865	0.40465259552001953	-0.9075560569763184	0.004887075163424015	0.5305341482162476	2.0303306579589844	0.5819254517555237
2.15592098236084	0.44284698367118835	-1.6904551982879639	0.881668210029602	1.4172722101211548	1.4216240644454956	2.2312254905700684	-0.028678741306066513	1.271302580833435	-0.05646524578332901	-1.4434516429901123	-0.5512927174568176	0.7942915558815002	-0.5480183959007263	-0.5784876942634583	-1.0742202997207642	0.48603227734565735	0.96466064453125	-1.3138055801391602	-0.5693460702896118	-0.2484935075044632	0.3530513644218445	0.6806046366691589	0.22413988411426544	-0.6007363796234131	0.20723918080329895
-1.9730007648468018	1.9455022811889648	0.9752780795097351	0.7794842720031738	-1.9057095050811768	-0.2543998658657074	-0.9031880497932434	-1.6680806875228882	1.623242974281311	1.0652496814727783	0.44638922810554504	2.001756191253662	-0.036768633872270584	0.5114694237709045	2.205251932144165	-0.881263256072998	0.24671570956707	1.2445486783981323	0.006427380722016096	2.3494362831115723	0.9326042532920837	0.8664050698280334	1.0504955053329468	0.42918848991394043	-1.2496964931488037	-0.2141183614730835
-0.8435419201850891	-0.474372923374176	1.3776665925979614	-0.788281261920929	1.4293091297149658	-0.7434584498405457	-0.8585753440856934	-1.2879729270935059	0.43545418977737427	-0.04516634717583656	-0.6819058060646057	-0.4637306034564972	-1.4182655811309814	2.68963885307312	-1.3486911058425903	0.3841831386089325	0.34183642268180847	0.3414318561553955	-0.6197855472564697	-1.4483554363250732	-0.4298708140850067	-1.414825201034546	0.31813502311706543	0.6497108340263367	0.8769134283065796	1.6020978689193726
-1.0380996465682983	-0.08810297399759293	0.7397732734680176	-0.6116710901260376	-0.9760044813156128	0.5345489978790283	-0.6945495009422302	0.6569336652755737	0.9496921300888062	0.8649352192878723	-0.9208861589431763	0.3254201412200928	-2.609004020690918	-0.7782598733901978	-1.0691362619400024	2.164364814758301	1.3366981744766235	-0.948418378829956	1.2157636880874634	-1.1709989309310913	-0.6335462331771851	0.36101284623146057	-0.5477628707885742	-1.07627272605896	0.9423187375068665	-0.9423128366470337
-0.008588955737650394	0.7264989614486694	1.0748735666275024	0.5841580033302307	-3.5237672328948975	-0.3240529000759125	0.30305713415145874	-0.8267759680747986	0.5749595761299133	-2.130877733230591	0.0853876993060112	0.004007035866379738	-0.5014605522155762	-1.0558971166610718	-0.35907721519470215	0.5416014790534973	-1.419905424118042	1.3600908517837524	-1.0996909141540527	0.343834787607193	-0.4343709349632263	-0.9502367973327637	0.6944740414619446	-0.12217316031455994	1.2169098854064941	0.0616840124130249
-1.4277364015579224	-0.9496171474456787	-0.8108958005905151	-0.5383247137069702	-0.9823043346405029	-1.1795868873596191	0.34107500314712524	1.336729884147644	1.144720196723938	-5.006836891174316	-1.13436758518219	0.6441088318824768	1.7348809242248535	-1.545753002166748	-0.08981931954622269	0.3110668659210205	-0.0222308486700058	0.2948477566242218	0.1292065978050232	1.4048004150390625	-0.7765913009643555	-0.3240944445133209	-2.5085811614990234	0.3830112814903259	-0.8324838280677795	0.3050149381160736
0.5492441058158875	-1.8076826333999634	0.8692582249641418	-1.5671056509017944	0.5854251980781555	-0.04921676591038704	-0.516917884349823	-1.2028156518936157	-0.1633378565311432	0.34538695216178894	0.09866517037153244	-0.2722894549369812	0.029825661331415176	0.6455212831497192	1.1449624300003052	1.0982493162155151	0.33394041657447815	-0.9825228452682495	-0.6933211088180542	2.3782424926757812	-1.8041353225708008	1.7602221965789795	1.1630769968032837	-0.7053136229515076	-0.7703063488006592	0.5283753871917725
-0.49196624755859375	0.386696457862854	-0.6455589532852173	-2.096116781234741	-1.5223848819732666	-2.1808133125305176	0.8450912237167358	-0.2220609337091446	-1.2314664125442505	-1.0234254598617554	0.5837728381156921	0.4907298684120178	-0.7942202687263489	-0.28071802854537964	-0.8014721274375916	1.0608806610107422	0.6560297012329102	-2.64442777633667	0.3713586628437042	1.8116179704666138	0.6730088591575623	-0.4131745994091034	0.08501430600881577	-0.42171964049339294	0.7880001664161682	-2.04510498046875
0.22718949615955353	0.5146092772483826	1.4437309503555298	-1.4430322647094727	-0.2829384505748749	0.5568469166755676	0.3070695400238037	1.0871955156326294	1.973456621170044	-0.47322940826416016	1.9180485010147095	-0.3737466335296631	-0.05570473149418831	0.9467110633850098	-1.5521336793899536	-1.2944457530975342	0.09466816484928131	-1.0972594022750854	-0.7644428610801697	-0.5399816036224365	0.7537575364112854	0.4957403540611267	-0.09670839458703995	1.4499492645263672	0.974473774433136	0.35766395926475525
1.0503802299499512	-0.8714287877082825	1.1174614429473877	0.5943483710289001	0.6296150088310242	-1.3767772912979126	0.3496619462966919	-0.7455500960350037	0.3782958388328552	-0.6069293022155762	0.1097383201122284	-0.12871132791042328	-0.60561203956604	0.11815661191940308	1.2695660591125488	0.17699871957302094	0.6059930324554443	0.04716811329126358	0.9808245301246643	0.14422160387039185	1.8336938619613647	-0.9927240014076233	-0.05066367983818054	1.0300549268722534	1.6928050518035889	-1.291748285293579
1.5377795696258545	-2.4264485836029053	2.0135881900787354	-1.7585467100143433	1.1059463024139404	-1.3040885925292969	0.48891323804855347	0.9196579456329346	-0.9383594393730164	1.4868913888931274	-0.7064051032066345	-0.0697571411728859	1.350731372833252	0.7089017033576965	1.5539721250534058	-0.28290224075317383	-0.896368682384491	0.9360885620117188	-1.9328038692474365	-1.3389015197753906	0.5118103623390198	-0.7400466203689575	-0.5112131237983704	-0.08928666263818741	-1.386961817741394	-0.43159767985343933
-0.45697230100631714	1.1052277088165283	0.9283286929130554	0.20897217094898224	-2.2206082344055176	-0.110538549721241	-0.44012880325317383	-0.4551500976085663	-0.47457730770111084	0.46849682927131653	0.3906899392604828	-1.4807093143463135	0.9167143106460571	-0.7897055149078369	-1.7537871599197388	1.9240648746490479	-1.037601351737976	0.06716059148311615	0.9351813197135925	1.0712758302688599	-0.6952797770500183	0.834550678730011	-1.0037957429885864	-0.17582887411117554	-0.15116918087005615	-0.45585721731185913
-2.14874529838562	1.0234891176223755	-1.435725450515747	0.25692251324653625	-0.11080969125032425	2.9323713779449463	0.49425333738327026	-0.4310697019100189	1.0782241821289062	-2.3786773681640625	-1.0494080781936646	-0.6086007952690125	-1.2703752517700195	-0.18538787961006165	0.03249073773622513	1.0682861804962158	0.09445444494485855	1.4176983833312988	0.794657289981842	0.22102510929107666	0.49824145436286926	0.31849363446235657	0.4802941381931305	1.0155247449874878	2.829080581665039	-1.1555049419403076
-1.5944663286209106	-0.8096715211868286	1.090265154838562	1.7594491243362427	-1.7895764112472534	-1.0289064645767212	-1.7895649671554565	-0.8514681458473206	-0.6543148756027222	0.09220986068248749	-1.3188560009002686	-0.15343810617923737	1.2561200857162476	0.3297850489616394	-0.5650874972343445	1.6186177730560303	-0.8164466619491577	0.3360438048839569	0.732728898525238	-0.16088621318340302	1.236027479171753	0.4870641827583313	-0.023322569206357002	-1.5733942985534668	1.1523746252059937	-0.33935412764549255
-1.3809459209442139	2.369185209274292	2.131136655807495	-0.7813405394554138	1.1181176900863647	-0.2579306364059448	0.30566996335983276	-0.2642890214920044	0.8689163327217102	0.09317589551210403	0.07954363524913788	1.8962780237197876	0.4314662516117096	-0.37660831212997437	-0.9017349481582642	0.797241747379303	0.5282087326049805	1.4600309133529663	-0.8785153031349182	-1.0222240686416626	0.5889383554458618	-0.22132615745067596	0.5999836325645447	0.615200936794281	-0.6358964443206787	0.25508081912994385
0.4725808799266815	-1.8127639293670654	-1.0134941339492798	0.9284645318984985	-0.9452164769172668	-0.5794206857681274	0.5957438349723816	-0.19323866069316864	-0.28019312024116516	0.34967100620269775	-2.4674553871154785	0.45723503828048706	-2.2193143367767334	-2.4221067428588867	1.32750403881073	0.7929854393005371	0.31949636340141296	0.011717887595295906	0.5060563683509827	0.4603489339351654	0.6651387214660645	-0.10628432035446167	0.38132598996162415	-0.7068122625350952	-0.6513499021530151	1.0775911808013916
-0.43793874979019165	-0.31698843836784363	0.5000684857368469	-0.27901625633239746	-1.6162949800491333	0.17423847317695618	0.6234404444694519	-1.073455810546875	-1.1127829551696777	-0.0819728747010231	-0.9316015243530273	-0.3682936131954193	1.672731876373291	-0.5097134113311768	-0.020055614411830902	0.4079076647758484	-1.8935556411743164	0.45299026370048523	0.045989349484443665	1.3537060022354126	1.1754883527755737	-0.3532474935054779	-1.173092246055603	1.8215985298156738	0.9494644999504089	-0.04716747626662254
-1.6122130155563354	-0.6696739196777344	0.3904314935207367	-0.22753944993019104	-1.042746901512146	-0.42884549498558044	0.8736986517906189	0.8668805956840515	-0.4627264738082886	0.376221239566803	1.317534327507019	-0.4386044442653656	0.7262806296348572	0.8120445013046265	0.9593541026115417	0.44261059165000916	0.38915419578552246	-0.957217812538147	-0.916528582572937	-0.21822719275951385	1.050019383430481	-0.15822440385818481	1.9778677225112915	0.15380235016345978	-0.45217540860176086	1.325767993927002
-0.519992470741272	-0.7642951011657715	-0.9438338875770569	-0.3286997973918915	-0.5141305923461914	0.17728979885578156	-0.13451705873012543	0.6822651624679565	0.8700252771377563	-1.7111996412277222	-0.8867893815040588	0.0018027771729975939	1.8176857233047485	0.5808722972869873	-0.5409802794456482	-0.4634050130844116	0.005800055339932442	0.8530648350715637	0.27863845229148865	-1.516840934753418	1.8594844341278076	0.6943625807762146	-1.1194360256195068	0.13345815241336823	1.075771450996399	0.5049261450767517
0.6996671557426453	0.011139579117298126	0.1461491584777832	0.20756514370441437	-0.37116795778274536	0.4558303654193878	-0.41647422313690186	2.1405580043792725	-2.3479089736938477	-1.4346120357513428	-0.628811776638031	0.7640087008476257	-0.6133906245231628	-1.0575224161148071	1.1751049757003784	-0.4468376934528351	-0.7062389850616455	0.625291109085083	-0.9071462750434875	1.390534520149231	0.9013181924819946	-0.5476123094558716	0.000735931855160743	0.9340415000915527	-2.0878098011016846	0.17647626996040344
0.19718506932258606	0.15209734439849854	-0.9548454880714417	-0.7396758794784546	0.1894860565662384	-1.7203935384750366	-0.02999264746904373	0.8542954921722412	-0.3312753736972809	-0.8679096102714539	0.8102335333824158	-0.14493675529956818	0.1627810299396515	-1.017606258392334	0.6673570871353149	-1.757008671760559	1.3639686107635498	0.06826049834489822	-1.608819842338562	-0.31261342763900757	-1.2962113618850708	0.24468503892421722	-1.8876492977142334	0.8040217161178589	-2.1158864498138428	-1.5702766180038452
-0.18459583818912506	0.6080458760261536	-1.0494658946990967	-0.962099552154541	0.17854943871498108	-0.3701515793800354	0.10864879190921783	-0.16489548981189728	-1.8867852687835693	0.589941143989563	1.3416824340820312	-0.060597315430641174	-1.9886537790298462	-1.1871546506881714	-0.7565079927444458	0.7916003465652466	-0.06057386472821236	-1.1640467643737793	-0.10777952522039413	0.4240369200706482	1.2798093557357788	-0.7478845715522766	-0.1089116632938385	0.3616864085197449	-0.18405021727085114	0.5054337978363037
-0.4388529360294342	1.6823471784591675	-0.6006795167922974	0.683076798915863	0.19423046708106995	0.3492854833602905	-1.5477396249771118	0.38564303517341614	0.050974950194358826	0.16231924295425415	0.38603824377059937	-0.46684756875038147	0.6012916564941406	1.584402084350586	0.4913628101348877	2.2476842403411865	0.03587252274155617	-0.7762308716773987	1.0369280576705933	0.19617842137813568	1.0814871788024902	-1.4442155361175537	1.1784387826919556	0.3588542342185974	-0.6581434011459351	1.8030263185501099
1.3253579139709473	-0.12576748430728912	0.645621657371521	-0.4601668119430542	-0.4860260486602783	-0.8813011050224304	1.4281409978866577	-0.7539178729057312	1.0890960693359375	0.9388304352760315	1.463721752166748	2.4452097415924072	1.2931557893753052	0.9148240089416504	-0.8399815559387207	0.4721774458885193	-0.7474040389060974	0.038892023265361786	-1.0561201572418213	0.6334346532821655	-0.12107983976602554	1.0555193424224854	-2.201097011566162	-0.9904390573501587	1.4685736894607544	-0.08200041949748993
-0.7212936282157898	-0.5349884629249573	-1.1573364734649658	-0.2724580764770508	1.7580255270004272	0.4000357389450073	0.8947035670280457	0.6446627974510193	1.0298066139221191	-0.520718514919281	0.27872464060783386	-0.3280559778213501	0.7164148092269897	1.3266037702560425	-0.5064548850059509	-1.3334202766418457	-0.011879376135766506	-0.927891194820404	-0.7393011450767517	-0.23614442348480225	1.0814625024795532	0.6355452537536621	-1.3119696378707886	-0.11029846221208572	1.50006902217865	0.06700307130813599
1.9773763418197632	0.9456653594970703	-0.41889068484306335	-0.28794747591018677	0.1220238134264946	0.8183061480522156	1.664934515953064	-1.0620921850204468	-1.726567029953003	-0.40279561281204224	0.2791838049888611	0.017096146941184998	1.4939508438110352	1.1930545568466187	-0.9489461779594421	-0.48639151453971863	2.455169916152954	-1.2246952056884766	1.2835224866867065	-0.31187501549720764	-1.0442688465118408	1.2798256874084473	0.5733698606491089	1.1627854108810425	-0.5408850312232971	-0.37157073616981506
0.06190689653158188	0.3542478084564209	-0.10815981030464172	-0.5299322009086609	0.007936183363199234	0.566824734210968	0.6807001233100891	-0.5528520345687866	0.9377427101135254	-1.6520071029663086	-0.7190725207328796	-1.107258915901184	-0.03373926132917404	0.2194305807352066	0.6824405789375305	2.296311616897583	-0.40777289867401123	2.622199058532715	1.533429503440857	-1.0813915729522705	0.060573384165763855	0.8426645994186401	1.3856650590896606	-0.7661900520324707	-0.3784310221672058	-0.6961039900779724
0.9866993427276611	0.3256954252719879	0.23933890461921692	-1.355026364326477	-0.11328539252281189	0.4168105721473694	1.2267329692840576	0.09234081208705902	-0.5737133026123047	-1.5253586769104004	0.5906254053115845	0.12150447070598602	0.07877698540687561	-0.13099856674671173	-0.4524754285812378	0.8586585521697998	-1.5611823797225952	-0.8313012719154358	-0.7654175758361816	1.734483003616333	0.05949156731367111	-0.6795957088470459	0.9615979790687561	0.38100314140319824	0.4558536410331726	-0.055259283632040024
-1.1154465675354004	0.7601950168609619	0.4422745704650879	-1.7570067644119263	2.1238327026367188	-0.22723789513111115	-1.2317657470703125	0.002607643837109208	-0.812673032283783	1.1325078010559082	-1.4126653671264648	1.5165140628814697	0.8622408509254456	-0.012531221844255924	-0.3292999267578125	-0.7444636225700378	-1.6878288984298706	0.9315075874328613	-1.468418836593628	-0.824824333190918	-0.5005146861076355	-0.21232526004314423	-0.04006418213248253	0.06051218509674072	-0.09920935332775116	-1.807835340499878
-0.19118231534957886	-1.295567512512207	-0.36195045709609985	0.3483794629573822	-0.08977071940898895	2.1136255264282227	0.47309041023254395	-1.4188265800476074	-1.2777563333511353	-0.7027061581611633	-2.432271718978882	-0.34783878922462463	0.5904435515403748	-0.41761311888694763	0.27407559752464294	-1.6332390308380127	0.9258708357810974	0.9126611948013306	-0.35775622725486755	-1.7404927015304565	0.9266356229782104	0.5764408707618713	-0.9465660452842712	0.6060526967048645	0.9116012454032898	0.7332736253738403
0.14574289321899414	0.60505211353302	-0.285812646150589	-0.7947114109992981	-0.9883309006690979	0.05475078895688057	1.0699365139007568	-0.6291410326957703	-0.7431402206420898	-1.3133352994918823	-0.4613543152809143	0.11383093148469925	0.6791080236434937	0.5202329158782959	-0.2302733212709427	0.7010467052459717	1.4264073371887207	1.1356632709503174	1.7451142072677612	-0.5773994326591492	0.9187675714492798	-1.0031352043151855	0.47829532623291016	0.9337117671966553	-1.6106384992599487	-0.614717960357666
0.0465412363409996	-0.8127356767654419	0.02919926866889	-0.2006763368844986	-0.812032163143158	0.2889876365661621	0.7007297873497009	0.2723570466041565	-0.01282573863863945	1.979956865310669	-1.494539737701416	0.12490678578615189	-0.01544796209782362	-0.8889151215553284	0.027637729421257973	2.5530240535736084	1.1916592121124268	2.099045515060425	0.5789855122566223	0.2775034010410309	-2.836310386657715	-0.5580446720123291	1.0987108945846558	-0.9737701416015625	-1.9035332202911377	0.08102349191904068
-0.13122986257076263	0.4510248303413391	0.5542104840278625	-0.47468695044517517	0.7135034799575806	0.05901738628745079	0.9396401643753052	0.9465863704681396	-1.183005928993225	-0.5759952664375305	-2.3801651000976562	-1.1087979078292847	-1.014946699142456	-0.36436596512794495	1.4553062915802002	0.5769343972206116	-0.9286274909973145	-1.643422245979309	0.492120623588562	1.2146828174591064	-0.08875863254070282	-0.3462759554386139	-0.8810667395591736	-0.8058391809463501	0.9387396574020386	-0.7727028131484985
0.091160848736763	-1.9089362621307373	0.42081326246261597	0.13763760030269623	0.9762888550758362	0.01700129359960556	-1.135279655456543	0.0559718944132328	1.1221964359283447	1.3789310455322266	-0.43034669756889343	-1.4820696115493774	-0.457307904958725	0.5833418965339661	1.0143307447433472	2.1402196884155273	-0.05009055137634277	1.4339746236801147	1.5163459777832031	-1.3286805152893066	0.5608822703361511	-2.2734360694885254	-0.31331586837768555	-1.091537594795227	-0.19074209034442902	1.1071029901504517
2.113894462585449	0.8919533491134644	0.3775346577167511	1.0229520797729492	0.9653493762016296	-0.6254382729530334	0.01789262145757675	0.46341925859451294	0.16514965891838074	-1.8417398929595947	1.673574447631836	-0.10887228697538376	-0.7334434390068054	-0.13290445506572723	2.399445056915283	-0.9054642915725708	0.7735143303871155	-1.069277286529541	-0.7856315970420837	-0.9651758670806885	0.715596616268158	-0.6077242493629456	-1.4232499599456787	-1.0329705476760864	0.14484959840774536	-0.7291877865791321
-0.8421170115470886	-0.6492919921875	1.116573691368103	-1.7243778705596924	-0.028200669214129448	0.9547047019004822	-0.896468460559845	-1.5687081813812256	-0.6955174803733826	-0.803500771522522	-0.9011836051940918	-2.28760027885437	-0.7477033138275146	-0.26284950971603394	0.20333215594291687	-0.2537914514541626	-0.6127554178237915	0.5345053672790527	-1.251692771911621	-0.7570708990097046	-0.413949579000473	0.2494668960571289	2.594204902648926	-1.5477796792984009	0.14241176843643188	1.2720967531204224
-1.0363174676895142	0.9545518755912781	0.30830681324005127	0.6382220983505249	-0.530596911907196	1.1707969903945923	2.126870632171631	-0.9046117663383484	0.2281157225370407	0.49681350588798523	1.0198349952697754	0.3160688877105713	-1.6562625169754028	-1.2360360622406006	0.062348026782274246	0.9901183843612671	-0.653226375579834	0.8210971355438232	-0.3260001838207245	0.5467960834503174	-0.10654139518737793	-1.8398178815841675	-1.298013687133789	-0.44411084055900574	0.07945680618286133	-0.8294967412948608
-1.1263011693954468	-0.17882215976715088	-0.09543763101100922	1.421034812927246	-0.5877266526222229	-0.141508087515831	-0.13467243313789368	-0.2664928734302521	-1.337935209274292	0.2972384989261627	-1.1819963455200195	-1.0697227716445923	0.42908164858818054	1.0012537240982056	-1.120661973953247	1.1467150449752808	-0.619494616985321	0.4593459367752075	-1.2472200393676758	0.7194129228591919	0.45463353395462036	1.6236695051193237	0.5228694081306458	0.5014940500259399	0.17803744971752167	-2.1855344772338867
-0.9895322322845459	-1.7607507705688477	-0.8564503788948059	-1.4234737157821655	-1.1074072122573853	0.00851353257894516	0.5142323970794678	1.7618213891983032	1.415299892425537	1.9244304895401	0.8406209349632263	-0.8165785670280457	-0.7477229833602905	-0.9201434850692749	0.33237043023109436	-0.19334684312343597	0.5225749015808105	-0.8935120701789856	-0.17041954398155212	-0.811827540397644	-0.7783918380737305	0.8932141065597534	-1.1198539733886719	1.0408574342727661	0.5944053530693054	-0.2066514790058136
-0.07060391455888748	-0.9929344654083252	0.9188864827156067	-1.0441900491714478	-1.431756615638733	0.6428893208503723	-0.263915091753006	-0.9892627596855164	-0.9177457094192505	-0.40629494190216064	-1.1498996019363403	2.106480121612549	-1.1119369268417358	-1.473537564277649	0.03793587535619736	-1.3571372032165527	0.3345852494239807	1.2065763473510742	-0.5183751583099365	0.6904563903808594	-0.9728419780731201	1.3898001909255981	-1.1878639459609985	-0.5543074011802673	-0.014048656448721886	1.1940581798553467
-1.179027795791626	-0.12277976423501968	-0.16283120214939117	0.0630032941699028	-1.1605393886566162	0.3831845819950104	1.8934855461120605	0.015088063664734364	-0.705830454826355	0.3741322159767151	-0.4622859060764313	-0.5202141404151917	0.10555104911327362	-1.3973256349563599	0.48957401514053345	0.14461103081703186	-0.47816893458366394	-1.037650227546692	-0.6137382984161377	0.3599655032157898	-1.745818018913269	-1.479662299156189	0.09554023295640945	-1.7304438352584839	-1.3514032363891602	-0.9686374068260193
0.6618488430976868	-1.0147817134857178	-0.06221620738506317	-0.1508493423461914	-0.5178504586219788	0.8236573934555054	-1.909037470817566	0.6747593283653259	0.5832048654556274	-0.6415815353393555	-1.3115495443344116	0.8940555453300476	-0.1371183693408966	-0.60524582862854	-0.46439674496650696	-1.7357090711593628	1.0180734395980835	-0.35023269057273865	0.5348131060600281	0.5663713812828064	0.019834868609905243	-0.04843490198254585	-0.19131861627101898	-0.041665732860565186	1.2801498174667358	-0.7718490958213806
0.9778330326080322	-0.191737562417984	-0.28633806109428406	-1.2601484060287476	-1.130995512008667	0.9328650832176208	-0.3680880665779114	0.31214186549186707	1.6016963720321655	-2.386859178543091	-0.7653370499610901	2.333312511444092	-0.7976465821266174	1.653800129890442	-0.3355553448200226	2.202590227127075	-0.31783154606819153	-1.6541900634765625	0.744834840297699	-0.33195045590400696	0.03728141635656357	-0.4416809678077698	0.7740170359611511	-0.16390866041183472	-0.9755701422691345	0.014734793454408646
0.5668579339981079	0.40252918004989624	-0.24068862199783325	-0.23120367527008057	-1.6837596893310547	-0.24093282222747803	0.641920268535614	2.4499337673187256	-0.2541072964668274	-1.0271652936935425	1.7819944620132446	-3.834951877593994	-1.2207069396972656	-0.1681886464357376	-1.216103434562683	0.23341290652751923	-0.3119353652000427	-1.831717610359192	0.977163553237915	0.2275608777999878	0.27567026019096375	-0.2319449484348297	0.8390743136405945	1.7472386360168457	0.6266559362411499	2.136477470397949
2.1351234912872314	-0.31898242235183716	0.8437089920043945	0.8779672980308533	0.7677581906318665	-0.3348093628883362	0.370135635137558	-0.8583940863609314	0.9196840524673462	-0.9886138439178467	1.507493257522583	0.3771633803844452	0.3523823022842407	-0.19102466106414795	1.2154477834701538	-0.512718915939331	0.5739107728004456	-1.5221844911575317	-1.4505900144577026	0.10695528984069824	0.6703676581382751	-1.1466947793960571	-0.3917391002178192	-1.2066985368728638	1.0887349843978882	-0.4519156813621521
-0.9258326292037964	1.7253183126449585	0.20119820535182953	0.27295175194740295	-0.05708273872733116	0.16804909706115723	0.8587103486061096	-0.49043387174606323	-0.0021218580659478903	-0.35438472032546997	-1.3093599081039429	0.5751424431800842	-1.4180468320846558	1.4219043254852295	0.3421937823295593	-0.4397636950016022	0.6858462691307068	1.9720314741134644	1.8332421779632568	0.22007006406784058	-0.2910223603248596	0.347944438457489	2.3313801288604736	0.7799573540687561	-0.8105286955833435	-0.8934414386749268
0.9518240690231323	-1.5618408918380737	-0.21244418621063232	0.1533561646938324	-0.38401973247528076	0.14974074065685272	-1.4005627632141113	0.30927079916000366	-1.148789405822754	0.2201453298330307	-0.4218325912952423	0.14914697408676147	-0.3773539960384369	2.0432136058807373	-0.43224596977233887	-0.8779367208480835	-0.8338561654090881	-1.2377861738204956	-0.9710518717765808	-0.024031497538089752	1.1344531774520874	1.5999001264572144	0.5621383190155029	0.8146919012069702	1.5425668954849243	-0.13056734204292297
1.6170430183410645	-1.4861176013946533	0.0070978086441755295	-0.41891729831695557	0.8117379546165466	1.3833649158477783	-0.20597520470619202	-0.21429623663425446	-0.01580805331468582	-0.4784315228462219	1.4127321243286133	-0.06507321447134018	1.0551812648773193	-0.35104435682296753	-0.9293030500411987	1.0407073497772217	1.4137037992477417	-0.3685079514980316	0.17312568426132202	0.07393603026866913	-0.055184412747621536	-1.9117504358291626	-0.6267457008361816	-0.6910170912742615	-0.579028844833374	0.8925530910491943
0.9561741352081299	0.36846476793289185	0.900124192237854	-0.892785906791687	0.6468568444252014	-0.21637657284736633	-1.2185146808624268	-1.0519189834594727	0.8090983033180237	0.27902764081954956	0.7897814512252808	-0.8984187245368958	0.29177162051200867	-0.7578003406524658	0.5403885245323181	0.16114206612110138	1.3407599925994873	-0.5345802903175354	0.932158350944519	-1.055076003074646	-1.6561410427093506	-0.41998153924942017	-0.27163851261138916	0.6127881407737732	0.7311045527458191	-0.8907076120376587
0.8058456778526306	0.9021544456481934	-1.3426276445388794	1.0429997444152832	0.387491911649704	0.1428205668926239	1.4098761081695557	0.6297374963760376	0.6855162978172302	-0.14703431725502014	0.6276844143867493	-0.6184639930725098	-0.19657205045223236	-1.0168633460998535	-0.011582540348172188	-1.2316584587097168	0.025701794773340225	0.0010704768355935812	0.021959882229566574	2.1361069679260254	-0.4213603138923645	0.3615824282169342	-0.2988584637641907	-1.6074869632720947	0.1441407948732376	-0.45553743839263916
-0.30716997385025024	-0.34880903363227844	1.3058135509490967	0.6557533740997314	-0.23526857793331146	2.492924928665161	-1.486432433128357	-0.04542941600084305	-0.36462363600730896	-0.15677876770496368	0.3758620023727417	-0.7286892533302307	-0.7277445197105408	-0.21526232361793518	0.12331631779670715	0.1897268146276474	1.6789685487747192	-1.2664837837219238	-0.7758076786994934	1.0557944774627686	-0.22254285216331482	0.08322489261627197	0.4504747986793518	-0.295232892036438	-0.7115300297737122	-1.1225981712341309
1.279915690422058	1.4979479312896729	-0.6540791988372803	-2.0713839530944824	-0.9436542987823486	-2.0986509323120117	-0.5756358504295349	-1.7402456998825073	-0.7292616367340088	0.09661675244569778	0.8102626800537109	0.853127121925354	-0.2224637269973755	-1.0075846910476685	0.03264022246003151	-0.01801886409521103	-0.05075939744710922	1.7060061693191528	0.18699273467063904	-0.4752025306224823	-0.404229074716568	-1.5492109060287476	0.6492899060249329	0.10333366692066193	1.7665008306503296	-0.8829302191734314
-2.058711528778076	0.34240302443504333	1.9086517095565796	-0.7584851384162903	0.4443366229534149	-0.9950190782546997	0.021175432950258255	0.24287036061286926	-0.47704020142555237	0.17302601039409637	1.0692415237426758	1.3059649467468262	-0.8716188669204712	0.7104722857475281	-1.134468674659729	-0.9134148359298706	-0.2586205005645752	-0.29271724820137024	-1.0581358671188354	-0.4498540163040161	0.267951637506485	1.7269456386566162	1.043204426765442	1.3755110502243042	0.30655336380004883	-2.1062240600585938
-0.5572015643119812	0.2719452977180481	0.8643795251846313	0.5844415426254272	-1.7521178722381592	0.6012728810310364	-1.5901545286178589	-0.5809620022773743	0.144082173705101	-0.07372315973043442	0.41481509804725647	0.04247818514704704	-0.07933445274829865	0.7335155606269836	-1.832444429397583	-0.394268661737442	-2.1030173301696777	0.9308723211288452	-0.583398699760437	-0.5501716136932373	-1.1942119598388672	0.511901319026947	-0.3442676365375519	0.8725370764732361	0.49988827109336853	0.2878527343273163
-1.2970880270004272	-1.1297575235366821	0.3646984398365021	-0.09887146204710007	-1.0449951887130737	1.3552184104919434	-1.093785047531128	0.6504564881324768	0.8346242308616638	-0.4525313973426819	0.3957352042198181	-1.5531632900238037	-1.1300599575042725	-1.4493433237075806	-0.45844554901123047	0.8156026601791382	-0.9080401062965393	0.35036608576774597	1.0139094591140747	-0.6824973821640015	0.2189914882183075	-1.1245882511138916	-0.2165384143590927	-1.5593913793563843	2.4855897426605225	0.09041892737150192
-0.40295884013175964	-0.9500669240951538	0.9504266381263733	-1.066152811050415	-0.030225900933146477	0.4954434633255005	1.1967449188232422	-0.13438352942466736	-0.82216477394104	-0.5390365719795227	-1.128460168838501	0.9836750626564026	0.1941964030265808	-0.2527666687965393	-0.21661028265953064	-1.4946657419204712	1.6842068433761597	-0.4576661288738251	1.371840238571167	0.6677120327949524	2.5236594676971436	1.350936770439148	-1.3649319410324097	-0.3792823255062103	0.6348052620887756	2.1580517292022705
-0.8421770334243774	-0.6096271276473999	0.8689882159233093	1.7336456775665283	0.19872090220451355	-1.6435259580612183	-1.6246670484542847	-0.8659880757331848	0.429286390542984	0.05428938567638397	-0.2370225042104721	0.897109866142273	-1.1190145015716553	-0.07997983694076538	-0.15669701993465424	-1.1306134462356567	0.09019794315099716	1.3258068561553955	0.07598818093538284	-0.7697373032569885	-1.3558887243270874	-0.8435602188110352	1.151525855064392	0.1070658341050148	0.12409687042236328	-0.437678724527359
1.4606119394302368	-0.6074492335319519	-0.542351245880127	0.9978342056274414	-0.9568270444869995	1.0480492115020752	0.2134634554386139	-0.010328368283808231	-1.304234504699707	-0.27994969487190247	-0.8327718377113342	-0.5995001196861267	0.5825008153915405	0.793843150138855	-1.622183918952942	0.839409589767456	-0.33835238218307495	0.36917436122894287	-0.4858936667442322	-1.1257613897323608	0.5383317470550537	-0.06671931594610214	0.8619177937507629	0.37316760420799255	-0.4534441828727722	0.05738592892885208
1.5941420793533325	-0.8859550952911377	-1.6271753311157227	-0.11550658941268921	0.9871991276741028	-1.4027742147445679	0.08710126578807831	1.08831787109375	-0.0036448161117732525	-2.1736340522766113	0.5876702070236206	-0.9218083024024963	-0.5405331254005432	-0.3015945851802826	-0.451601505279541	0.7424671649932861	0.7735768556594849	-0.6316790580749512	0.9833848476409912	0.4573666453361511	0.28032979369163513	-0.4168681800365448	0.40295323729515076	2.32668137550354	0.34943416714668274	-1.285951018333435
-1.1324678659439087	0.9211505651473999	-1.3933426141738892	-0.36821141839027405	-0.4727413058280945	-0.15830332040786743	0.0912790447473526	-0.7527278065681458	1.2395472526550293	-0.9011234641075134	-1.0648430585861206	0.9556682109832764	-0.6639553308486938	0.7877323031425476	-1.1805812120437622	0.4962233006954193	1.346801996231079	-0.8715258836746216	0.84462571144104	-0.35322532057762146	-0.6152461171150208	0.7154586315155029	-1.1673204898834229	-1.4193135499954224	0.06032518297433853	-0.9283174276351929
-0.883384108543396	-1.1687510013580322	0.5498287677764893	-0.39104869961738586	-2.014145612716675	1.040557861328125	-2.43708872795105	1.0502382516860962	0.14536842703819275	0.12865880131721497	0.46112677454948425	-0.48418861627578735	0.07058102637529373	-0.4357298016548157	-0.4561557471752167	-0.5442211031913757	1.346921443939209	0.3886537551879883	0.33740493655204773	1.199425220489502	0.5390214920043945	-0.19636616110801697	-0.06502329558134079	1.3049038648605347	0.6907002925872803	-0.3838430941104889
0.24024677276611328	0.8413625359535217	0.9223442673683167	0.6830461025238037	0.8965974450111389	-1.193384051322937	-0.2951766550540924	0.2165652960538864	-0.46789854764938354	2.109748601913452	-0.2552185356616974	1.7569764852523804	0.9196853041648865	-0.44070467352867126	0.08743511885404587	0.8462027311325073	-2.15869402885437	-2.7427823543548584	-1.9824670553207397	1.7327991724014282	1.070695161819458	-1.282312035560608	-0.5912498235702515	-0.6845725774765015	2.11214280128479	-0.6070883870124817
-1.016638159751892	0.22636476159095764	0.2558404505252838	-0.3162889778614044	0.29808154702186584	0.35351088643074036	-0.7587982416152954	-1.4197643995285034	-0.5591917634010315	-0.008626681752502918	-0.8067686557769775	1.579115390777588	1.220210075378418	-0.4546188712120056	1.965946912765503	-0.01750066690146923	-1.9133809804916382	0.37235280871391296	-0.001234843279235065	0.692402184009552	0.7207604646682739	1.4069708585739136	-1.928930640220642	2.6783041954040527	-0.8042923808097839	-0.7655248641967773
-2.5228073596954346	-0.9474165439605713	-0.6017215251922607	-0.07204002887010574	0.22892899811267853	0.2031726986169815	1.0541245937347412	-0.5423028469085693	0.6712977290153503	1.6233824491500854	-0.9694324731826782	-0.6014604568481445	-1.3717377185821533	0.8200287222862244	-1.043835997581482	-0.7354742288589478	0.04889388754963875	0.23262862861156464	-0.9449198842048645	0.6245543956756592	0.3123973608016968	1.252188801765442	-1.5451229810714722	0.3034551739692688	0.26347559690475464	-0.8982555866241455
1.096226692199707	0.6914494037628174	-1.2845838069915771	0.45169147849082947	-0.25537359714508057	0.39361733198165894	0.19640377163887024	-0.4868983030319214	-1.495291829109192	-1.7178878784179688	2.7814576625823975	0.4409073293209076	-0.9289748072624207	0.8683677911758423	0.617905855178833	0.390803724527359	-0.42903515696525574	0.862567663192749	-0.3342117667198181	0.631374180316925	0.3201126158237457	-1.4188348054885864	-0.2257329225540161	0.5464407801628113	-1.8526134490966797	1.12362539768219
-0.6683906316757202	-0.8297154903411865	-0.12139192223548889	-0.0926809012889862	0.5153886675834656	-0.7912052273750305	1.2588547468185425	0.06959687918424606	-0.09340228140354156	0.05564495548605919	0.923678994178772	0.7679476141929626	-0.6088353395462036	-0.8575957417488098	-1.3189334869384766	-0.655393660068512	-0.18773296475410461	-0.4806523323059082	1.3566539287567139	0.8860259652137756	-1.3431470394134521	-0.23386263847351074	0.9226714372634888	-1.6349736452102661	0.7929417490959167	0.5424215793609619
0.464687317609787	0.4932260811328888	-0.725579559803009	-0.45018070936203003	-1.1702245473861694	-0.9767718315124512	0.2531091868877411	1.1099878549575806	0.01390448585152626	0.8198996782302856	0.2520381510257721	0.6673609018325806	1.7872480154037476	0.8458702564239502	-2.0847668647766113	1.3454467058181763	-0.8765375018119812	0.3447962701320648	-1.7838553190231323	0.27405795454978943	-0.7276802659034729	-0.13327278196811676	0.2318604588508606	-0.6997942328453064	-1.7150408029556274	0.9328638911247253
0.27385446429252625	0.18368785083293915	-0.33338356018066406	-0.32397547364234924	-0.060782529413700104	0.23030772805213928	-0.7632580995559692	-0.12832313776016235	0.8651659488677979	-0.062146373093128204	1.4049512147903442	-0.9424399137496948	-1.1905930042266846	-0.6456625461578369	0.04716101661324501	0.931946873664856	-0.8890206217765808	-1.5715258121490479	-1.4595235586166382	-0.3965926170349121	1.2190605401992798	0.8324220776557922	-0.6858268976211548	-1.2815061807632446	0.11571424454450607	-0.45134273171424866
1.4402271509170532	-1.5010008811950684	-1.35846745967865	1.2854434251785278	-0.9792095422744751	1.2660162448883057	0.8852866888046265	-0.703893780708313	-0.42877912521362305	1.6721796989440918	1.1090724468231201	-1.0627044439315796	2.9883480072021484	-0.9929354190826416	-1.3367369174957275	-1.68123197555542	-1.4005314111709595	-0.6015156507492065	0.3773275315761566	1.3489129543304443	1.442792534828186	-1.622310757637024	-1.1185390949249268	1.19552481174469	-1.022727370262146	-0.5467243194580078
1.4830793142318726	-0.4381144642829895	0.47426220774650574	-0.7502943277359009	-0.6905024647712708	0.5883731245994568	0.06281208246946335	-1.5910927057266235	-0.2117861807346344	-0.802984893321991	-0.06230640411376953	-1.9994832277297974	-0.9012026190757751	0.504391610622406	-1.825669288635254	0.2844667434692383	0.5240626931190491	0.9310390949249268	0.3404756486415863	-0.7320671677589417	-0.704045295715332	-0.4267253577709198	-0.9538213610649109	0.7417972683906555	-0.12302806973457336	0.2464768886566162
-3.4457547664642334	-0.12178414314985275	1.079113483428955	-0.4229675531387329	0.3199287950992584	-0.1082858070731163	-0.4693911075592041	-0.4465740919113159	-1.0089776515960693	-0.8565964698791504	-1.0050684213638306	-0.8085654973983765	-0.6720431447029114	-0.48353826999664307	0.8076819777488708	1.455187439918518	-0.6806429028511047	1.8513286113739014	2.153367757797241	0.1628592610359192	1.4794985055923462	-0.92487633228302	-0.29841312766075134	-1.0732423067092896	0.6707875728607178	-0.6754292249679565
-0.32006844878196716	-0.03341744467616081	-1.3736881017684937	-1.1525249481201172	0.43347421288490295	-1.1625885963439941	0.061638448387384415	0.4827514886856079	0.17263200879096985	0.6192833185195923	-0.2365798056125641	0.8011828064918518	-0.9462299942970276	0.5415819883346558	0.8275632262229919	0.9268990159034729	0.7931591272354126	-0.2412766069173813	-0.20354056358337402	0.993989109992981	0.3944445252418518	0.8739923238754272	-0.007215212564915419	-0.561667263507843	-1.1253129243850708	0.7689730525016785
-1.9130735397338867	1.2985754013061523	-2.6291067600250244	-0.855999231338501	-0.6518446803092957	1.1809076070785522	0.3620286285877228	0.3624028265476227	-1.1977978944778442	0.9724000096321106	-1.6846941709518433	-0.050540994852781296	0.9639711976051331	0.6174668073654175	-0.6851726770401001	-1.2901849746704102	-0.43790099024772644	-2.235607862472534	-1.6756824254989624	-0.009752142243087292	1.2159724235534668	2.0178182125091553	-1.0820837020874023	0.4014604985713959	1.6742150783538818	-0.7166169285774231
1.0413103103637695	-1.8811182975769043	-0.8133642673492432	1.2731229066848755	0.90744948387146	-0.8714032769203186	-0.17840026319026947	-1.7168090343475342	-1.6255474090576172	1.2189486026763916	1.187785267829895	0.8767076730728149	-0.19529089331626892	-1.2683628797531128	0.40616223216056824	-0.2781493663787842	-1.1919548511505127	-0.7171778678894043	0.06401117891073227	0.7092720866203308	-2.0977604389190674	0.8735426068305969	0.08925078809261322	-1.8516710996627808	-0.8795711994171143	-0.33352139592170715
-0.5881194472312927	2.4076478481292725	-0.4506576657295227	-0.25774261355400085	0.2663560211658478	-0.41869279742240906	0.30908653140068054	0.2971700131893158	-0.8053492903709412	0.5122267007827759	-1.6654170751571655	-0.6440553665161133	-0.9261672496795654	-0.2890591621398926	0.6270977854728699	-0.39393115043640137	-3.1512086391448975	-1.5980455875396729	-0.7131019234657288	0.7994909286499023	0.09323319047689438	0.3433653712272644	0.7674418687820435	0.44382745027542114	0.37110742926597595	0.49178916215896606
1.110883116722107	1.6373894214630127	2.16732120513916	1.1868184804916382	0.1340346336364746	1.7590481042861938	-0.19674082100391388	-1.8504482507705688	-1.096957802772522	-0.3587852120399475	0.4865146577358246	-0.275443434715271	0.7469341158866882	-0.17602762579917908	-0.11141837388277054	-0.911228358745575	-0.0058303941041231155	-0.14683520793914795	0.6094273924827576	-1.650521993637085	1.9686812162399292	1.3560917377471924	-0.3713117837905884	0.37905633449554443	-0.3120701014995575	0.03992800787091255
-0.23735015094280243	0.17879743874073029	0.31427761912345886	0.06139792501926422	-1.1768461465835571	-2.4861981868743896	-0.5837611556053162	0.5261396765708923	-0.5394676923751831	-1.2476506233215332	-1.6071981191635132	0.4143187701702118	0.9874414205551147	-0.04991947114467621	-0.7316237688064575	1.1144647598266602	-1.3098727464675903	2.177074670791626	0.5045795440673828	1.206526756286621	-0.08064723759889603	-0.7461332678794861	0.3301371932029724	-0.32084956765174866	-0.6807410717010498	-0.9306455254554749
1.675624132156372	-0.37210899591445923	-0.5178489089012146	-0.17938809096813202	1.3552409410476685	0.7644408941268921	-0.11594425141811371	0.42381468415260315	-0.2086188793182373	0.6884521842002869	-1.5837453603744507	0.21673063933849335	-0.5086851716041565	0.6512305736541748	-1.7737209796905518	-0.3148699104785919	-1.6802664995193481	-1.7368555068969727	0.24714526534080505	1.0028531551361084	0.5652714371681213	-0.5166682004928589	-1.3963055610656738	-0.16373445093631744	-1.78425133228302	-0.9616675972938538
0.09641682356595993	-0.4872881770133972	-2.363982677459717	0.22939839959144592	-1.3636672496795654	-0.04140990972518921	-0.08169014751911163	0.33779647946357727	-0.7616750597953796	-1.5675259828567505	0.4660659432411194	-1.6334065198898315	-1.6270015239715576	-1.5231552124023438	-1.2793961763381958	-0.22463129460811615	-0.9488785862922668	-0.5642717480659485	0.184106707572937	1.3941445350646973	0.035635340958833694	0.2994396388530731	0.33416199684143066	-0.3383409380912781	-0.3439960777759552	-0.41836053133010864
-2.5765132904052734	1.7719507217407227	-1.3128154277801514	0.3502700924873352	1.7253278493881226	-1.1068905591964722	0.2006475180387497	0.048378340899944305	-0.9367769360542297	-1.2948529720306396	-0.3760926127433777	1.7743467092514038	0.25522366166114807	0.46618887782096863	-1.6569125652313232	-0.8092747330665588	-0.8207243084907532	0.5701521635055542	-0.12147115170955658	-0.8523914217948914	0.2737012505531311	0.4847779870033264	-0.1364889144897461	2.4259612560272217	-0.9115261435508728	0.24965694546699524
-0.7166538834571838	0.7136668562889099	-0.48573338985443115	1.213605284690857	-0.012299701571464539	-1.2536330223083496	-1.385439157485962	-0.46354690194129944	-1.3096532821655273	0.13113203644752502	2.0148863792419434	1.261611819267273	0.3477986752986908	0.708389937877655	0.056353967636823654	0.4327762722969055	-1.6082959175109863	-0.0259887482970953	-0.2594664394855499	1.3746368885040283	0.21928738057613373	1.177299976348877	1.0513375997543335	1.3304725885391235	1.1820199489593506	1.2649775743484497
-0.5953009128570557	0.19132165610790253	1.4114396572113037	1.3544902801513672	-0.3184627890586853	-1.527603030204773	-1.9273945093154907	-1.7670501470565796	0.2964957356452942	0.6124277114868164	-0.3727385997772217	-0.201426163315773	0.3365364074707031	-1.006976842880249	0.5412325859069824	0.729695737361908	0.2633584141731262	1.0781965255737305	0.394928514957428	-1.5120186805725098	0.17184434831142426	1.7237703800201416	0.9569030404090881	-0.4802209436893463	-0.3289687931537628	1.3895357847213745
-1.029006004333496	-2.0273959636688232	-0.1387765258550644	-0.719325840473175	0.4238964021205902	0.1114792674779892	-2.3235838413238525	-1.1885261535644531	-1.1680030822753906	0.3494226336479187	-0.7559651732444763	-0.702154278755188	0.36836573481559753	0.17760735750198364	-1.0649868249893188	0.5767512917518616	-0.5941389203071594	-0.529750645160675	0.3417520821094513	-1.012347936630249	0.2363133728504181	-0.3359818458557129	-0.5836869478225708	-0.951520562171936	-1.0253020524978638	0.9143057465553284
1.3245207071304321	0.8995482325553894	-2.829990863800049	-0.22378984093666077	-0.9798464775085449	-0.4568062424659729	-0.27692490816116333	-0.41153088212013245	0.03936183825135231	-1.357013463973999	-1.6861767768859863	0.5813632607460022	-2.190382957458496	-1.304186224937439	-2.0123093128204346	-0.5344565510749817	0.28579607605934143	0.02067646011710167	-0.0323440320789814	-0.6300458908081055	-0.3947198688983917	0.7777061462402344	-0.33666151762008667	-1.6138458251953125	-0.3645412027835846	-0.27765166759490967
0.5170977711677551	1.7666141986846924	0.15933427214622498	-0.7188290357589722	-0.6620977520942688	-0.6690464615821838	-0.31837835907936096	0.7064827084541321	0.477547824382782	0.440615713596344	0.029596133157610893	0.9586823582649231	0.06514367461204529	1.3581258058547974	-0.08807007223367691	-0.04397880658507347	-1.1072636842727661	-0.39811933040618896	-0.13917061686515808	1.4752191305160522	-0.5684866309165955	-0.9407008290290833	-2.581205368041992	0.8963149189949036	1.241437315940857	0.12830471992492676
0.7224922776222229	0.523624062538147	0.4215364158153534	-0.4991573989391327	-1.1761384010314941	0.7849578261375427	2.9153599739074707	0.6114956140518188	0.8212822079658508	-1.3394533395767212	-1.4997774362564087	0.30783480405807495	1.2533700466156006	0.38989928364753723	1.9395753145217896	-0.372393399477005	1.342094898223877	-0.7545563578605652	-1.2423557043075562	-1.0947016477584839	-1.9618021249771118	2.2597947120666504	2.1620395183563232	0.10555905103683472	0.9224996566772461	-1.63350510597229
-0.09583095461130142	-1.3467674255371094	0.9093264937400818	0.45237940549850464	0.5020948052406311	-0.6677287817001343	1.0101741552352905	0.015545404516160488	0.10398607701063156	-0.9047393202781677	-0.6815645694732666	-0.7677839994430542	0.045380543917417526	-0.9814469218254089	-0.7065897583961487	-0.9527573585510254	-0.42231836915016174	-0.6886883974075317	0.07762356102466583	-0.8593643307685852	-0.0795549675822258	-0.16253343224525452	0.6664696335792542	-1.1934285163879395	-0.5845885276794434	-1.3668169975280762
1.1450275182724	-0.13300684094429016	-1.1455219984054565	0.3020220398902893	0.268405556678772	-1.4458563327789307	1.273939609527588	0.24587923288345337	-0.2846607565879822	-2.6865246295928955	-0.5234489440917969	-0.351240336894989	0.21412289142608643	-0.022703569382429123	0.22007477283477783	0.9588754177093506	1.3784091472625732	-1.3710910081863403	0.0818309560418129	-1.316415548324585	-0.2441270500421524	0.8701605796813965	1.473733901977539	0.6406047344207764	-2.4189751148223877	0.18780899047851562
-0.0008305378723889589	-1.165927767753601	1.4173181056976318	-0.24616137146949768	1.9849106073379517	-0.6890309453010559	0.12956418097019196	0.4429791271686554	-0.45251309871673584	2.2548272609710693	0.1748485267162323	0.7746078372001648	1.0545623302459717	0.010194884613156319	-0.8463342785835266	1.015289545059204	0.38359013199806213	-2.106383800506592	-0.08718137443065643	0.02990593947470188	0.9080083966255188	0.02336926758289337	-0.9601780772209167	-0.4591769874095917	-1.7353135347366333	-0.5252212285995483
0.6848242878913879	0.7972871661186218	1.1386007070541382	0.9806524515151978	-0.6658021807670593	-0.6608158946037292	1.793717384338379	-1.427842617034912	1.1606043577194214	0.11176923662424088	0.6704382300376892	-0.24101343750953674	-0.43154364824295044	2.3784053325653076	-1.3496053218841553	-0.75998854637146	1.1984081268310547	0.3318888247013092	-1.7366969585418701	0.07059773057699203	-0.6807349324226379	1.7621804475784302	-0.3312422037124634	0.020408906042575836	-1.2231570482254028	-0.9626836180686951
-1.0528738498687744	0.4165160059928894	-1.105154275894165	0.9582833051681519	-0.34609752893447876	-0.8426709771156311	-0.13902795314788818	-1.8554543256759644	-0.273283451795578	-0.7545192837715149	-2.4310238361358643	0.1920686960220337	0.23067830502986908	-1.38576078414917	-0.48614639043807983	-0.10268331319093704	-0.6930912137031555	-0.7923023104667664	0.0986664816737175	1.7904386520385742	-2.284010410308838	-1.4237862825393677	0.08930162340402603	0.7068797945976257	0.19013255834579468	-0.5695138573646545
-0.6522022485733032	-0.26026853919029236	0.23962527513504028	0.11262914538383484	-1.3802448511123657	-0.1697658747434616	-1.2948369979858398	0.35032159090042114	-0.8418269753456116	-1.192047119140625	-0.04709766432642937	0.08821643888950348	-0.5864964723587036	-0.7882036566734314	-0.782137930393219	0.07861723005771637	-1.7339656352996826	0.1338513195514679	0.7164027690887451	0.14193588495254517	0.9658694267272949	-1.2259671688079834	-0.3125651478767395	-0.5125386714935303	-1.0610965490341187	1.2437371015548706
0.5346954464912415	-0.4459517002105713	0.12067233771085739	-0.9205814003944397	-1.0536690950393677	-0.16221892833709717	1.639694333076477	0.35896700620651245	-0.33147987723350525	1.9624305963516235	-1.0357486009597778	-0.22984951734542847	-0.34173351526260376	-2.680177927017212	-2.051191806793213	-0.1426551640033722	-0.8904258608818054	-1.6052616834640503	0.6433365345001221	0.028021030128002167	-1.5172213315963745	0.1815473884344101	0.8570290803909302	2.586564064025879	0.7866700887680054	1.5083070993423462
-0.5896886587142944	-0.6681353449821472	-1.000603199005127	-0.9474610090255737	-0.5347375869750977	0.6901214122772217	1.3742374181747437	-0.40486446022987366	0.27014365792274475	-0.3286432921886444	-1.3843573331832886	-0.2666781544685364	1.1393492221832275	2.0832462310791016	-0.08291835337877274	0.7212711572647095	0.23991107940673828	0.3795824348926544	0.2374984472990036	-0.32617440819740295	-0.3158034682273865	-0.10130013525485992	1.441996455192566	-0.17487864196300507	0.21431927382946014	0.3860514163970947
0.7262469530105591	-1.125830888748169	-0.8127452731132507	-1.4630515575408936	-0.7501773238182068	2.08402943611145	-2.4660000801086426	-0.6906393766403198	-1.0902129411697388	0.5982316136360168	-0.9598388075828552	0.8718758225440979	-0.5811107158660889	-2.5634987354278564	1.2544760704040527	0.3049956262111664	-1.6899397373199463	-2.032484769821167	0.9270392656326294	1.3644356727600098	-1.1542476415634155	2.5373783111572266	-1.286461353302002	1.2885686159133911	0.6271800398826599	-0.23281732201576233
0.5370091795921326	-0.8124831318855286	0.3098808228969574	0.49356070160865784	-0.9110597372055054	0.41353893280029297	-2.8689863681793213	-1.8137582540512085	1.2378978729248047	1.1651421785354614	-0.856762170791626	0.9714694023132324	-0.31257280707359314	1.9060372114181519	0.9655888080596924	-1.0151941776275635	-1.0623016357421875	0.3624410629272461	0.7930075526237488	-0.4684068560600281	-0.5340570211410522	0.2205955535173416	0.6440618634223938	0.9352191090583801	-1.8229879140853882	1.4891918897628784
1.3470405340194702	0.06392945349216461	0.13394583761692047	-0.28226912021636963	0.7076998353004456	-1.0432419776916504	0.3026837408542633	0.9282854795455933	-1.5121490955352783	-0.11604014784097672	-1.2199218273162842	-1.110095739364624	-0.10262566804885864	-0.5794337391853333	0.0868425965309143	-1.7597639560699463	-0.008713122457265854	-0.7980619072914124	0.7805205583572388	0.6524642705917358	0.6464525461196899	-0.20708785951137543	0.12170977145433426	0.742130696773529	2.5630087852478027	-1.2680788040161133
0.9182207584381104	0.1682567298412323	-1.0609928369522095	1.0415979623794556	-0.011474437080323696	-0.5364363789558411	-0.8341501355171204	-1.6013530492782593	-0.3426705300807953	-0.8041532635688782	-0.003767323214560747	-0.3242514431476593	-0.44085693359375	-0.5638405084609985	-0.6823022365570068	3.2022218704223633	-1.0309274196624756	1.7193858623504639	0.6306756734848022	0.48941269516944885	0.7619631290435791	-1.5512712001800537	-1.4010974168777466	-1.3379021883010864	-2.372333526611328	-1.0553568601608276
0.9948623180389404	0.20028528571128845	0.5859920382499695	-0.775676965713501	-0.6165319085121155	0.820494532585144	-0.16869185864925385	-1.3336690664291382	-0.0531005784869194	1.1910710334777832	2.458451271057129	-0.7487059831619263	-0.36640724539756775	1.181435465812683	-0.5711665749549866	-0.03396277874708176	1.8362668752670288	0.3007262349128723	0.6500824093818665	-0.23430050909519196	-2.3244576454162598	-0.38972264528274536	-0.16329805552959442	0.6333704590797424	0.3605557084083557	0.2456790655851364
0.20715083181858063	0.46478232741355896	0.4617868959903717	-1.1283327341079712	-1.0680005550384521	-0.12115815281867981	1.1207783222198486	0.7400151491165161	1.451249599456787	0.22124533355236053	-2.1902339458465576	0.8232892155647278	-0.019999150186777115	2.0523436069488525	0.08173506706953049	-0.34407585859298706	-1.4905415773391724	-1.3400113582611084	1.335701823234558	-0.8420684933662415	1.5084267854690552	-1.3301297426223755	-1.1520498991012573	0.29084616899490356	1.7203494310379028	-0.9129603505134583
0.9742085933685303	-0.5115085244178772	1.77205228805542	2.7308058738708496	-0.11492501944303513	-0.3302368223667145	-0.26121166348457336	-1.8823939561843872	-0.1429802030324936	-0.7176285982131958	-0.605445384979248	0.022493155673146248	-0.08871892839670181	0.5098918676376343	0.6110132336616516	0.42175349593162537	1.6317830085754395	-1.4787886142730713	-2.3327760696411133	-0.10557939112186432	1.2373034954071045	-1.753833293914795	0.4050363302230835	0.2893832325935364	-0.10958278179168701	-0.3305414617061615
-1.530571460723877	1.399875283241272	1.2535192966461182	0.6874145865440369	0.7761749029159546	0.6520110368728638	0.2928241789340973	1.9679532051086426	-1.6497914791107178	-0.8322879076004028	0.9081264734268188	-0.17022469639778137	0.4333987236022949	0.2473888397216797	-1.2948564291000366	-3.0988309383392334	-0.06075571849942207	1.4196665287017822	-0.7239450812339783	0.47366490960121155	-0.9571024179458618	1.499448537826538	-0.5661907196044922	-0.019890937954187393	0.19491654634475708	-0.23150163888931274
1.0402098894119263	0.9248554110527039	1.1200785636901855	-0.12530875205993652	-0.9577980637550354	0.3242919147014618	1.207880973815918	2.8206706047058105	0.7086316347122192	0.5705466866493225	-0.5731251239776611	0.057800550013780594	0.5451716780662537	0.6672917604446411	-0.4942066967487335	-0.10290231555700302	0.19261759519577026	0.04825698956847191	-2.3907992839813232	0.08188755065202713	-0.22383202612400055	0.10923169553279877	1.2038151025772095	-0.5912801623344421	0.4097084403038025	-1.408969759941101
0.7766546010971069	1.375616192817688	-0.9398470520973206	-0.36513662338256836	2.6952149868011475	-1.4036145210266113	-0.7184211611747742	1.0121780633926392	1.0782673358917236	0.19694025814533234	0.46791785955429077	2.365847587585449	-0.17876261472702026	0.48029446601867676	-1.8289711475372314	-1.2878834009170532	-0.7415767312049866	-0.5910301208496094	-1.9526151418685913	-1.9776357412338257	-0.42756959795951843	0.3555653989315033	0.3703046143054962	0.5147882103919983	-1.0993907451629639	0.6734892129898071
-0.48709481954574585	-0.04898911342024803	0.7261221408843994	2.218844413757324	0.2806287705898285	-1.2910009622573853	-0.27611759305000305	0.8229144215583801	-0.19826436042785645	-1.0088058710098267	0.41024625301361084	0.6147316098213196	-2.13002610206604	2.006085157394409	-0.235296830534935	0.7471814155578613	0.7264834642410278	1.0147439241409302	-0.008201018907129765	1.1941595077514648	0.8880133032798767	-1.3622024059295654	-0.7657262086868286	-0.9819232225418091	-1.1861157417297363	-0.41907796263694763
1.1931614875793457	-1.8571561574935913	-0.6086176633834839	-0.13883180916309357	-0.3263379633426666	1.2022420167922974	0.013171393424272537	-0.11497097462415695	-0.3186981678009033	-0.3994865417480469	0.18069586157798767	1.844929814338684	0.7793760895729065	-1.0277650356292725	-0.15612220764160156	1.4537479877471924	0.7042083144187927	1.2961856126785278	-1.4794849157333374	1.778759479522705	0.5740336775779724	0.25015562772750854	-2.0243701934814453	-0.2302500307559967	-0.2664581537246704	-0.10650119185447693
1.2755730152130127	-0.9535718560218811	-1.3301911354064941	0.41405555605888367	-0.5127542614936829	0.3623119592666626	-1.9153003692626953	-0.042216453701257706	-1.5663419961929321	1.5047293901443481	1.0367400646209717	-1.0004618167877197	1.5705841779708862	0.5222779512405396	-0.053489718586206436	-0.9749241471290588	-1.429235816001892	0.9563708901405334	0.19356989860534668	-0.5257842540740967	0.7254305481910706	1.0207905769348145	-0.04389231652021408	0.5670318603515625	-0.7225844860076904	-0.18421527743339539
-1.4116249084472656	0.5374776721000671	2.243177890777588	1.44431734085083	0.28947147727012634	-0.6626176834106445	0.5002415180206299	-2.267005205154419	1.3665775060653687	-1.7464659214019775	-1.7085511684417725	-0.48700135946273804	0.8799866437911987	1.2634621858596802	0.36164548993110657	0.8418335914611816	-0.9782447218894958	0.5680528283119202	0.7506099939346313	2.8005025386810303	-0.5890241861343384	0.32400593161582947	0.823907196521759	0.9221302270889282	1.00896155834198	1.4865537881851196
0.8071922063827515	-0.5625434517860413	0.16469642519950867	-0.5545584559440613	1.4516377449035645	1.4669876098632812	1.1529552936553955	-0.040908779948949814	-0.67539381980896	1.0951372385025024	-0.22318531572818756	1.0721278190612793	0.4431583285331726	-0.25990059971809387	0.5264394879341125	0.33849838376045227	-0.08458954095840454	-2.7568247318267822	-0.07146976888179779	-1.3290587663650513	0.25770413875579834	-1.0836541652679443	-0.3000476658344269	0.3367674648761749	-1.015297532081604	1.0501914024353027
-0.5604086518287659	-0.8506075739860535	0.13226772844791412	0.12970712780952454	1.2182999849319458	-0.5130088329315186	-0.1693621277809143	0.3538565933704376	-0.007064923644065857	0.7287375330924988	-0.862660825252533	-0.6017299890518188	-0.3851344585418701	0.1869967132806778	-1.980302095413208	0.7220773696899414	1.9906033277511597	-0.1818305253982544	-0.04516860097646713	-1.0378116369247437	0.6480715870857239	0.5441272854804993	-1.4588655233383179	-0.6531612873077393	1.1619718074798584	-0.9444833397865295
-1.5318032503128052	-0.014491315931081772	-1.7989774942398071	-0.7334754467010498	-1.589188814163208	0.47137677669525146	-1.0519351959228516	-1.4165441989898682	-0.7947905659675598	-0.4431275427341461	-0.3172682821750641	0.15766270458698273	0.2778516411781311	-0.653965413570404	-0.3711646795272827	-1.0069379806518555	0.5347347855567932	-0.8320874571800232	-0.5467832684516907	-0.42865103483200073	0.9769391417503357	-0.6923937201499939	-2.506044626235962	0.20447838306427002	-0.9534154534339905	-0.3382885456085205
-0.4279957115650177	0.5183596014976501	-1.524721384048462	0.9871009588241577	-0.8775346875190735	1.2692536115646362	0.3780490756034851	-1.2870670557022095	0.1383056491613388	0.28370410203933716	1.341222882270813	1.036749005317688	-0.41848063468933105	0.20885103940963745	-0.5323911905288696	-1.0801498889923096	-0.6594539880752563	-0.6143222451210022	1.423865795135498	0.38993680477142334	-0.09492135792970657	0.33282479643821716	2.056375741958618	0.24921472370624542	-0.47905656695365906	1.0454115867614746
-0.36593499779701233	-0.6183398962020874	1.3663067817687988	0.9614116549491882	-0.3922750949859619	-0.8406941294670105	0.39359232783317566	-0.28582271933555603	0.4418403208255768	0.7844843864440918	0.9333975911140442	-1.6619211435317993	-0.8233047127723694	-0.037083182483911514	-0.2947014570236206	-1.2373005151748657	-0.2704593241214752	-0.6531711220741272	1.205625057220459	-2.542509078979492	-0.5185750722885132	0.020506665110588074	-1.1200774908065796	-0.23565644025802612	-0.2214244306087494	0.012779014185070992
-0.5580171346664429	-1.3704744577407837	1.772975206375122	-0.44379037618637085	0.9076973795890808	0.48785197734832764	0.9802107214927673	-1.3760576248168945	-0.04700272157788277	0.785541832447052	-1.3632142543792725	0.9009379148483276	0.013718432746827602	-0.05282212048768997	1.8612911701202393	-0.26690980792045593	0.851361870765686	1.0648311376571655	-0.39363282918930054	0.6739183664321899	0.38523027300834656	0.05621880665421486	0.9243387579917908	-0.36662426590919495	1.2898870706558228	0.29333165287971497
1.894111156463623	0.15970268845558167	-0.09953399747610092	-0.08233573287725449	-0.7036831974983215	-2.2609965801239014	1.43917715549469	-0.38355425000190735	0.717803955078125	-0.8349509239196777	0.6911192536354065	-0.9489288926124573	1.3368486166000366	-0.7000867128372192	1.3108394145965576	0.9243249297142029	-0.061111047863960266	0.6003493070602417	0.49845051765441895	-0.04171519726514816	0.7582481503486633	0.5057290196418762	-0.7859959006309509	-0.012549404054880142	1.2058581113815308	1.087999939918518
0.6398606300354004	-0.7034053802490234	0.5739558935165405	-1.3204160928726196	0.007752871606498957	-1.185638189315796	-0.8895533680915833	0.9176983833312988	-0.07035297900438309	-1.1351605653762817	1.0655386447906494	-1.0708274841308594	0.126082643866539	0.8949088454246521	1.508636713027954	-0.3031662702560425	-0.31191569566726685	0.20352186262607574	0.26684248447418213	0.14022666215896606	-0.204183891415596	0.79135662317276	0.3719174563884735	-1.242334246635437	1.4454715251922607	-0.7584339380264282
-0.0031048974487930536	0.1982659250497818	1.0092962980270386	0.06485050171613693	0.6783711910247803	1.1697686910629272	-0.4618556499481201	0.5192493796348572	0.5341589450836182	0.3300676643848419	0.13252955675125122	-0.3072514235973358	-1.5691990852355957	-1.0750442743301392	-0.8769602179527283	0.41674983501434326	-0.931496798992157	0.23602920770645142	-0.17283044755458832	-0.7840619683265686	-0.48137417435646057	0.8300962448120117	-1.2981382608413696	-0.8366144895553589	-0.4067586660385132	-0.21137183904647827
0.8218496441841125	-1.444735050201416	0.4064266085624695	0.3795013725757599	-1.2224007844924927	-0.4717336893081665	1.1041502952575684	-0.6533759236335754	0.8046293258666992	-0.5930553078651428	-1.0408130884170532	0.23249344527721405	-0.753532886505127	0.20128095149993896	0.30062228441238403	1.5322685241699219	1.9780765771865845	-0.22051526606082916	0.5923734903335571	0.6057973504066467	-0.5544491410255432	0.45366933941841125	0.5409478545188904	0.6674203872680664	-0.14604902267456055	0.13729888200759888
0.6512032151222229	0.034374136477708817	-1.397130012512207	1.2594108581542969	-1.248568058013916	1.1196880340576172	-0.45962557196617126	-0.2521982491016388	-1.2436413764953613	0.7563004493713379	-0.6190710663795471	0.8298085331916809	-0.47558438777923584	0.7570335865020752	-0.4318912923336029	-0.37674784660339355	0.8481331467628479	-0.1749027520418167	1.4059115648269653	-1.5014985799789429	-0.28372785449028015	0.573573887348175	-0.39318037033081055	-0.603502631187439	1.1110731363296509	-0.25376418232917786
0.7219557166099548	0.053025562316179276	-1.3095448017120361	-1.0088692903518677	-0.5088408589363098	1.172232747077942	-0.7290306687355042	2.3482677936553955	3.1684410572052	-1.3174718618392944	1.456383466720581	0.048385635018348694	0.6801437139511108	1.8109732866287231	2.849006175994873	1.0505954027175903	-0.9259625673294067	-0.10279697924852371	-0.9445838332176208	0.37209004163742065	-2.2537479400634766	-0.19882552325725555	-0.9362990260124207	0.4092392921447754	-1.338028907775879	-1.1463443040847778
-1.2172017097473145	0.06765060871839523	0.5283425450325012	0.9314897656440735	-2.377814769744873	0.3670734167098999	0.4178308844566345	0.09183181822299957	-2.666412353515625	-0.6182304620742798	0.48544740676879883	-0.4695829451084137	-0.7493090033531189	-1.6456985473632812	0.8121649622917175	-0.39931154251098633	-1.7004607915878296	-1.3703968524932861	2.1548802852630615	-1.2456694841384888	-1.5551660060882568	-0.050501566380262375	1.2402801513671875	1.1171776056289673	0.9734182357788086	0.10686124116182327
1.3150887489318848	-2.213642120361328	0.2057914286851883	-0.7520447373390198	1.387420415878296	-0.9063674807548523	-1.6968380212783813	-0.2837855815887451	2.023984432220459	0.8805164694786072	-0.05439925193786621	-1.696539044380188	0.7624546885490417	1.214922547340393	-0.17085272073745728	-0.23012593388557434	-1.8942317962646484	1.4981398582458496	1.8906230926513672	-0.723124623298645	-0.76204913854599	1.7392604351043701	-1.5365793704986572	2.146596908569336	-0.37116944789886475	0.1838042140007019
-0.2051500529050827	-1.141251564025879	0.3821137547492981	-0.5937941074371338	-0.9400851726531982	1.3964018821716309	0.7010714411735535	-0.6643449664115906	0.5966756343841553	0.3369126319885254	-0.7434118390083313	0.9910225868225098	-0.5537382960319519	-0.09968044608831406	0.7340543270111084	0.6557354927062988	-0.5168450474739075	1.2439324855804443	0.2597745358943939	-1.6814501285552979	-0.3786606192588806	1.2018537521362305	-1.1121796369552612	-0.05801193788647652	-2.0514345169067383	2.1488890647888184
-0.21046116948127747	-0.41856151819229126	0.9850999712944031	0.9355124235153198	-0.5162010788917542	0.07040851563215256	-1.3379875421524048	2.109903335571289	0.8864124417304993	0.35091960430145264	-0.440847784280777	0.3678692877292633	0.637508749961853	-0.7977995872497559	-0.6131858229637146	1.3555294275283813	0.7930859327316284	-0.5261760354042053	-0.5875731706619263	0.4999971091747284	-0.11771261692047119	-0.7124127149581909	0.41354021430015564	1.5849435329437256	-0.32643523812294006	-0.4784635007381439
-2.1528830528259277	-2.1891939640045166	0.9250838160514832	-0.6649680733680725	-0.306328684091568	-2.6085939407348633	-0.008668826892971992	2.021393299102783	0.8537454605102539	0.6831440925598145	0.5024448037147522	2.140820026397705	-0.1734939068555832	0.5484620332717896	-0.31388887763023376	-0.04949529469013214	0.1257261335849762	1.3478440046310425	-0.328572154045105	0.014758865348994732	-1.0620701313018799	1.2978475093841553	0.05713041126728058	1.5416154861450195	-0.013225441798567772	-0.25873157382011414
-0.8493713140487671	1.465920329093933	-1.1647988557815552	-0.9643319845199585	-0.4271238446235657	1.870332956314087	2.4865360260009766	1.19407320022583	-0.8237489461898804	-0.3801819384098053	0.11617440730333328	-0.49766573309898376	0.3587806224822998	0.900067925453186	0.7264982461929321	-1.1544901132583618	-1.262393593788147	-0.41130226850509644	-1.1227355003356934	1.2964075803756714	0.5163352489471436	-0.34620776772499084	0.7888527512550354	-1.0367839336395264	-2.052109479904175	1.1507165431976318
0.5258240699768066	0.7685961723327637	-0.6560670137405396	-0.11704648286104202	1.2286335229873657	-0.5135691165924072	-0.2897908091545105	0.44250285625457764	0.14182227849960327	1.6049233675003052	-0.9851781129837036	0.7674546837806702	-1.4623746871948242	-1.766362190246582	-1.5703788995742798	-0.7656182646751404	1.656538724899292	-0.713654637336731	-0.6149880886077881	0.8672494292259216	0.13907921314239502	0.9304378628730774	-0.6807368397712708	1.7846843004226685	-0.9196892976760864	-0.47853708267211914
-0.17757336795330048	0.5319135785102844	0.6478109955787659	1.8242597579956055	1.813850998878479	-0.05702730640769005	0.4617355465888977	-2.469412326812744	-0.4289330840110779	0.7549995183944702	-0.42998164892196655	-0.7001612186431885	1.9710667133331299	-0.9033341407775879	1.0525761842727661	0.18335139751434326	1.1829558610916138	-1.3935493230819702	-1.42279851436615	0.9354211688041687	0.10070937126874924	0.22623702883720398	-0.016358790919184685	1.4070743322372437	-0.5252231359481812	0.9251772165298462
0.2919272482395172	1.786112904548645	-0.8966114521026611	-0.5697548985481262	0.21215876936912537	-0.24091380834579468	-0.36135318875312805	-1.6223701238632202	-0.09349793195724487	-0.17845524847507477	-0.07421595603227615	-0.7695910334587097	0.4657607078552246	0.651928186416626	-0.04167831316590309	0.06274416297674179	-1.9060759544372559	0.9039517641067505	-0.6832360029220581	2.595731258392334	1.1139041185379028	-0.12006478011608124	0.0810207650065422	-0.3656490445137024	1.3507431745529175	-0.5713229775428772
0.587759792804718	-0.15275876224040985	-0.36724695563316345	-0.5164990425109863	0.9250528812408447	0.4565751254558563	-1.023890733718872	-0.07777838408946991	-0.13166670501232147	-1.1503299474716187	-0.015330645255744457	-0.7940177321434021	0.1547311395406723	-1.3013108968734741	0.9464696049690247	1.4212169647216797	-0.795013427734375	-0.8086888790130615	-0.16485874354839325	-0.9672549962997437	-0.1898808628320694	-1.9145259857177734	0.28761497139930725	0.045712679624557495	-0.22649914026260376	-0.03850388899445534
-1.050614833831787	0.469510555267334	-0.8398318290710449	-1.5087103843688965	0.1570647656917572	0.7740756273269653	0.7818757891654968	0.0044779349118471146	0.8639610409736633	1.025179386138916	-0.23854504525661469	2.063537359237671	-1.6468145847320557	0.2887771427631378	0.9207396507263184	-0.19727645814418793	-0.7817999720573425	-1.0766746997833252	-0.5206275582313538	1.4802770614624023	-0.3295639455318451	0.27632495760917664	-0.609947144985199	0.3948659896850586	-0.16304555535316467	-2.7295470237731934
0.04365665093064308	-0.8518552780151367	1.6123255491256714	-0.8087327480316162	0.7311661243438721	2.320556163787842	-1.0882302522659302	-0.5484437942504883	-0.25765469670295715	1.5311808586120605	-0.8855858445167542	1.5864217281341553	0.4213106036186218	1.999417781829834	-0.43695586919784546	-0.6372506618499756	-0.3712432384490967	-0.33607855439186096	0.06161287799477577	-1.7325308322906494	0.6034285426139832	0.9741531610488892	-2.2615432739257812	0.19134527444839478	0.7796233892440796	0.776474118232727
-0.10112421214580536	0.3713097870349884	0.6907410621643066	-1.0798249244689941	-1.0510389804840088	0.5727258920669556	0.34561994671821594	0.5896085500717163	0.7375525236129761	-0.36826932430267334	-1.0402616262435913	-1.6545941829681396	-0.17874394357204437	1.1499305963516235	-1.0382071733474731	0.5854160189628601	-0.5289278626441956	0.37950602173805237	0.957990288734436	-1.8836673498153687	0.18100528419017792	-0.2603875994682312	0.7805225253105164	-1.0146797895431519	-1.3560056686401367	-1.7219784259796143
